cooperative_village_merger_id,cooperative_id,village_id,created_at,updated_at
1,18782,1,2025-07-14 05:23:13,2025-08-06 05:23:13
2,41521,2,2025-02-03 21:05:38,2025-03-03 21:05:38
3,69831,3,2025-03-26 17:37:50,2025-04-20 17:37:50
4,40834,4,2025-03-28 22:07:29,2025-04-01 22:07:29
5,22556,5,2025-04-27 17:08:36,2025-05-01 17:08:36
6,19298,6,2025-04-19 15:53:17,2025-05-01 15:53:17
7,58029,7,2025-06-30 04:29:02,2025-07-29 04:29:02
8,53227,8,2025-05-05 17:16:29,2025-05-24 17:16:29
9,19067,9,2024-12-28 04:45:55,2024-12-31 04:45:55
10,8057,10,2025-09-08 04:32:05,2025-09-23 04:32:05
11,25698,11,2025-02-15 11:56:07,2025-02-17 11:56:07
12,18727,12,2025-03-08 21:15:38,2025-03-08 21:15:38
13,16666,13,2025-03-09 13:51:20,2025-04-08 13:51:20
14,9153,14,2025-07-10 00:58:37,2025-07-11 00:58:37
15,48857,15,2025-04-26 14:59:16,2025-05-14 14:59:16
16,3967,16,2025-10-16 22:51:30,2025-11-04 22:51:30
17,10253,17,2025-05-25 05:13:28,2025-05-27 05:13:28
18,43829,18,2025-10-14 09:03:38,2025-10-22 09:03:38
19,15868,19,2025-05-21 07:31:12,2025-06-01 07:31:12
20,23637,20,2025-08-30 07:35:13,2025-08-30 07:35:13
21,12976,21,2025-05-11 14:45:21,2025-05-23 14:45:21
22,48289,22,2025-07-16 01:05:14,2025-08-03 01:05:14
23,57558,23,2025-05-21 09:06:44,2025-06-08 09:06:44
24,13235,24,2025-06-27 10:19:20,2025-06-27 10:19:20
25,58428,25,2025-04-13 06:26:04,2025-04-17 06:26:04
26,32930,26,2025-05-24 14:59:48,2025-06-02 14:59:48
27,13344,27,2025-08-30 14:49:08,2025-09-21 14:49:08
28,8057,28,2025-08-22 08:42:55,2025-09-17 08:42:55
29,65793,29,2025-01-24 10:38:41,2025-02-02 10:38:41
30,385,30,2025-09-11 16:47:34,2025-09-30 16:47:34
31,19614,31,2025-09-24 05:33:57,2025-10-14 05:33:57
32,66952,32,2025-07-03 16:47:13,2025-07-23 16:47:13
33,69534,33,2025-06-06 08:17:43,2025-06-27 08:17:43
34,46514,34,2025-07-09 23:59:36,2025-08-06 23:59:36
35,12387,35,2025-07-09 16:15:02,2025-08-01 16:15:02
36,54313,36,2025-04-27 03:37:34,2025-05-24 03:37:34
37,70915,37,2025-01-01 13:46:43,2025-01-09 13:46:43
38,40322,38,2025-08-10 09:21:55,2025-09-01 09:21:55
39,687,39,2025-07-26 22:52:23,2025-07-30 22:52:23
40,5359,40,2025-01-02 17:57:10,2025-01-19 17:57:10
41,11002,41,2025-02-22 21:00:43,2025-03-03 21:00:43
42,3990,42,2025-02-15 22:26:48,2025-02-23 22:26:48
43,36942,43,2025-07-11 04:55:16,2025-07-30 04:55:16
44,24063,44,2025-07-26 07:41:20,2025-07-30 07:41:20
45,29279,45,2025-09-28 01:11:25,2025-10-04 01:11:25
46,33556,46,2025-05-26 07:35:57,2025-06-25 07:35:57
47,67200,47,2025-01-06 21:18:56,2025-01-26 21:18:56
48,37469,48,2025-07-06 22:30:06,2025-07-12 22:30:06
49,14104,49,2025-01-06 23:21:13,2025-01-21 23:21:13
50,62686,50,2025-09-12 09:29:27,2025-10-06 09:29:27
51,69427,51,2025-03-16 00:14:46,2025-04-11 00:14:46
52,14174,52,2025-03-11 22:25:20,2025-03-24 22:25:20
53,44338,53,2025-06-30 20:57:59,2025-07-23 20:57:59
54,62505,54,2025-05-28 07:30:18,2025-06-13 07:30:18
55,11676,55,2025-07-27 06:52:31,2025-08-10 06:52:31
56,23445,56,2025-09-02 11:45:54,2025-10-02 11:45:54
57,35277,57,2025-05-05 08:20:37,2025-05-15 08:20:37
58,63715,58,2025-03-03 03:05:35,2025-04-01 03:05:35
59,78615,59,2025-05-05 07:30:45,2025-05-12 07:30:45
60,45254,60,2025-05-27 00:06:02,2025-06-15 00:06:02
61,66705,61,2025-05-08 23:23:22,2025-05-15 23:23:22
62,67392,62,2025-05-21 15:17:44,2025-06-16 15:17:44
63,19905,63,2025-08-03 02:02:58,2025-08-22 02:02:58
64,58052,64,2025-03-07 15:49:35,2025-03-25 15:49:35
65,24027,65,2025-06-06 11:21:14,2025-06-12 11:21:14
66,67001,66,2025-07-24 09:14:01,2025-08-05 09:14:01
67,34079,67,2025-04-17 18:32:06,2025-05-05 18:32:06
68,22791,68,2025-09-18 07:49:39,2025-10-18 07:49:39
69,45995,69,2025-10-28 10:59:45,2025-11-21 10:59:45
70,6913,70,2025-02-11 02:35:57,2025-03-10 02:35:57
71,30845,71,2025-07-23 02:03:36,2025-07-23 02:03:36
72,21638,72,2025-01-02 16:31:28,2025-01-12 16:31:28
73,38647,73,2025-04-28 08:33:17,2025-05-01 08:33:17
74,21852,74,2025-08-05 12:19:37,2025-08-05 12:19:37
75,12172,75,2025-05-18 02:32:57,2025-05-29 02:32:57
76,77222,76,2025-02-03 01:31:36,2025-03-05 01:31:36
77,5499,77,2025-04-12 18:43:25,2025-05-10 18:43:25
78,52813,78,2025-09-13 22:25:28,2025-09-24 22:25:28
79,18882,79,2025-08-06 05:09:22,2025-08-09 05:09:22
80,77145,80,2025-09-06 22:40:55,2025-09-21 22:40:55
81,69526,81,2025-06-17 15:21:55,2025-06-21 15:21:55
82,43739,82,2025-03-11 05:23:04,2025-03-28 05:23:04
83,39249,83,2025-05-15 07:59:07,2025-05-29 07:59:07
84,51699,84,2025-03-04 19:03:15,2025-03-28 19:03:15
85,7517,85,2025-01-08 15:53:46,2025-02-03 15:53:46
86,74838,86,2025-03-02 23:20:30,2025-03-30 23:20:30
87,60226,87,2025-06-18 12:10:03,2025-07-16 12:10:03
88,16862,88,2025-07-12 16:08:51,2025-07-29 16:08:51
89,18854,89,2025-09-02 11:36:56,2025-09-19 11:36:56
90,35834,90,2025-03-05 10:38:07,2025-03-13 10:38:07
91,54379,91,2025-06-24 13:52:53,2025-07-18 13:52:53
92,13907,92,2025-06-15 02:29:49,2025-06-27 02:29:49
93,47586,93,2025-03-27 07:52:26,2025-03-30 07:52:26
94,60357,94,2025-08-09 16:36:04,2025-08-29 16:36:04
95,32355,95,2025-03-23 13:18:31,2025-04-07 13:18:31
96,40886,96,2025-10-22 23:29:22,2025-10-26 23:29:22
97,67338,97,2025-01-13 02:44:59,2025-01-28 02:44:59
98,64028,98,2025-05-27 03:50:08,2025-05-28 03:50:08
99,47643,99,2025-09-09 13:40:23,2025-10-01 13:40:23
100,25233,100,2025-01-04 07:24:16,2025-01-26 07:24:16
101,4435,101,2025-10-31 02:08:13,2025-11-26 02:08:13
102,47602,102,2025-05-23 02:50:37,2025-06-08 02:50:37
103,35190,103,2025-02-07 18:24:14,2025-02-11 18:24:14
104,16978,104,2025-03-05 13:33:52,2025-03-20 13:33:52
105,70769,105,2025-01-25 09:51:59,2025-02-22 09:51:59
106,77924,106,2025-02-03 11:34:50,2025-02-27 11:34:50
107,64675,107,2025-10-02 04:16:25,2025-11-01 04:16:25
108,53175,108,2025-10-02 21:50:16,2025-10-23 21:50:16
109,36776,109,2025-01-10 02:55:32,2025-02-09 02:55:32
110,21829,110,2025-04-06 14:34:34,2025-04-09 14:34:34
111,62773,111,2025-01-25 21:30:30,2025-02-02 21:30:30
112,37359,112,2025-09-06 17:25:51,2025-10-06 17:25:51
113,26772,113,2025-10-16 15:07:51,2025-10-20 15:07:51
114,75482,114,2025-05-05 09:20:54,2025-05-09 09:20:54
115,10277,115,2025-06-02 18:20:25,2025-06-14 18:20:25
116,22162,116,2025-09-28 03:51:19,2025-10-18 03:51:19
117,25462,117,2025-08-21 14:11:43,2025-09-05 14:11:43
118,68945,118,2025-06-07 10:19:39,2025-06-11 10:19:39
119,2056,119,2025-05-11 09:00:49,2025-06-01 09:00:49
120,50448,120,2025-05-10 23:46:33,2025-05-16 23:46:33
121,37096,121,2025-07-30 22:36:57,2025-08-08 22:36:57
122,27025,122,2025-08-01 19:53:54,2025-08-13 19:53:54
123,51020,123,2025-02-13 21:54:43,2025-02-17 21:54:43
124,62069,124,2025-09-22 07:30:54,2025-10-21 07:30:54
125,36693,125,2025-06-03 21:59:50,2025-06-03 21:59:50
126,49507,126,2025-07-31 19:09:54,2025-08-26 19:09:54
127,37654,127,2025-05-20 00:45:03,2025-06-03 00:45:03
128,45776,128,2025-09-12 07:11:42,2025-09-22 07:11:42
129,14207,129,2025-04-24 01:16:04,2025-05-02 01:16:04
130,58723,130,2025-01-09 07:27:49,2025-01-29 07:27:49
131,11089,131,2025-10-04 01:20:55,2025-10-04 01:20:55
132,35942,132,2025-01-03 12:38:44,2025-01-10 12:38:44
133,27113,133,2025-01-01 02:00:51,2025-01-26 02:00:51
134,39116,134,2025-02-01 09:04:10,2025-02-07 09:04:10
135,66127,135,2025-03-03 03:38:08,2025-03-12 03:38:08
136,30590,136,2025-05-31 02:47:09,2025-06-18 02:47:09
137,26638,137,2025-09-28 05:39:53,2025-10-14 05:39:53
138,4051,138,2025-03-19 12:48:33,2025-04-11 12:48:33
139,27853,139,2025-09-07 13:10:06,2025-09-24 13:10:06
140,20603,140,2025-09-12 14:25:34,2025-09-22 14:25:34
141,54241,141,2025-06-12 14:25:57,2025-06-23 14:25:57
142,26258,142,2025-09-04 19:43:02,2025-09-11 19:43:02
143,11858,143,2024-12-31 09:29:24,2025-01-13 09:29:24
144,16090,144,2025-02-11 10:34:04,2025-03-06 10:34:04
145,70215,145,2025-03-05 07:33:44,2025-03-06 07:33:44
146,19355,146,2025-04-05 00:03:54,2025-04-26 00:03:54
147,45073,147,2025-09-01 14:07:46,2025-10-01 14:07:46
148,15864,148,2025-03-18 07:10:21,2025-03-26 07:10:21
149,62198,149,2025-02-24 20:07:43,2025-03-07 20:07:43
150,73149,150,2025-05-27 04:05:13,2025-06-04 04:05:13
151,12039,151,2025-08-19 20:34:49,2025-09-18 20:34:49
152,12840,152,2025-01-16 19:52:21,2025-01-20 19:52:21
153,12683,153,2025-02-17 20:25:39,2025-03-05 20:25:39
154,34618,154,2025-01-25 21:43:02,2025-02-12 21:43:02
155,46539,155,2025-06-17 17:31:06,2025-07-05 17:31:06
156,7135,156,2025-10-15 02:07:21,2025-10-15 02:07:21
157,28460,157,2025-05-13 23:37:40,2025-05-19 23:37:40
158,32065,158,2025-07-05 09:29:45,2025-07-31 09:29:45
159,53163,159,2025-05-06 00:37:01,2025-05-07 00:37:01
160,80504,160,2025-09-24 19:51:15,2025-10-21 19:51:15
161,16576,161,2025-03-29 11:50:15,2025-04-15 11:50:15
162,14129,162,2025-02-19 12:15:54,2025-02-20 12:15:54
163,6477,163,2025-02-25 03:15:30,2025-03-10 03:15:30
164,26349,164,2025-02-04 12:51:37,2025-03-04 12:51:37
165,73921,165,2025-05-17 02:07:35,2025-05-25 02:07:35
166,9120,166,2025-08-09 09:03:14,2025-09-06 09:03:14
167,61868,167,2024-12-29 02:00:08,2025-01-14 02:00:08
168,66347,168,2025-02-11 03:43:48,2025-02-17 03:43:48
169,19829,169,2025-08-05 06:47:22,2025-08-15 06:47:22
170,10016,170,2025-07-28 04:39:23,2025-08-02 04:39:23
171,74354,171,2025-07-24 08:22:30,2025-07-31 08:22:30
172,31452,172,2025-08-13 20:10:41,2025-08-16 20:10:41
173,73853,173,2025-10-05 21:02:46,2025-10-09 21:02:46
174,38312,174,2025-04-28 16:46:55,2025-04-29 16:46:55
175,20093,175,2025-10-01 13:41:48,2025-10-01 13:41:48
176,52232,176,2025-09-28 03:09:08,2025-10-13 03:09:08
177,64690,177,2025-06-06 04:00:48,2025-07-02 04:00:48
178,63557,178,2025-09-11 21:55:38,2025-10-07 21:55:38
179,76273,179,2025-05-25 11:53:52,2025-06-17 11:53:52
180,45726,180,2025-07-26 12:18:43,2025-08-18 12:18:43
181,76697,181,2025-07-02 04:39:03,2025-07-05 04:39:03
182,36089,182,2025-09-13 12:54:20,2025-09-20 12:54:20
183,9601,183,2025-04-20 13:56:14,2025-05-20 13:56:14
184,74517,184,2025-09-22 06:51:46,2025-09-27 06:51:46
185,10133,185,2025-08-09 15:55:55,2025-08-11 15:55:55
186,32499,186,2025-05-24 13:23:10,2025-05-27 13:23:10
187,46299,187,2025-09-25 23:09:00,2025-10-10 23:09:00
188,56436,188,2025-10-09 08:06:12,2025-10-22 08:06:12
189,71181,189,2025-03-09 08:47:45,2025-03-30 08:47:45
190,79502,190,2025-09-13 00:33:19,2025-10-01 00:33:19
191,1141,191,2025-08-13 13:42:48,2025-09-01 13:42:48
192,80322,192,2025-07-22 13:20:08,2025-07-30 13:20:08
193,24471,193,2025-04-02 23:32:43,2025-04-23 23:32:43
194,75188,194,2025-05-28 19:58:16,2025-05-30 19:58:16
195,25421,195,2025-04-07 09:03:39,2025-04-11 09:03:39
196,859,196,2025-06-28 05:42:27,2025-07-20 05:42:27
197,32129,197,2025-04-24 14:03:33,2025-05-23 14:03:33
198,75349,198,2025-09-05 19:14:52,2025-09-26 19:14:52
199,40812,199,2025-09-15 19:13:46,2025-10-10 19:13:46
200,59654,200,2024-12-30 13:20:43,2025-01-12 13:20:43
201,6514,201,2025-07-03 21:50:47,2025-07-27 21:50:47
202,74499,202,2025-10-02 20:25:50,2025-10-30 20:25:50
203,7537,203,2025-04-28 15:09:43,2025-05-25 15:09:43
204,43753,204,2025-05-16 01:26:27,2025-06-15 01:26:27
205,72154,205,2025-06-24 17:04:54,2025-07-16 17:04:54
206,48646,206,2025-02-19 07:48:34,2025-03-01 07:48:34
207,3626,207,2025-03-29 06:37:32,2025-04-13 06:37:32
208,28019,208,2025-10-24 18:13:13,2025-11-12 18:13:13
209,76021,209,2025-01-17 04:10:16,2025-01-27 04:10:16
210,51079,210,2025-01-04 02:50:07,2025-01-06 02:50:07
211,36742,211,2025-09-12 07:58:42,2025-10-08 07:58:42
212,29976,212,2025-04-02 19:12:21,2025-04-25 19:12:21
213,79808,213,2025-06-09 11:33:29,2025-06-15 11:33:29
214,60983,214,2025-06-20 01:48:41,2025-06-24 01:48:41
215,29200,215,2025-10-10 13:17:59,2025-10-26 13:17:59
216,31642,216,2025-10-09 04:09:40,2025-10-27 04:09:40
217,34658,217,2025-09-02 07:16:21,2025-09-06 07:16:21
218,27482,218,2025-06-20 10:40:06,2025-06-21 10:40:06
219,46326,219,2025-10-28 20:41:56,2025-11-10 20:41:56
220,60248,220,2025-01-30 16:44:17,2025-02-14 16:44:17
221,58661,221,2024-12-29 21:50:51,2025-01-04 21:50:51
222,64944,222,2025-03-09 17:23:08,2025-03-28 17:23:08
223,13831,223,2025-09-03 02:28:27,2025-09-29 02:28:27
224,79007,224,2025-10-10 23:26:00,2025-10-14 23:26:00
225,6858,225,2025-02-14 13:40:53,2025-03-16 13:40:53
226,48203,226,2025-08-15 09:54:49,2025-08-19 09:54:49
227,56822,227,2025-06-24 18:16:27,2025-07-06 18:16:27
228,73846,228,2025-09-05 14:34:06,2025-10-05 14:34:06
229,6653,229,2025-03-14 09:37:40,2025-04-03 09:37:40
230,16063,230,2025-08-30 19:36:23,2025-09-28 19:36:23
231,26105,231,2025-07-08 05:55:16,2025-07-18 05:55:16
232,30849,232,2025-03-01 14:11:48,2025-03-01 14:11:48
233,45971,233,2025-06-27 10:29:38,2025-07-04 10:29:38
234,31545,234,2025-07-06 11:25:09,2025-07-27 11:25:09
235,59553,235,2025-08-29 22:10:37,2025-09-09 22:10:37
236,34341,236,2025-02-21 11:35:58,2025-03-16 11:35:58
237,61880,237,2025-05-16 13:04:14,2025-06-11 13:04:14
238,34519,238,2025-01-25 02:39:50,2025-02-16 02:39:50
239,52899,239,2025-09-08 23:15:46,2025-09-21 23:15:46
240,47323,240,2025-01-27 21:16:56,2025-02-26 21:16:56
241,40012,241,2025-05-13 08:39:05,2025-06-08 08:39:05
242,12304,242,2025-02-03 05:09:10,2025-03-03 05:09:10
243,18549,243,2025-06-08 11:30:36,2025-06-20 11:30:36
244,4985,244,2025-04-17 05:31:48,2025-04-19 05:31:48
245,53172,245,2025-05-11 10:01:00,2025-05-20 10:01:00
246,56924,246,2025-04-10 15:02:49,2025-05-06 15:02:49
247,31976,247,2025-05-27 04:39:50,2025-06-19 04:39:50
248,54297,248,2024-12-29 06:27:41,2025-01-16 06:27:41
249,17027,249,2025-08-11 07:35:39,2025-08-18 07:35:39
250,12893,250,2025-10-08 12:00:54,2025-10-21 12:00:54
251,18589,251,2025-03-11 17:02:39,2025-04-02 17:02:39
252,38049,252,2025-06-10 23:00:38,2025-06-11 23:00:38
253,31191,253,2025-08-02 17:34:04,2025-08-29 17:34:04
254,35260,254,2025-05-05 12:19:34,2025-05-16 12:19:34
255,11809,255,2025-07-24 21:52:06,2025-08-03 21:52:06
256,58613,256,2025-10-08 19:02:27,2025-10-09 19:02:27
257,67270,257,2025-06-14 07:54:37,2025-07-02 07:54:37
258,45613,258,2025-07-19 01:07:41,2025-08-07 01:07:41
259,52684,259,2025-03-17 05:01:54,2025-04-04 05:01:54
260,20789,260,2025-04-21 21:12:43,2025-05-19 21:12:43
261,22241,261,2025-09-02 22:59:10,2025-09-29 22:59:10
262,1005,262,2025-05-31 18:21:16,2025-06-14 18:21:16
263,70462,263,2025-04-29 02:50:58,2025-05-05 02:50:58
264,51448,264,2025-05-21 13:57:32,2025-05-27 13:57:32
265,49226,265,2025-04-23 10:15:02,2025-04-26 10:15:02
266,78402,266,2025-05-20 18:06:45,2025-05-27 18:06:45
267,48662,267,2025-04-10 23:33:14,2025-05-05 23:33:14
268,24170,268,2025-04-23 00:50:17,2025-05-22 00:50:17
269,43472,269,2025-08-09 19:46:21,2025-08-12 19:46:21
270,29320,270,2025-10-16 11:40:04,2025-11-13 11:40:04
271,13966,271,2025-01-28 13:03:35,2025-02-12 13:03:35
272,39977,272,2025-03-24 12:45:58,2025-04-22 12:45:58
273,64141,273,2025-01-03 09:06:36,2025-01-05 09:06:36
274,29503,274,2025-01-05 22:30:08,2025-01-06 22:30:08
275,69462,275,2025-02-03 21:50:17,2025-02-17 21:50:17
276,17656,276,2025-05-30 09:24:50,2025-06-28 09:24:50
277,15337,277,2025-06-25 16:46:07,2025-07-14 16:46:07
278,35946,278,2025-09-03 01:33:50,2025-09-23 01:33:50
279,21644,279,2025-01-28 13:21:13,2025-02-22 13:21:13
280,71786,280,2025-02-28 23:56:22,2025-03-17 23:56:22
281,50066,281,2025-01-13 16:32:47,2025-01-18 16:32:47
282,42665,282,2025-07-06 10:26:02,2025-07-11 10:26:02
283,2808,283,2025-05-23 05:09:29,2025-05-27 05:09:29
284,4175,284,2025-03-31 07:24:01,2025-04-27 07:24:01
285,78565,285,2025-01-26 15:06:38,2025-02-11 15:06:38
286,52621,286,2025-01-01 13:29:30,2025-01-07 13:29:30
287,5212,287,2025-08-19 12:38:29,2025-08-25 12:38:29
288,30077,288,2025-09-28 07:30:26,2025-10-19 07:30:26
289,9108,289,2025-02-21 19:32:06,2025-03-16 19:32:06
290,38038,290,2025-08-11 01:58:37,2025-08-18 01:58:37
291,59871,291,2025-10-08 21:13:02,2025-10-31 21:13:02
292,36160,292,2025-07-25 04:42:48,2025-08-11 04:42:48
293,10901,293,2025-04-02 23:54:01,2025-04-07 23:54:01
294,8375,294,2025-06-02 21:13:28,2025-06-24 21:13:28
295,61435,295,2025-10-05 12:29:08,2025-10-19 12:29:08
296,14407,296,2025-07-07 08:03:26,2025-07-25 08:03:26
297,20309,297,2025-01-28 06:38:54,2025-01-29 06:38:54
298,37399,298,2025-05-20 13:00:16,2025-06-03 13:00:16
299,78632,299,2025-03-30 21:17:15,2025-04-23 21:17:15
300,28597,300,2025-08-17 07:43:16,2025-08-23 07:43:16
301,49244,301,2025-08-21 07:05:57,2025-09-07 07:05:57
302,65488,302,2025-10-18 19:29:08,2025-10-20 19:29:08
303,18350,303,2025-09-21 10:05:38,2025-09-21 10:05:38
304,15467,304,2025-04-23 09:19:06,2025-05-08 09:19:06
305,21713,305,2025-10-11 15:42:55,2025-10-21 15:42:55
306,40148,306,2024-12-27 17:17:28,2025-01-25 17:17:28
307,32171,307,2025-07-11 03:25:42,2025-07-29 03:25:42
308,60134,308,2025-07-26 20:25:35,2025-07-28 20:25:35
309,35486,309,2025-09-02 10:54:13,2025-09-18 10:54:13
310,64174,310,2025-09-12 09:24:08,2025-09-30 09:24:08
311,36060,311,2025-07-22 05:35:39,2025-07-30 05:35:39
312,4421,312,2025-01-16 18:32:53,2025-02-06 18:32:53
313,39540,313,2025-02-27 19:05:11,2025-03-17 19:05:11
314,44687,314,2025-03-19 01:43:15,2025-04-16 01:43:15
315,51453,315,2025-07-06 19:24:53,2025-08-03 19:24:53
316,25096,316,2025-10-01 02:38:35,2025-10-05 02:38:35
317,2935,317,2025-10-26 13:55:15,2025-11-18 13:55:15
318,712,318,2025-04-24 08:23:00,2025-04-27 08:23:00
319,27549,319,2025-08-19 21:08:30,2025-09-15 21:08:30
320,59959,320,2025-04-01 08:25:59,2025-04-12 08:25:59
321,49164,321,2025-05-19 17:41:04,2025-06-15 17:41:04
322,75967,322,2025-07-29 06:59:47,2025-08-26 06:59:47
323,6715,323,2025-07-18 06:14:57,2025-08-10 06:14:57
324,53214,324,2025-10-23 20:37:17,2025-11-16 20:37:17
325,66115,325,2025-02-25 18:27:53,2025-03-01 18:27:53
326,79344,326,2025-04-29 18:15:20,2025-05-27 18:15:20
327,2955,327,2025-10-25 14:29:38,2025-11-12 14:29:38
328,8964,328,2025-03-01 15:04:09,2025-03-15 15:04:09
329,67663,329,2025-09-24 23:30:06,2025-10-24 23:30:06
330,77375,330,2025-06-19 07:38:57,2025-07-15 07:38:57
331,65269,331,2025-04-02 21:36:05,2025-04-27 21:36:05
332,58597,332,2025-03-10 02:25:02,2025-03-11 02:25:02
333,66977,333,2025-02-22 11:40:58,2025-03-24 11:40:58
334,29570,334,2025-10-29 06:58:41,2025-11-05 06:58:41
335,76519,335,2025-02-16 22:17:19,2025-03-09 22:17:19
336,10635,336,2025-02-16 21:02:48,2025-02-20 21:02:48
337,13,337,2025-06-29 16:23:32,2025-07-01 16:23:32
338,47604,338,2025-08-06 13:27:44,2025-08-20 13:27:44
339,4695,339,2025-07-19 02:55:43,2025-07-23 02:55:43
340,61395,340,2025-04-23 06:56:17,2025-05-19 06:56:17
341,2532,341,2025-09-13 02:36:06,2025-10-13 02:36:06
342,63815,342,2025-09-04 22:05:24,2025-09-30 22:05:24
343,53378,343,2025-03-14 02:10:59,2025-04-03 02:10:59
344,54529,344,2025-03-30 05:51:57,2025-04-15 05:51:57
345,26309,345,2025-02-05 08:48:14,2025-03-05 08:48:14
346,32160,346,2025-04-09 08:25:01,2025-04-10 08:25:01
347,73163,347,2025-01-07 02:16:57,2025-02-04 02:16:57
348,18486,348,2025-06-18 14:21:07,2025-07-10 14:21:07
349,30013,349,2025-05-26 04:31:47,2025-06-12 04:31:47
350,14797,350,2025-07-17 02:38:52,2025-08-13 02:38:52
351,72194,351,2025-06-02 18:40:44,2025-06-12 18:40:44
352,26469,352,2025-01-25 13:57:09,2025-02-19 13:57:09
353,23961,353,2025-07-21 20:39:17,2025-07-26 20:39:17
354,3930,354,2025-08-16 21:51:32,2025-08-30 21:51:32
355,71726,355,2025-04-20 20:42:32,2025-04-26 20:42:32
356,32478,356,2025-08-01 10:50:05,2025-08-11 10:50:05
357,78932,357,2025-07-19 02:05:30,2025-08-11 02:05:30
358,48028,358,2025-04-10 15:06:20,2025-05-09 15:06:20
359,31967,359,2025-06-04 13:54:09,2025-06-08 13:54:09
360,28184,360,2025-02-11 11:20:38,2025-02-19 11:20:38
361,1730,361,2025-09-01 00:56:26,2025-09-30 00:56:26
362,34932,362,2025-02-08 13:54:20,2025-02-09 13:54:20
363,7014,363,2025-07-29 09:18:25,2025-08-02 09:18:25
364,35947,364,2025-01-10 09:19:03,2025-02-06 09:19:03
365,53792,365,2025-03-14 03:49:12,2025-04-08 03:49:12
366,12002,366,2025-04-28 11:13:15,2025-05-14 11:13:15
367,37892,367,2025-01-13 11:08:37,2025-02-05 11:08:37
368,40392,368,2025-10-04 08:25:58,2025-10-13 08:25:58
369,26690,369,2025-09-05 19:06:07,2025-10-05 19:06:07
370,21272,370,2025-03-07 01:14:38,2025-04-01 01:14:38
371,79925,371,2025-04-04 20:33:36,2025-05-02 20:33:36
372,7987,372,2025-09-08 17:25:20,2025-09-13 17:25:20
373,30876,373,2025-02-19 13:42:33,2025-02-19 13:42:33
374,74573,374,2025-05-03 16:15:57,2025-05-10 16:15:57
375,77802,375,2025-09-29 15:17:33,2025-10-10 15:17:33
376,2886,376,2025-07-05 17:07:54,2025-07-22 17:07:54
377,41748,377,2025-01-27 00:25:40,2025-02-08 00:25:40
378,66564,378,2025-07-14 08:55:12,2025-07-21 08:55:12
379,37723,379,2025-06-26 17:22:56,2025-07-26 17:22:56
380,6,380,2025-02-18 00:50:50,2025-02-27 00:50:50
381,47986,381,2025-07-07 06:59:16,2025-07-25 06:59:16
382,58430,382,2025-03-13 00:37:46,2025-04-05 00:37:46
383,17157,383,2025-03-14 18:30:05,2025-04-02 18:30:05
384,67110,384,2025-03-10 14:31:31,2025-03-20 14:31:31
385,47237,385,2025-05-24 16:43:00,2025-05-26 16:43:00
386,44976,386,2025-04-10 07:29:24,2025-04-30 07:29:24
387,49366,387,2025-10-19 19:21:17,2025-10-31 19:21:17
388,31583,388,2025-10-27 09:42:22,2025-11-01 09:42:22
389,3355,389,2025-09-29 09:25:49,2025-10-17 09:25:49
390,10305,390,2025-01-23 12:23:07,2025-01-26 12:23:07
391,9814,391,2025-01-06 03:34:32,2025-01-15 03:34:32
392,42964,392,2025-08-19 17:59:37,2025-09-03 17:59:37
393,22895,393,2025-02-21 17:42:57,2025-03-13 17:42:57
394,6153,394,2025-03-26 09:11:16,2025-04-03 09:11:16
395,23498,395,2025-03-24 11:20:53,2025-03-30 11:20:53
396,14285,396,2025-04-25 10:55:41,2025-05-04 10:55:41
397,20736,397,2025-06-24 16:09:47,2025-06-27 16:09:47
398,45562,398,2025-06-14 15:59:08,2025-07-01 15:59:08
399,39922,399,2025-10-15 06:52:20,2025-11-06 06:52:20
400,53303,400,2025-01-09 15:42:01,2025-01-30 15:42:01
401,57543,401,2025-01-29 11:15:57,2025-02-20 11:15:57
402,18749,402,2025-06-09 17:31:55,2025-06-25 17:31:55
403,26404,403,2025-08-04 02:20:01,2025-08-25 02:20:01
404,21034,404,2025-06-10 16:36:33,2025-07-05 16:36:33
405,58106,405,2025-06-09 09:31:07,2025-07-05 09:31:07
406,26828,406,2025-08-01 19:10:26,2025-08-24 19:10:26
407,70849,407,2025-10-06 12:24:47,2025-11-04 12:24:47
408,79250,408,2025-06-30 13:21:11,2025-06-30 13:21:11
409,75098,409,2025-03-27 18:39:30,2025-04-20 18:39:30
410,47516,410,2025-02-07 22:36:54,2025-02-27 22:36:54
411,14911,411,2025-08-11 19:51:29,2025-08-27 19:51:29
412,62032,412,2025-06-04 03:37:33,2025-06-30 03:37:33
413,29837,413,2025-06-13 11:38:23,2025-06-21 11:38:23
414,13319,414,2025-07-26 06:42:36,2025-08-07 06:42:36
415,37865,415,2025-02-13 16:41:30,2025-03-03 16:41:30
416,46014,416,2025-10-16 06:58:53,2025-10-31 06:58:53
417,5932,417,2025-05-29 08:07:22,2025-06-09 08:07:22
418,60533,418,2025-09-28 18:12:36,2025-10-27 18:12:36
419,56398,419,2025-05-28 20:10:50,2025-06-27 20:10:50
420,31142,420,2025-05-09 12:52:51,2025-06-06 12:52:51
421,43204,421,2025-08-07 06:57:05,2025-09-03 06:57:05
422,1495,422,2025-09-26 23:00:31,2025-09-29 23:00:31
423,29074,423,2025-07-26 20:32:03,2025-08-13 20:32:03
424,15162,424,2025-01-20 05:32:43,2025-01-25 05:32:43
425,15851,425,2025-09-05 05:55:06,2025-09-28 05:55:06
426,16275,426,2025-05-22 18:56:15,2025-06-08 18:56:15
427,59008,427,2025-02-16 12:23:55,2025-02-23 12:23:55
428,26026,428,2025-08-01 15:26:26,2025-08-15 15:26:26
429,29755,429,2025-04-25 03:50:15,2025-04-27 03:50:15
430,51691,430,2025-10-18 00:06:35,2025-10-19 00:06:35
431,21826,431,2025-09-29 13:36:03,2025-10-12 13:36:03
432,12256,432,2025-01-17 23:25:28,2025-02-13 23:25:28
433,29679,433,2025-09-24 01:42:45,2025-10-20 01:42:45
434,18657,434,2025-10-26 10:14:30,2025-11-06 10:14:30
435,45678,435,2025-08-17 05:05:40,2025-08-27 05:05:40
436,18575,436,2025-06-26 16:15:55,2025-07-13 16:15:55
437,29670,437,2025-03-27 22:00:01,2025-03-31 22:00:01
438,11406,438,2025-07-12 12:04:34,2025-07-19 12:04:34
439,41700,439,2025-06-27 15:16:37,2025-07-02 15:16:37
440,20623,440,2025-04-16 15:59:49,2025-05-16 15:59:49
441,14174,441,2025-09-29 18:56:42,2025-10-03 18:56:42
442,44601,442,2025-08-18 17:17:37,2025-09-12 17:17:37
443,65697,443,2025-06-17 13:55:13,2025-06-18 13:55:13
444,40917,444,2025-07-18 01:08:37,2025-08-03 01:08:37
445,60534,445,2025-09-21 14:48:29,2025-10-03 14:48:29
446,5476,446,2025-07-09 15:25:27,2025-08-03 15:25:27
447,57329,447,2025-04-23 13:27:41,2025-05-23 13:27:41
448,60840,448,2025-04-02 09:12:14,2025-04-04 09:12:14
449,58098,449,2025-06-12 16:31:38,2025-07-03 16:31:38
450,21843,450,2025-05-27 04:07:49,2025-06-25 04:07:49
451,56268,451,2025-02-07 15:40:42,2025-02-07 15:40:42
452,9915,452,2025-03-06 16:41:55,2025-03-29 16:41:55
453,4147,453,2025-05-26 05:13:45,2025-06-02 05:13:45
454,75633,454,2025-02-10 08:50:46,2025-03-03 08:50:46
455,36198,455,2025-03-15 23:52:30,2025-03-23 23:52:30
456,38367,456,2025-09-02 03:16:00,2025-09-06 03:16:00
457,73614,457,2025-10-08 12:54:26,2025-11-04 12:54:26
458,59284,458,2025-02-13 09:23:11,2025-02-28 09:23:11
459,46626,459,2025-04-29 12:01:20,2025-05-26 12:01:20
460,16928,460,2025-05-30 13:21:21,2025-06-14 13:21:21
461,12242,461,2025-04-11 07:00:51,2025-05-08 07:00:51
462,66004,462,2025-02-07 18:58:36,2025-02-08 18:58:36
463,63640,463,2025-05-19 09:47:47,2025-05-19 09:47:47
464,62052,464,2025-07-06 23:18:22,2025-07-31 23:18:22
465,41623,465,2025-08-27 08:36:14,2025-08-29 08:36:14
466,3318,466,2025-07-13 15:22:47,2025-07-31 15:22:47
467,40792,467,2025-02-11 18:36:02,2025-02-22 18:36:02
468,37373,468,2025-05-31 07:46:15,2025-06-14 07:46:15
469,71963,469,2025-03-16 21:47:13,2025-03-24 21:47:13
470,10116,470,2025-02-01 22:39:33,2025-02-28 22:39:33
471,11124,471,2025-10-29 12:32:20,2025-10-29 12:32:20
472,35925,472,2025-03-19 05:07:11,2025-04-04 05:07:11
473,21930,473,2025-10-23 06:34:49,2025-10-31 06:34:49
474,66676,474,2025-04-08 12:44:10,2025-04-19 12:44:10
475,55875,475,2025-09-29 18:25:27,2025-10-09 18:25:27
476,62814,476,2025-03-21 21:10:46,2025-04-03 21:10:46
477,61588,477,2025-06-24 00:40:16,2025-07-05 00:40:16
478,47501,478,2025-07-20 09:20:57,2025-08-05 09:20:57
479,55331,479,2025-10-05 12:41:42,2025-10-24 12:41:42
480,30658,480,2025-04-16 13:14:51,2025-05-12 13:14:51
481,28540,481,2025-10-08 08:22:45,2025-11-01 08:22:45
482,59463,482,2025-07-29 00:38:54,2025-07-31 00:38:54
483,49997,483,2025-04-13 09:44:25,2025-04-21 09:44:25
484,16831,484,2025-03-03 13:37:24,2025-03-06 13:37:24
485,67608,485,2025-07-14 06:52:53,2025-08-01 06:52:53
486,70311,486,2025-08-14 22:08:22,2025-09-12 22:08:22
487,59323,487,2025-01-29 05:05:52,2025-02-03 05:05:52
488,67961,488,2025-06-10 14:39:39,2025-06-26 14:39:39
489,49342,489,2025-07-24 07:49:16,2025-07-28 07:49:16
490,29173,490,2025-02-07 14:06:22,2025-02-23 14:06:22
491,36457,491,2025-02-12 01:03:38,2025-03-11 01:03:38
492,4365,492,2025-01-20 20:30:02,2025-02-11 20:30:02
493,38116,493,2025-05-16 08:57:01,2025-05-18 08:57:01
494,33790,494,2025-08-07 23:21:56,2025-08-31 23:21:56
495,59288,495,2025-04-12 13:58:45,2025-05-10 13:58:45
496,25276,496,2025-10-18 15:52:48,2025-11-15 15:52:48
497,42576,497,2025-06-05 15:26:32,2025-06-09 15:26:32
498,61108,498,2025-01-20 00:50:22,2025-01-20 00:50:22
499,21134,499,2025-04-30 05:51:54,2025-05-10 05:51:54
500,41664,500,2025-01-05 12:45:11,2025-01-21 12:45:11
501,52024,501,2025-02-12 22:57:31,2025-02-28 22:57:31
502,2820,502,2025-07-12 19:23:54,2025-07-26 19:23:54
503,13083,503,2025-08-27 16:07:10,2025-08-30 16:07:10
504,29108,504,2025-07-03 15:52:05,2025-07-24 15:52:05
505,53235,505,2024-12-27 16:29:23,2024-12-27 16:29:23
506,31575,506,2025-04-06 10:37:58,2025-05-01 10:37:58
507,26950,507,2025-06-08 19:09:40,2025-06-24 19:09:40
508,31063,508,2025-09-25 16:06:40,2025-10-04 16:06:40
509,17499,509,2025-05-11 09:41:26,2025-05-13 09:41:26
510,62069,510,2025-06-07 14:18:25,2025-06-19 14:18:25
511,17161,511,2025-05-17 10:46:16,2025-05-28 10:46:16
512,37459,512,2025-10-20 16:37:08,2025-11-08 16:37:08
513,45967,513,2025-09-27 10:37:02,2025-09-28 10:37:02
514,14769,514,2025-05-13 01:47:02,2025-06-03 01:47:02
515,14961,515,2025-04-26 12:49:02,2025-05-18 12:49:02
516,33331,516,2025-07-26 01:26:54,2025-07-31 01:26:54
517,66543,517,2025-06-06 12:41:11,2025-06-30 12:41:11
518,37663,518,2025-02-07 13:32:03,2025-03-02 13:32:03
519,71175,519,2025-07-30 12:58:19,2025-08-12 12:58:19
520,45652,520,2025-08-01 00:56:52,2025-08-13 00:56:52
521,10398,521,2025-06-08 04:28:37,2025-06-22 04:28:37
522,27823,522,2025-09-01 20:38:11,2025-09-11 20:38:11
523,74145,523,2025-10-17 18:46:59,2025-11-16 18:46:59
524,36099,524,2025-01-09 09:13:27,2025-01-17 09:13:27
525,26864,525,2025-06-01 16:28:20,2025-06-12 16:28:20
526,68533,526,2025-04-24 12:49:02,2025-04-25 12:49:02
527,52884,527,2025-08-18 12:04:05,2025-09-03 12:04:05
528,57931,528,2025-02-09 00:21:19,2025-03-07 00:21:19
529,6710,529,2025-10-13 08:04:07,2025-11-02 08:04:07
530,10856,530,2025-02-07 13:46:48,2025-02-16 13:46:48
531,67783,531,2025-01-19 13:22:08,2025-01-27 13:22:08
532,33290,532,2025-07-21 18:24:47,2025-08-02 18:24:47
533,6693,533,2025-10-01 19:36:51,2025-10-31 19:36:51
534,37587,534,2025-03-04 20:42:48,2025-03-23 20:42:48
535,12978,535,2025-07-13 19:05:56,2025-08-10 19:05:56
536,38754,536,2025-03-01 15:44:15,2025-03-03 15:44:15
537,65262,537,2025-09-01 22:32:41,2025-09-27 22:32:41
538,62020,538,2025-09-24 00:05:59,2025-10-21 00:05:59
539,63683,539,2025-04-17 08:40:51,2025-04-22 08:40:51
540,38319,540,2025-09-29 13:58:31,2025-10-28 13:58:31
541,13524,541,2025-05-11 22:37:23,2025-05-30 22:37:23
542,5392,542,2025-09-16 03:51:58,2025-09-30 03:51:58
543,72207,543,2025-05-06 17:07:15,2025-06-02 17:07:15
544,71071,544,2025-01-24 16:56:30,2025-02-23 16:56:30
545,19781,545,2025-07-12 07:10:33,2025-07-25 07:10:33
546,27455,546,2025-03-17 02:15:35,2025-04-13 02:15:35
547,33907,547,2025-08-15 10:50:26,2025-09-01 10:50:26
548,30465,548,2025-08-14 06:46:46,2025-09-10 06:46:46
549,74815,549,2025-01-24 12:23:09,2025-02-03 12:23:09
550,7671,550,2025-08-30 13:16:50,2025-09-17 13:16:50
551,32446,551,2025-01-08 02:26:04,2025-01-17 02:26:04
552,61014,552,2025-01-21 12:13:46,2025-02-20 12:13:46
553,26300,553,2025-01-26 17:09:33,2025-02-23 17:09:33
554,71959,554,2025-03-17 17:17:03,2025-04-02 17:17:03
555,60602,555,2025-02-04 04:54:43,2025-02-12 04:54:43
556,69439,556,2025-02-19 16:44:31,2025-03-12 16:44:31
557,3458,557,2025-04-14 01:58:36,2025-04-25 01:58:36
558,54593,558,2025-09-21 12:50:10,2025-09-28 12:50:10
559,25659,559,2025-04-27 01:26:13,2025-05-13 01:26:13
560,79870,560,2025-04-14 12:47:27,2025-05-07 12:47:27
561,54910,561,2025-10-12 09:23:44,2025-11-04 09:23:44
562,54113,562,2025-04-06 23:42:10,2025-04-20 23:42:10
563,15139,563,2025-04-05 05:03:16,2025-04-09 05:03:16
564,6497,564,2025-09-06 19:11:49,2025-09-25 19:11:49
565,43627,565,2025-07-07 19:00:51,2025-07-09 19:00:51
566,63180,566,2025-02-03 06:49:24,2025-02-18 06:49:24
567,2870,567,2025-02-13 02:21:03,2025-03-10 02:21:03
568,13973,568,2025-08-30 06:22:05,2025-09-21 06:22:05
569,68672,569,2025-09-10 20:52:01,2025-10-05 20:52:01
570,8804,570,2025-03-06 14:57:37,2025-04-05 14:57:37
571,46705,571,2025-02-27 19:25:49,2025-03-17 19:25:49
572,26382,572,2025-02-23 11:48:32,2025-03-01 11:48:32
573,30020,573,2025-08-08 00:57:20,2025-09-02 00:57:20
574,47231,574,2025-06-06 18:43:39,2025-06-30 18:43:39
575,60722,575,2025-05-23 10:35:01,2025-05-23 10:35:01
576,27963,576,2025-03-08 17:01:35,2025-04-06 17:01:35
577,77835,577,2025-05-05 18:49:37,2025-06-04 18:49:37
578,5431,578,2025-09-05 16:34:36,2025-09-09 16:34:36
579,57602,579,2025-03-12 15:49:17,2025-03-25 15:49:17
580,39032,580,2025-09-30 20:02:58,2025-10-22 20:02:58
581,4350,581,2025-04-21 13:23:01,2025-05-10 13:23:01
582,33373,582,2025-06-15 16:22:44,2025-07-07 16:22:44
583,20162,583,2025-10-27 15:41:20,2025-11-23 15:41:20
584,59125,584,2025-08-19 17:27:06,2025-09-14 17:27:06
585,70485,585,2025-04-08 05:59:45,2025-04-12 05:59:45
586,1662,586,2025-02-16 14:04:34,2025-03-13 14:04:34
587,53313,587,2025-09-29 00:24:38,2025-10-24 00:24:38
588,17448,588,2025-10-16 02:30:12,2025-11-11 02:30:12
589,15036,589,2025-03-11 20:01:39,2025-03-15 20:01:39
590,41336,590,2025-02-03 20:15:00,2025-02-09 20:15:00
591,58937,591,2025-04-02 19:38:31,2025-04-10 19:38:31
592,37969,592,2025-10-29 23:39:09,2025-11-11 23:39:09
593,46577,593,2025-06-29 09:26:08,2025-07-16 09:26:08
594,61854,594,2025-06-22 21:36:43,2025-06-23 21:36:43
595,67174,595,2025-04-08 17:49:32,2025-05-01 17:49:32
596,9369,596,2025-04-12 10:34:18,2025-04-21 10:34:18
597,47797,597,2025-02-14 22:20:29,2025-03-05 22:20:29
598,8711,598,2025-06-30 20:30:34,2025-07-21 20:30:34
599,20909,599,2025-04-15 13:16:26,2025-05-14 13:16:26
600,55589,600,2025-04-07 23:38:25,2025-04-22 23:38:25
601,19933,601,2025-09-12 09:32:32,2025-10-07 09:32:32
602,58756,602,2025-09-20 08:59:56,2025-09-25 08:59:56
603,56428,603,2025-02-08 02:15:50,2025-03-07 02:15:50
604,38622,604,2025-09-21 15:16:41,2025-09-24 15:16:41
605,56038,605,2025-05-10 07:07:59,2025-05-21 07:07:59
606,15317,606,2025-01-24 22:44:37,2025-02-04 22:44:37
607,34594,607,2025-10-06 10:13:24,2025-10-27 10:13:24
608,38719,608,2025-07-25 19:34:41,2025-08-11 19:34:41
609,19222,609,2025-06-05 00:48:49,2025-06-27 00:48:49
610,75867,610,2025-02-26 10:05:36,2025-03-26 10:05:36
611,61260,611,2025-10-10 11:12:34,2025-10-20 11:12:34
612,76912,612,2025-07-29 04:54:37,2025-08-21 04:54:37
613,61191,613,2025-07-27 05:20:30,2025-08-16 05:20:30
614,70441,614,2025-01-22 19:29:48,2025-02-04 19:29:48
615,16683,615,2025-06-10 04:32:42,2025-07-08 04:32:42
616,2106,616,2025-08-18 15:38:33,2025-08-22 15:38:33
617,7812,617,2025-02-03 05:09:23,2025-02-05 05:09:23
618,33398,618,2025-10-22 01:51:29,2025-11-18 01:51:29
619,24958,619,2025-01-17 02:48:29,2025-01-26 02:48:29
620,69889,620,2025-01-25 02:26:28,2025-02-21 02:26:28
621,3666,621,2025-01-09 20:13:07,2025-02-07 20:13:07
622,70461,622,2025-06-08 08:08:01,2025-06-24 08:08:01
623,7978,623,2025-03-31 03:15:27,2025-04-26 03:15:27
624,47890,624,2025-10-18 06:57:20,2025-10-21 06:57:20
625,44221,625,2024-12-27 16:46:22,2025-01-06 16:46:22
626,51240,626,2025-02-25 16:26:42,2025-03-03 16:26:42
627,41557,627,2025-04-30 12:25:13,2025-05-21 12:25:13
628,76451,628,2025-07-20 07:26:46,2025-07-25 07:26:46
629,27549,629,2025-02-25 18:31:54,2025-03-23 18:31:54
630,70136,630,2025-05-20 03:36:17,2025-06-12 03:36:17
631,7434,631,2025-08-22 16:08:52,2025-09-02 16:08:52
632,61003,632,2025-01-22 21:52:16,2025-02-12 21:52:16
633,18036,633,2025-04-02 04:32:54,2025-04-26 04:32:54
634,13155,634,2025-10-09 10:12:50,2025-10-20 10:12:50
635,80411,635,2025-10-27 02:29:59,2025-11-15 02:29:59
636,23634,636,2025-06-17 01:36:35,2025-07-17 01:36:35
637,41331,637,2025-03-25 18:30:34,2025-04-24 18:30:34
638,43110,638,2025-04-06 18:52:56,2025-04-23 18:52:56
639,53429,639,2025-05-30 16:37:25,2025-06-07 16:37:25
640,26981,640,2025-06-05 20:42:15,2025-06-09 20:42:15
641,48841,641,2025-08-06 01:01:54,2025-08-14 01:01:54
642,36206,642,2025-09-23 18:18:45,2025-10-10 18:18:45
643,14378,643,2025-09-19 03:49:44,2025-10-05 03:49:44
644,27605,644,2025-09-22 21:19:40,2025-10-17 21:19:40
645,45665,645,2025-05-19 05:32:27,2025-06-05 05:32:27
646,48591,646,2025-07-03 00:43:42,2025-07-13 00:43:42
647,562,647,2025-05-07 16:56:38,2025-06-05 16:56:38
648,7659,648,2025-07-28 13:31:15,2025-08-17 13:31:15
649,51720,649,2025-07-29 12:45:45,2025-08-20 12:45:45
650,79472,650,2025-08-15 13:44:13,2025-08-19 13:44:13
651,72119,651,2025-07-28 20:45:02,2025-08-01 20:45:02
652,58809,652,2025-06-16 15:02:14,2025-06-30 15:02:14
653,6116,653,2025-02-06 04:27:44,2025-03-05 04:27:44
654,62830,654,2025-08-22 12:51:54,2025-09-11 12:51:54
655,52992,655,2025-10-23 12:40:08,2025-11-18 12:40:08
656,69018,656,2025-09-21 14:28:33,2025-10-11 14:28:33
657,80174,657,2025-06-06 15:56:17,2025-06-13 15:56:17
658,8126,658,2025-02-17 18:59:06,2025-03-06 18:59:06
659,64398,659,2025-08-25 22:59:41,2025-08-25 22:59:41
660,47418,660,2025-08-09 16:49:32,2025-08-17 16:49:32
661,58826,661,2025-02-09 08:23:34,2025-02-09 08:23:34
662,60130,662,2025-06-17 02:38:46,2025-06-28 02:38:46
663,27433,663,2025-05-12 21:32:05,2025-06-01 21:32:05
664,19791,664,2025-03-25 20:31:11,2025-04-21 20:31:11
665,38503,665,2025-03-03 04:56:26,2025-03-30 04:56:26
666,46591,666,2025-06-16 12:17:09,2025-07-10 12:17:09
667,27716,667,2025-10-18 02:35:27,2025-10-29 02:35:27
668,64373,668,2025-03-09 03:10:06,2025-04-03 03:10:06
669,18224,669,2025-01-26 12:57:22,2025-01-26 12:57:22
670,30109,670,2025-10-12 21:53:48,2025-11-03 21:53:48
671,70368,671,2025-06-13 00:20:30,2025-06-21 00:20:30
672,47579,672,2025-02-18 16:11:44,2025-03-11 16:11:44
673,34605,673,2025-08-08 19:13:34,2025-08-11 19:13:34
674,31663,674,2025-02-18 19:25:43,2025-02-20 19:25:43
675,51889,675,2025-05-03 06:22:28,2025-05-27 06:22:28
676,45348,676,2025-10-29 14:04:50,2025-11-20 14:04:50
677,51292,677,2025-10-10 10:51:51,2025-10-20 10:51:51
678,64826,678,2025-02-05 23:03:50,2025-02-26 23:03:50
679,35711,679,2025-08-20 03:09:32,2025-09-04 03:09:32
680,773,680,2025-08-02 23:03:16,2025-08-24 23:03:16
681,5491,681,2025-02-14 05:55:48,2025-02-18 05:55:48
682,15401,682,2025-08-19 20:49:47,2025-09-10 20:49:47
683,26618,683,2025-05-02 10:36:42,2025-05-03 10:36:42
684,28284,684,2025-07-17 11:19:55,2025-08-16 11:19:55
685,8102,685,2025-10-25 22:28:36,2025-10-25 22:28:36
686,5320,686,2025-05-20 12:29:46,2025-05-26 12:29:46
687,37554,687,2025-03-24 23:49:49,2025-04-05 23:49:49
688,50484,688,2025-07-01 07:44:11,2025-07-24 07:44:11
689,583,689,2025-04-30 10:17:41,2025-05-06 10:17:41
690,28366,690,2025-07-28 02:24:39,2025-07-31 02:24:39
691,43512,691,2025-05-16 05:06:14,2025-06-13 05:06:14
692,55549,692,2025-06-01 21:44:03,2025-06-28 21:44:03
693,16517,693,2025-08-20 12:48:24,2025-09-15 12:48:24
694,33579,694,2025-05-28 10:38:15,2025-06-13 10:38:15
695,1986,695,2025-04-17 03:55:04,2025-05-10 03:55:04
696,76451,696,2025-04-22 03:36:06,2025-05-14 03:36:06
697,48262,697,2025-06-24 04:27:29,2025-07-12 04:27:29
698,37382,698,2025-06-15 13:19:14,2025-07-02 13:19:14
699,8895,699,2025-02-27 05:47:49,2025-03-18 05:47:49
700,714,700,2025-10-21 17:47:27,2025-11-04 17:47:27
701,53275,701,2025-02-25 01:57:23,2025-03-16 01:57:23
702,16254,702,2025-03-23 17:01:30,2025-03-31 17:01:30
703,73859,703,2025-02-21 10:58:46,2025-02-21 10:58:46
704,55585,704,2025-06-17 08:40:43,2025-07-07 08:40:43
705,46660,705,2025-09-28 02:43:37,2025-09-29 02:43:37
706,60066,706,2025-07-15 23:12:50,2025-07-15 23:12:50
707,16130,707,2025-05-10 20:14:47,2025-06-05 20:14:47
708,29398,708,2025-05-03 15:48:36,2025-05-16 15:48:36
709,10555,709,2025-02-27 23:23:52,2025-03-21 23:23:52
710,69373,710,2025-05-29 10:13:00,2025-06-28 10:13:00
711,71433,711,2025-01-23 20:04:24,2025-02-20 20:04:24
712,41994,712,2025-01-12 05:38:53,2025-02-02 05:38:53
713,49720,713,2025-03-14 11:17:01,2025-03-14 11:17:01
714,460,714,2025-10-27 22:08:35,2025-11-04 22:08:35
715,3484,715,2025-02-14 06:36:58,2025-02-25 06:36:58
716,25867,716,2025-02-27 03:18:30,2025-03-03 03:18:30
717,33723,717,2025-05-29 17:04:26,2025-06-16 17:04:26
718,56426,718,2025-06-28 09:48:23,2025-07-28 09:48:23
719,3622,719,2025-06-11 02:40:33,2025-06-19 02:40:33
720,6802,720,2025-06-16 23:32:22,2025-07-16 23:32:22
721,58130,721,2025-09-09 11:06:14,2025-09-24 11:06:14
722,26086,722,2025-09-10 01:50:11,2025-09-26 01:50:11
723,7665,723,2025-03-07 22:42:53,2025-03-10 22:42:53
724,12939,724,2025-05-15 16:10:27,2025-06-02 16:10:27
725,32038,725,2025-04-06 00:57:32,2025-05-02 00:57:32
726,25178,726,2025-02-16 01:23:10,2025-03-10 01:23:10
727,70144,727,2025-08-02 22:56:10,2025-08-11 22:56:10
728,67526,728,2025-10-16 15:40:43,2025-10-19 15:40:43
729,34843,729,2025-03-21 05:17:15,2025-04-07 05:17:15
730,5430,730,2025-08-27 23:47:31,2025-09-05 23:47:31
731,71986,731,2025-04-06 12:47:00,2025-04-24 12:47:00
732,68887,732,2025-09-08 13:09:22,2025-09-15 13:09:22
733,28648,733,2025-02-24 02:26:42,2025-03-13 02:26:42
734,77110,734,2025-09-06 15:30:06,2025-09-20 15:30:06
735,75258,735,2025-03-17 07:59:07,2025-04-01 07:59:07
736,65012,736,2025-08-01 21:33:28,2025-08-18 21:33:28
737,27128,737,2025-08-16 22:56:22,2025-09-15 22:56:22
738,3516,738,2025-01-12 21:52:48,2025-02-08 21:52:48
739,28184,739,2025-08-23 20:11:22,2025-09-11 20:11:22
740,8678,740,2025-09-01 16:12:26,2025-09-12 16:12:26
741,38139,741,2025-03-29 15:30:04,2025-03-30 15:30:04
742,58260,742,2025-01-18 15:32:38,2025-01-27 15:32:38
743,4184,743,2025-08-27 14:07:38,2025-08-31 14:07:38
744,18819,744,2025-02-09 15:15:38,2025-03-11 15:15:38
745,18826,745,2025-04-18 09:12:25,2025-04-26 09:12:25
746,9974,746,2025-09-09 11:09:51,2025-09-22 11:09:51
747,41957,747,2025-07-08 10:41:26,2025-07-24 10:41:26
748,6000,748,2025-07-06 04:01:05,2025-07-26 04:01:05
749,5639,749,2025-10-27 06:01:05,2025-11-26 06:01:05
750,18460,750,2025-06-08 22:40:56,2025-07-02 22:40:56
751,12694,751,2025-08-29 19:32:04,2025-09-21 19:32:04
752,37149,752,2025-04-03 05:06:09,2025-04-11 05:06:09
753,37041,753,2025-10-22 22:51:48,2025-10-22 22:51:48
754,37799,754,2025-04-14 14:04:05,2025-05-05 14:04:05
755,40884,755,2025-03-19 02:46:33,2025-04-03 02:46:33
756,62549,756,2025-10-26 15:20:52,2025-10-27 15:20:52
757,40452,757,2025-10-27 13:27:31,2025-11-24 13:27:31
758,71932,758,2025-07-18 11:18:28,2025-08-05 11:18:28
759,6673,759,2025-10-18 01:13:10,2025-10-30 01:13:10
760,23914,760,2025-03-22 00:02:39,2025-03-27 00:02:39
761,67837,761,2025-01-20 03:59:31,2025-02-12 03:59:31
762,18546,762,2025-02-20 12:54:34,2025-03-22 12:54:34
763,13140,763,2025-08-15 11:04:39,2025-08-21 11:04:39
764,43931,764,2025-09-20 18:06:14,2025-10-11 18:06:14
765,66595,765,2025-01-04 21:36:40,2025-01-29 21:36:40
766,47317,766,2025-02-03 00:19:38,2025-02-10 00:19:38
767,39265,767,2025-06-10 09:40:53,2025-06-24 09:40:53
768,29160,768,2025-02-05 14:13:55,2025-02-26 14:13:55
769,26735,769,2025-10-08 06:13:50,2025-10-29 06:13:50
770,30813,770,2025-03-07 19:22:28,2025-03-20 19:22:28
771,45095,771,2025-05-10 13:35:00,2025-06-02 13:35:00
772,861,772,2025-10-10 14:59:45,2025-10-14 14:59:45
773,24299,773,2025-09-10 14:14:32,2025-10-08 14:14:32
774,3727,774,2025-04-10 13:25:07,2025-05-01 13:25:07
775,57446,775,2025-10-18 05:13:44,2025-10-22 05:13:44
776,20777,776,2025-08-18 11:05:41,2025-08-30 11:05:41
777,46840,777,2025-05-09 10:30:56,2025-05-25 10:30:56
778,68046,778,2025-08-27 11:14:29,2025-09-22 11:14:29
779,69776,779,2025-08-10 06:28:53,2025-08-31 06:28:53
780,5319,780,2025-03-23 06:33:46,2025-03-26 06:33:46
781,60196,781,2025-04-20 02:09:01,2025-05-20 02:09:01
782,33537,782,2025-06-25 07:46:49,2025-06-26 07:46:49
783,59462,783,2025-05-06 20:43:59,2025-05-17 20:43:59
784,26003,784,2025-06-27 19:19:42,2025-07-20 19:19:42
785,61026,785,2025-03-31 10:40:00,2025-04-18 10:40:00
786,13748,786,2025-05-30 17:21:28,2025-06-25 17:21:28
787,11270,787,2025-01-10 01:08:53,2025-01-29 01:08:53
788,4963,788,2025-02-26 23:58:25,2025-02-26 23:58:25
789,80201,789,2025-06-15 14:18:18,2025-07-06 14:18:18
790,69760,790,2025-07-07 11:00:19,2025-07-24 11:00:19
791,35947,791,2025-03-07 01:14:11,2025-04-06 01:14:11
792,46097,792,2025-10-28 14:02:11,2025-11-26 14:02:11
793,47351,793,2025-09-29 17:49:51,2025-10-26 17:49:51
794,16686,794,2025-10-30 16:26:54,2025-11-05 16:26:54
795,61587,795,2025-09-07 21:44:46,2025-09-09 21:44:46
796,61740,796,2025-03-17 21:04:10,2025-03-19 21:04:10
797,30333,797,2025-06-18 20:46:51,2025-06-18 20:46:51
798,38423,798,2025-02-17 23:57:39,2025-03-17 23:57:39
799,51500,799,2025-08-21 02:50:19,2025-09-07 02:50:19
800,26298,800,2025-07-11 09:56:36,2025-07-13 09:56:36
801,72632,801,2025-07-01 13:42:19,2025-07-21 13:42:19
802,12966,802,2025-07-21 21:39:28,2025-08-11 21:39:28
803,39176,803,2025-10-30 09:45:50,2025-11-15 09:45:50
804,24937,804,2025-08-25 11:18:11,2025-09-21 11:18:11
805,77602,805,2025-06-27 15:42:42,2025-07-09 15:42:42
806,16086,806,2025-05-15 22:11:59,2025-05-25 22:11:59
807,58415,807,2025-07-21 14:35:21,2025-08-18 14:35:21
808,2997,808,2025-04-07 18:03:43,2025-05-07 18:03:43
809,29026,809,2025-10-27 07:14:20,2025-11-06 07:14:20
810,16899,810,2025-02-26 20:54:21,2025-02-28 20:54:21
811,27291,811,2025-07-19 02:26:10,2025-07-31 02:26:10
812,19325,812,2025-08-22 04:21:45,2025-09-16 04:21:45
813,18281,813,2025-01-05 07:31:29,2025-01-21 07:31:29
814,2311,814,2025-04-17 07:56:07,2025-05-13 07:56:07
815,50333,815,2025-06-06 12:25:49,2025-06-25 12:25:49
816,9059,816,2025-01-18 14:03:32,2025-01-31 14:03:32
817,49678,817,2025-10-17 08:21:44,2025-11-03 08:21:44
818,75986,818,2025-02-10 08:38:34,2025-02-12 08:38:34
819,58466,819,2025-04-04 10:27:34,2025-04-15 10:27:34
820,29917,820,2025-06-22 05:32:21,2025-07-22 05:32:21
821,78204,821,2025-07-22 02:43:05,2025-07-22 02:43:05
822,75502,822,2025-09-01 13:05:43,2025-09-20 13:05:43
823,64358,823,2025-06-18 22:09:58,2025-06-28 22:09:58
824,996,824,2025-03-09 17:21:26,2025-03-22 17:21:26
825,17511,825,2025-04-01 20:51:52,2025-04-17 20:51:52
826,14846,826,2025-03-17 20:24:09,2025-04-08 20:24:09
827,47561,827,2025-02-14 23:46:46,2025-02-20 23:46:46
828,62548,828,2025-04-07 16:07:43,2025-04-20 16:07:43
829,2802,829,2025-10-04 19:25:44,2025-10-05 19:25:44
830,56326,830,2025-09-08 18:44:19,2025-09-27 18:44:19
831,8041,831,2025-03-23 14:08:22,2025-04-21 14:08:22
832,37910,832,2025-05-17 10:59:12,2025-06-08 10:59:12
833,53556,833,2025-08-15 01:20:35,2025-09-03 01:20:35
834,15549,834,2025-09-17 05:17:56,2025-09-26 05:17:56
835,12807,835,2025-05-10 03:27:52,2025-05-17 03:27:52
836,24258,836,2025-02-26 15:08:00,2025-03-24 15:08:00
837,76460,837,2025-01-25 10:06:04,2025-02-04 10:06:04
838,20758,838,2025-02-11 18:44:42,2025-02-19 18:44:42
839,11939,839,2025-04-09 15:48:24,2025-04-09 15:48:24
840,38038,840,2025-03-18 12:38:34,2025-04-05 12:38:34
841,18658,841,2025-07-13 15:47:02,2025-08-02 15:47:02
842,58940,842,2025-03-23 15:21:36,2025-03-24 15:21:36
843,20209,843,2024-12-30 22:24:15,2025-01-18 22:24:15
844,22699,844,2025-07-15 04:56:06,2025-07-30 04:56:06
845,57559,845,2025-10-30 07:11:27,2025-11-08 07:11:27
846,21309,846,2025-04-11 07:48:55,2025-04-27 07:48:55
847,43640,847,2025-09-08 07:47:29,2025-09-14 07:47:29
848,44813,848,2025-09-10 12:15:13,2025-10-01 12:15:13
849,78982,849,2025-08-09 12:22:29,2025-09-03 12:22:29
850,72772,850,2025-03-24 07:24:30,2025-04-01 07:24:30
851,15135,851,2025-06-28 03:31:23,2025-07-23 03:31:23
852,71879,852,2025-03-18 13:06:24,2025-04-14 13:06:24
853,72089,853,2025-02-27 09:51:54,2025-03-20 09:51:54
854,32741,854,2025-08-14 07:17:08,2025-08-28 07:17:08
855,13924,855,2025-03-11 01:45:32,2025-04-08 01:45:32
856,239,856,2025-08-13 18:25:53,2025-09-05 18:25:53
857,117,857,2025-08-25 16:56:40,2025-09-20 16:56:40
858,37528,858,2025-09-19 16:57:32,2025-10-19 16:57:32
859,3903,859,2025-08-10 12:02:24,2025-09-09 12:02:24
860,77877,860,2025-08-01 11:07:59,2025-08-12 11:07:59
861,49973,861,2025-02-25 00:04:22,2025-02-27 00:04:22
862,10408,862,2025-02-19 20:21:40,2025-03-02 20:21:40
863,33323,863,2025-10-12 22:37:10,2025-10-20 22:37:10
864,26854,864,2025-06-25 09:53:52,2025-07-13 09:53:52
865,9566,865,2025-09-06 11:45:01,2025-09-09 11:45:01
866,70556,866,2025-06-24 02:10:13,2025-07-03 02:10:13
867,53749,867,2025-09-03 12:28:08,2025-09-17 12:28:08
868,42036,868,2025-09-26 02:45:18,2025-10-19 02:45:18
869,31373,869,2025-03-30 06:57:58,2025-04-27 06:57:58
870,31763,870,2025-04-06 05:28:25,2025-04-11 05:28:25
871,2871,871,2025-01-31 13:53:06,2025-02-02 13:53:06
872,973,872,2025-06-14 04:21:44,2025-07-14 04:21:44
873,11068,873,2025-04-03 22:27:32,2025-04-27 22:27:32
874,43474,874,2025-09-09 05:12:12,2025-10-02 05:12:12
875,10254,875,2025-04-24 15:16:00,2025-05-19 15:16:00
876,79613,876,2025-08-22 08:34:06,2025-08-31 08:34:06
877,76676,877,2025-05-17 08:37:25,2025-06-02 08:37:25
878,71115,878,2025-08-13 00:26:38,2025-08-18 00:26:38
879,330,879,2025-03-31 05:37:35,2025-04-13 05:37:35
880,75067,880,2025-06-14 04:41:12,2025-07-13 04:41:12
881,17414,881,2025-04-28 17:36:39,2025-05-05 17:36:39
882,70721,882,2025-01-29 00:27:50,2025-02-12 00:27:50
883,4526,883,2025-01-18 19:07:59,2025-02-02 19:07:59
884,25294,884,2025-05-17 15:01:32,2025-05-17 15:01:32
885,56265,885,2025-09-11 11:33:18,2025-09-22 11:33:18
886,25319,886,2025-01-15 20:56:20,2025-02-09 20:56:20
887,27060,887,2025-04-23 11:25:40,2025-05-19 11:25:40
888,14046,888,2025-05-12 15:01:21,2025-05-17 15:01:21
889,74973,889,2025-02-05 23:00:42,2025-03-05 23:00:42
890,79305,890,2025-09-24 03:27:45,2025-10-12 03:27:45
891,59944,891,2025-07-21 10:09:08,2025-07-24 10:09:08
892,49295,892,2025-01-18 02:34:15,2025-02-05 02:34:15
893,1919,893,2025-01-14 03:29:41,2025-01-15 03:29:41
894,44753,894,2025-01-23 12:31:00,2025-02-21 12:31:00
895,36326,895,2025-03-13 20:34:40,2025-03-13 20:34:40
896,66651,896,2025-09-22 16:34:46,2025-10-19 16:34:46
897,8724,897,2025-10-21 04:52:44,2025-11-15 04:52:44
898,156,898,2025-09-25 01:38:22,2025-09-28 01:38:22
899,3620,899,2025-07-17 18:00:32,2025-07-17 18:00:32
900,77830,900,2025-07-31 22:15:21,2025-08-10 22:15:21
901,44369,901,2025-10-08 19:44:35,2025-10-08 19:44:35
902,16210,902,2025-01-07 15:16:27,2025-01-28 15:16:27
903,401,903,2025-04-12 07:17:42,2025-04-26 07:17:42
904,68989,904,2025-03-31 18:30:24,2025-04-08 18:30:24
905,45882,905,2025-01-21 21:13:53,2025-01-21 21:13:53
906,16201,906,2025-04-03 08:40:02,2025-04-15 08:40:02
907,66879,907,2025-10-20 18:57:14,2025-11-13 18:57:14
908,36814,908,2025-02-08 04:10:29,2025-03-02 04:10:29
909,41135,909,2025-09-16 23:43:06,2025-09-29 23:43:06
910,19916,910,2025-09-11 05:54:39,2025-09-17 05:54:39
911,49411,911,2025-03-29 01:26:59,2025-04-28 01:26:59
912,45336,912,2025-01-25 04:56:22,2025-01-29 04:56:22
913,17586,913,2025-09-08 10:40:22,2025-09-22 10:40:22
914,12735,914,2024-12-31 12:40:50,2025-01-19 12:40:50
915,26584,915,2025-05-12 22:34:48,2025-06-05 22:34:48
916,17127,916,2025-05-24 14:53:20,2025-06-23 14:53:20
917,17195,917,2025-10-16 05:59:16,2025-11-04 05:59:16
918,68994,918,2025-04-20 08:16:51,2025-05-12 08:16:51
919,73052,919,2025-05-09 17:39:02,2025-05-21 17:39:02
920,11512,920,2025-07-23 00:05:31,2025-07-31 00:05:31
921,34457,921,2025-10-12 06:11:07,2025-10-23 06:11:07
922,74757,922,2025-08-07 10:41:37,2025-08-15 10:41:37
923,79247,923,2025-04-29 10:22:15,2025-05-25 10:22:15
924,16111,924,2025-01-27 03:07:38,2025-01-28 03:07:38
925,37212,925,2025-05-09 04:23:44,2025-05-16 04:23:44
926,64070,926,2025-06-20 04:33:35,2025-06-24 04:33:35
927,35616,927,2025-01-25 14:48:48,2025-02-24 14:48:48
928,35382,928,2025-03-02 06:18:38,2025-03-21 06:18:38
929,45933,929,2025-07-21 23:35:48,2025-07-24 23:35:48
930,66252,930,2025-04-14 06:35:31,2025-05-07 06:35:31
931,79991,931,2025-03-22 10:29:54,2025-04-03 10:29:54
932,64566,932,2025-01-03 00:29:59,2025-01-06 00:29:59
933,67884,933,2025-05-23 06:19:04,2025-06-08 06:19:04
934,76169,934,2025-08-08 07:38:22,2025-09-06 07:38:22
935,25815,935,2025-02-11 21:56:08,2025-02-11 21:56:08
936,23764,936,2025-06-01 19:39:12,2025-06-15 19:39:12
937,46757,937,2025-04-28 10:15:08,2025-05-03 10:15:08
938,11108,938,2024-12-30 07:54:01,2025-01-20 07:54:01
939,41080,939,2025-03-21 14:27:52,2025-03-23 14:27:52
940,78568,940,2025-04-21 20:02:46,2025-04-25 20:02:46
941,36342,941,2025-09-29 04:15:40,2025-10-12 04:15:40
942,37775,942,2025-08-26 04:46:53,2025-09-12 04:46:53
943,63863,943,2025-08-04 00:25:36,2025-08-12 00:25:36
944,79721,944,2025-02-05 04:33:25,2025-03-07 04:33:25
945,16495,945,2025-03-27 18:59:36,2025-04-25 18:59:36
946,34087,946,2025-03-05 19:46:23,2025-03-11 19:46:23
947,69000,947,2025-03-20 12:53:01,2025-03-22 12:53:01
948,64651,948,2025-07-27 15:44:04,2025-07-29 15:44:04
949,48549,949,2025-03-10 22:26:23,2025-03-26 22:26:23
950,60810,950,2025-03-27 22:57:51,2025-04-18 22:57:51
951,36522,951,2025-01-03 21:33:54,2025-01-31 21:33:54
952,73094,952,2025-02-14 06:59:32,2025-02-24 06:59:32
953,70318,953,2025-06-23 19:04:50,2025-06-28 19:04:50
954,46153,954,2025-07-15 17:45:04,2025-07-28 17:45:04
955,46494,955,2025-08-09 04:17:38,2025-09-02 04:17:38
956,9020,956,2024-12-29 16:35:15,2025-01-02 16:35:15
957,73526,957,2025-03-10 16:53:59,2025-04-09 16:53:59
958,42342,958,2025-06-16 03:51:04,2025-06-19 03:51:04
959,28846,959,2025-09-12 03:37:21,2025-09-27 03:37:21
960,22806,960,2025-02-10 12:00:01,2025-02-23 12:00:01
961,50601,961,2025-02-23 19:50:39,2025-03-20 19:50:39
962,16690,962,2025-01-21 13:38:11,2025-01-21 13:38:11
963,15365,963,2025-05-01 20:05:31,2025-05-12 20:05:31
964,17188,964,2025-04-05 23:23:00,2025-04-15 23:23:00
965,73908,965,2025-06-12 10:40:48,2025-07-05 10:40:48
966,11934,966,2025-03-01 21:03:06,2025-03-26 21:03:06
967,63862,967,2025-06-30 20:34:27,2025-07-12 20:34:27
968,58881,968,2025-05-07 06:18:25,2025-05-17 06:18:25
969,24449,969,2025-10-06 11:07:08,2025-10-25 11:07:08
970,11425,970,2025-06-27 13:04:18,2025-07-05 13:04:18
971,60696,971,2025-04-10 17:09:39,2025-04-24 17:09:39
972,30950,972,2025-03-03 19:36:37,2025-03-04 19:36:37
973,73171,973,2025-10-10 15:38:29,2025-10-23 15:38:29
974,40582,974,2025-08-03 04:01:52,2025-08-27 04:01:52
975,55084,975,2025-02-27 11:39:51,2025-03-21 11:39:51
976,79997,976,2025-03-04 19:39:21,2025-04-01 19:39:21
977,19646,977,2025-03-13 03:44:35,2025-04-06 03:44:35
978,45681,978,2025-10-10 23:52:51,2025-11-05 23:52:51
979,75382,979,2025-10-07 10:17:29,2025-10-28 10:17:29
980,39567,980,2025-02-13 03:27:51,2025-03-07 03:27:51
981,11503,981,2025-01-07 18:31:33,2025-02-02 18:31:33
982,19929,982,2025-05-12 11:55:56,2025-05-27 11:55:56
983,58380,983,2025-10-31 02:46:35,2025-11-16 02:46:35
984,61640,984,2025-10-24 16:50:22,2025-11-12 16:50:22
985,13572,985,2025-05-02 23:20:34,2025-05-18 23:20:34
986,43051,986,2025-07-06 00:00:52,2025-08-01 00:00:52
987,27277,987,2025-05-12 05:45:14,2025-05-30 05:45:14
988,34876,988,2025-07-17 22:45:03,2025-07-22 22:45:03
989,11884,989,2025-10-12 00:28:42,2025-10-26 00:28:42
990,15710,990,2025-10-02 03:50:02,2025-10-05 03:50:02
991,35706,991,2025-05-03 13:32:50,2025-05-20 13:32:50
992,44674,992,2025-04-05 12:11:45,2025-04-25 12:11:45
993,10414,993,2025-05-09 19:39:04,2025-05-19 19:39:04
994,60620,994,2025-04-12 00:00:00,2025-04-27 00:00:00
995,61711,995,2025-01-26 03:12:59,2025-02-15 03:12:59
996,26035,996,2024-12-30 18:03:30,2025-01-13 18:03:30
997,60667,997,2025-10-30 19:01:26,2025-11-06 19:01:26
998,32511,998,2025-06-23 04:14:53,2025-07-19 04:14:53
999,67659,999,2025-02-04 19:21:56,2025-02-10 19:21:56
1000,39796,1000,2025-08-13 15:35:49,2025-08-15 15:35:49
