district_id,province_code,name,code,created_at,updated_at
1,11,Kabupaten Aceh Barat,11.05,2025-11-30 21:11:06,2025-11-30 21:11:06
2,11,Kabupaten Aceh Barat Daya,11.12,2025-11-30 21:11:06,2025-11-30 21:11:06
3,11,Kabupaten Aceh Besar,11.06,2025-11-30 21:11:06,2025-11-30 21:11:06
4,11,Kabupaten Aceh Jaya,11.14,2025-11-30 21:11:06,2025-11-30 21:11:06
5,11,Kabupaten Aceh Selatan,11.01,2025-11-30 21:11:06,2025-11-30 21:11:06
6,11,Kabupaten Aceh Singkil,11.10,2025-11-30 21:11:06,2025-11-30 21:11:06
7,11,Kabupaten Aceh Tamiang,11.16,2025-11-30 21:11:06,2025-11-30 21:11:06
8,11,Kabupaten Aceh Tengah,11.04,2025-11-30 21:11:06,2025-11-30 21:11:06
9,11,Kabupaten Aceh Tenggara,11.02,2025-11-30 21:11:06,2025-11-30 21:11:06
10,11,Kabupaten Aceh Timur,11.03,2025-11-30 21:11:06,2025-11-30 21:11:06
11,11,Kabupaten Aceh Utara,11.08,2025-11-30 21:11:06,2025-11-30 21:11:06
12,11,Kabupaten Bener Meriah,11.17,2025-11-30 21:11:06,2025-11-30 21:11:06
13,11,Kabupaten Bireuen,11.11,2025-11-30 21:11:06,2025-11-30 21:11:06
14,11,Kabupaten Gayo Lues,11.13,2025-11-30 21:11:06,2025-11-30 21:11:06
15,11,Kabupaten Nagan Raya,11.15,2025-11-30 21:11:06,2025-11-30 21:11:06
16,11,Kabupaten Pidie,11.07,2025-11-30 21:11:06,2025-11-30 21:11:06
17,11,Kabupaten Pidie Jaya,11.18,2025-11-30 21:11:06,2025-11-30 21:11:06
18,11,Kabupaten Simeulue,11.09,2025-11-30 21:11:06,2025-11-30 21:11:06
19,11,Kota Banda Aceh,11.71,2025-11-30 21:11:06,2025-11-30 21:11:06
20,11,Kota Langsa,11.74,2025-11-30 21:11:06,2025-11-30 21:11:06
21,11,Kota Lhokseumawe,11.73,2025-11-30 21:11:06,2025-11-30 21:11:06
22,11,Kota Sabang,11.72,2025-11-30 21:11:06,2025-11-30 21:11:06
23,11,Kota Subulussalam,11.75,2025-11-30 21:11:06,2025-11-30 21:11:06
24,51,Kabupaten Badung,51.03,2025-11-30 21:11:06,2025-11-30 21:11:06
25,51,Kabupaten Bangli,51.06,2025-11-30 21:11:06,2025-11-30 21:11:06
26,51,Kabupaten Buleleng,51.08,2025-11-30 21:11:06,2025-11-30 21:11:06
27,51,Kabupaten Gianyar,51.04,2025-11-30 21:11:06,2025-11-30 21:11:06
28,51,Kabupaten Jembrana,51.01,2025-11-30 21:11:06,2025-11-30 21:11:06
29,51,Kabupaten Karangasem,51.07,2025-11-30 21:11:06,2025-11-30 21:11:06
30,51,Kabupaten Klungkung,51.05,2025-11-30 21:11:06,2025-11-30 21:11:06
31,51,Kabupaten Tabanan,51.02,2025-11-30 21:11:06,2025-11-30 21:11:06
32,51,Kota Denpasar,51.71,2025-11-30 21:11:06,2025-11-30 21:11:06
33,36,Kabupaten Lebak,36.02,2025-11-30 21:11:07,2025-11-30 21:11:07
34,36,Kabupaten Pandeglang,36.01,2025-11-30 21:11:07,2025-11-30 21:11:07
35,36,Kabupaten Serang,36.04,2025-11-30 21:11:07,2025-11-30 21:11:07
36,36,Kabupaten Tangerang,36.03,2025-11-30 21:11:07,2025-11-30 21:11:07
37,36,Kota Cilegon,36.72,2025-11-30 21:11:07,2025-11-30 21:11:07
38,36,Kota Serang,36.73,2025-11-30 21:11:07,2025-11-30 21:11:07
39,36,Kota Tangerang,36.71,2025-11-30 21:11:07,2025-11-30 21:11:07
40,36,Kota Tangerang Selatan,36.74,2025-11-30 21:11:07,2025-11-30 21:11:07
41,17,Kabupaten Bengkulu Selatan,17.01,2025-11-30 21:11:07,2025-11-30 21:11:07
42,17,Kabupaten Bengkulu Tengah,17.09,2025-11-30 21:11:07,2025-11-30 21:11:07
43,17,Kabupaten Bengkulu Utara,17.03,2025-11-30 21:11:07,2025-11-30 21:11:07
44,17,Kabupaten Kaur,17.04,2025-11-30 21:11:07,2025-11-30 21:11:07
45,17,Kabupaten Kepahiang,17.08,2025-11-30 21:11:07,2025-11-30 21:11:07
46,17,Kabupaten Lebong,17.07,2025-11-30 21:11:07,2025-11-30 21:11:07
47,17,Kabupaten Mukomuko,17.06,2025-11-30 21:11:07,2025-11-30 21:11:07
48,17,Kabupaten Rejang Lebong,17.02,2025-11-30 21:11:07,2025-11-30 21:11:07
49,17,Kabupaten Seluma,17.05,2025-11-30 21:11:07,2025-11-30 21:11:07
50,17,Kota Bengkulu,17.71,2025-11-30 21:11:07,2025-11-30 21:11:07
51,34,Kabupaten Bantul,34.02,2025-11-30 21:11:08,2025-11-30 21:11:08
52,34,Kabupaten Gunungkidul,34.03,2025-11-30 21:11:08,2025-11-30 21:11:08
53,34,Kabupaten Kulon Progo,34.01,2025-11-30 21:11:08,2025-11-30 21:11:08
54,34,Kabupaten Sleman,34.04,2025-11-30 21:11:08,2025-11-30 21:11:08
55,34,Kota Yogyakarta,34.71,2025-11-30 21:11:08,2025-11-30 21:11:08
56,31,Kabupaten Administrasi Kepulauan Seribu,31.01,2025-11-30 21:11:08,2025-11-30 21:11:08
57,31,Kota Administrasi Jakarta Barat,31.73,2025-11-30 21:11:08,2025-11-30 21:11:08
58,31,Kota Administrasi Jakarta Pusat,31.71,2025-11-30 21:11:08,2025-11-30 21:11:08
59,31,Kota Administrasi Jakarta Selatan,31.74,2025-11-30 21:11:08,2025-11-30 21:11:08
60,31,Kota Administrasi Jakarta Timur,31.75,2025-11-30 21:11:08,2025-11-30 21:11:08
61,31,Kota Administrasi Jakarta Utara ,31.72,2025-11-30 21:11:08,2025-11-30 21:11:08
62,75,Kabupaten Boalemo,75.02,2025-11-30 21:11:08,2025-11-30 21:11:08
63,75,Kabupaten Bone Bolango,75.03,2025-11-30 21:11:08,2025-11-30 21:11:08
64,75,Kabupaten Gorontalo,75.01,2025-11-30 21:11:08,2025-11-30 21:11:08
65,75,Kabupaten Gorontalo Utara,75.05,2025-11-30 21:11:08,2025-11-30 21:11:08
66,75,Kabupaten Pohuwato,75.04,2025-11-30 21:11:08,2025-11-30 21:11:08
67,75,Kota Gorontalo,75.71,2025-11-30 21:11:08,2025-11-30 21:11:08
68,15,Kabupaten  Merangin,15.02,2025-11-30 21:11:09,2025-11-30 21:11:09
69,15,Kabupaten  Muaro Jambi,15.05,2025-11-30 21:11:09,2025-11-30 21:11:09
70,15,Kabupaten Batanghari,15.04,2025-11-30 21:11:09,2025-11-30 21:11:09
71,15,Kabupaten Bungo,15.08,2025-11-30 21:11:09,2025-11-30 21:11:09
72,15,Kabupaten Kerinci,15.01,2025-11-30 21:11:09,2025-11-30 21:11:09
73,15,Kabupaten Sarolangun,15.03,2025-11-30 21:11:09,2025-11-30 21:11:09
74,15,Kabupaten Tanjung Jabung Barat,15.06,2025-11-30 21:11:09,2025-11-30 21:11:09
75,15,Kabupaten Tanjung Jabung Timur,15.07,2025-11-30 21:11:09,2025-11-30 21:11:09
76,15,Kabupaten Tebo,15.09,2025-11-30 21:11:09,2025-11-30 21:11:09
77,15,Kota Jambi,15.71,2025-11-30 21:11:09,2025-11-30 21:11:09
78,15,Kota Sungai Penuh,15.72,2025-11-30 21:11:09,2025-11-30 21:11:09
79,32,Kabupaten Bandung,32.04,2025-11-30 21:11:09,2025-11-30 21:11:09
80,32,Kabupaten Bandung Barat,32.17,2025-11-30 21:11:09,2025-11-30 21:11:09
81,32,Kabupaten Bekasi,32.16,2025-11-30 21:11:09,2025-11-30 21:11:09
82,32,Kabupaten Bogor,32.01,2025-11-30 21:11:09,2025-11-30 21:11:09
83,32,Kabupaten Ciamis,32.07,2025-11-30 21:11:09,2025-11-30 21:11:09
84,32,Kabupaten Cianjur,32.03,2025-11-30 21:11:09,2025-11-30 21:11:09
85,32,Kabupaten Cirebon,32.09,2025-11-30 21:11:09,2025-11-30 21:11:09
86,32,Kabupaten Garut,32.05,2025-11-30 21:11:09,2025-11-30 21:11:09
87,32,Kabupaten Indramayu,32.12,2025-11-30 21:11:09,2025-11-30 21:11:09
88,32,Kabupaten Karawang,32.15,2025-11-30 21:11:09,2025-11-30 21:11:09
89,32,Kabupaten Kuningan,32.08,2025-11-30 21:11:09,2025-11-30 21:11:09
90,32,Kabupaten Majalengka,32.10,2025-11-30 21:11:09,2025-11-30 21:11:09
91,32,Kabupaten Pangandaran,32.18,2025-11-30 21:11:09,2025-11-30 21:11:09
92,32,Kabupaten Purwakarta,32.14,2025-11-30 21:11:09,2025-11-30 21:11:09
93,32,Kabupaten Subang,32.13,2025-11-30 21:11:09,2025-11-30 21:11:09
94,32,Kabupaten Sukabumi,32.02,2025-11-30 21:11:09,2025-11-30 21:11:09
95,32,Kabupaten Sumedang,32.11,2025-11-30 21:11:09,2025-11-30 21:11:09
96,32,Kabupaten Tasikmalaya,32.06,2025-11-30 21:11:09,2025-11-30 21:11:09
97,32,Kota Bandung,32.73,2025-11-30 21:11:09,2025-11-30 21:11:09
98,32,Kota Banjar,32.79,2025-11-30 21:11:09,2025-11-30 21:11:09
99,32,Kota Bekasi,32.75,2025-11-30 21:11:09,2025-11-30 21:11:09
100,32,Kota Bogor,32.71,2025-11-30 21:11:09,2025-11-30 21:11:09
101,32,Kota Cimahi,32.77,2025-11-30 21:11:09,2025-11-30 21:11:09
102,32,Kota Cirebon,32.74,2025-11-30 21:11:09,2025-11-30 21:11:09
103,32,Kota Depok,32.76,2025-11-30 21:11:09,2025-11-30 21:11:09
104,32,Kota Sukabumi,32.72,2025-11-30 21:11:09,2025-11-30 21:11:09
105,32,Kota Tasikmalaya,32.78,2025-11-30 21:11:09,2025-11-30 21:11:09
106,33,Kabupaten Banjarnegara,33.04,2025-11-30 21:11:10,2025-11-30 21:11:10
107,33,Kabupaten Banyumas,33.02,2025-11-30 21:11:10,2025-11-30 21:11:10
108,33,Kabupaten Batang,33.25,2025-11-30 21:11:10,2025-11-30 21:11:10
109,33,Kabupaten Blora,33.16,2025-11-30 21:11:10,2025-11-30 21:11:10
110,33,Kabupaten Boyolali,33.09,2025-11-30 21:11:10,2025-11-30 21:11:10
111,33,Kabupaten Brebes,33.29,2025-11-30 21:11:10,2025-11-30 21:11:10
112,33,Kabupaten Cilacap,33.01,2025-11-30 21:11:10,2025-11-30 21:11:10
113,33,Kabupaten Demak,33.21,2025-11-30 21:11:10,2025-11-30 21:11:10
114,33,Kabupaten Grobogan,33.15,2025-11-30 21:11:10,2025-11-30 21:11:10
115,33,Kabupaten Jepara,33.20,2025-11-30 21:11:10,2025-11-30 21:11:10
116,33,Kabupaten Karanganyar,33.13,2025-11-30 21:11:10,2025-11-30 21:11:10
117,33,Kabupaten Kebumen,33.05,2025-11-30 21:11:10,2025-11-30 21:11:10
118,33,Kabupaten Kendal,33.24,2025-11-30 21:11:10,2025-11-30 21:11:10
119,33,Kabupaten Klaten,33.10,2025-11-30 21:11:10,2025-11-30 21:11:10
120,33,Kabupaten Kudus,33.19,2025-11-30 21:11:10,2025-11-30 21:11:10
121,33,Kabupaten Magelang,33.08,2025-11-30 21:11:10,2025-11-30 21:11:10
122,33,Kabupaten Pati,33.18,2025-11-30 21:11:10,2025-11-30 21:11:10
123,33,Kabupaten Pekalongan,33.26,2025-11-30 21:11:10,2025-11-30 21:11:10
124,33,Kabupaten Pemalang,33.27,2025-11-30 21:11:10,2025-11-30 21:11:10
125,33,Kabupaten Purbalingga,33.03,2025-11-30 21:11:10,2025-11-30 21:11:10
126,33,Kabupaten Purworejo,33.06,2025-11-30 21:11:10,2025-11-30 21:11:10
127,33,Kabupaten Rembang,33.17,2025-11-30 21:11:10,2025-11-30 21:11:10
128,33,Kabupaten Semarang,33.22,2025-11-30 21:11:10,2025-11-30 21:11:10
129,33,Kabupaten Sragen,33.14,2025-11-30 21:11:10,2025-11-30 21:11:10
130,33,Kabupaten Sukoharjo,33.11,2025-11-30 21:11:10,2025-11-30 21:11:10
131,33,Kabupaten Tegal,33.28,2025-11-30 21:11:10,2025-11-30 21:11:10
132,33,Kabupaten Temanggung,33.23,2025-11-30 21:11:10,2025-11-30 21:11:10
133,33,Kabupaten Wonogiri,33.12,2025-11-30 21:11:10,2025-11-30 21:11:10
134,33,Kabupaten Wonosobo,33.07,2025-11-30 21:11:10,2025-11-30 21:11:10
135,33,Kota Magelang,33.71,2025-11-30 21:11:10,2025-11-30 21:11:10
136,33,Kota Pekalongan,33.75,2025-11-30 21:11:10,2025-11-30 21:11:10
137,33,Kota Salatiga,33.73,2025-11-30 21:11:10,2025-11-30 21:11:10
138,33,Kota Semarang,33.74,2025-11-30 21:11:10,2025-11-30 21:11:10
139,33,Kota Surakarta,33.72,2025-11-30 21:11:10,2025-11-30 21:11:10
140,33,Kota Tegal,33.76,2025-11-30 21:11:10,2025-11-30 21:11:10
141,35,Kabupaten Bangkalan,35.26,2025-11-30 21:11:10,2025-11-30 21:11:10
142,35,Kabupaten Banyuwangi,35.10,2025-11-30 21:11:10,2025-11-30 21:11:10
143,35,Kabupaten Blitar,35.05,2025-11-30 21:11:10,2025-11-30 21:11:10
144,35,Kabupaten Bojonegoro,35.22,2025-11-30 21:11:10,2025-11-30 21:11:10
145,35,Kabupaten Bondowoso,35.11,2025-11-30 21:11:10,2025-11-30 21:11:10
146,35,Kabupaten Gresik,35.25,2025-11-30 21:11:10,2025-11-30 21:11:10
147,35,Kabupaten Jember,35.09,2025-11-30 21:11:10,2025-11-30 21:11:10
148,35,Kabupaten Jombang,35.17,2025-11-30 21:11:10,2025-11-30 21:11:10
149,35,Kabupaten Kediri,35.06,2025-11-30 21:11:10,2025-11-30 21:11:10
150,35,Kabupaten Lamongan,35.24,2025-11-30 21:11:10,2025-11-30 21:11:10
151,35,Kabupaten Lumajang,35.08,2025-11-30 21:11:10,2025-11-30 21:11:10
152,35,Kabupaten Madiun,35.19,2025-11-30 21:11:10,2025-11-30 21:11:10
153,35,Kabupaten Magetan,35.20,2025-11-30 21:11:10,2025-11-30 21:11:10
154,35,Kabupaten Malang,35.07,2025-11-30 21:11:10,2025-11-30 21:11:10
155,35,Kabupaten Mojokerto,35.16,2025-11-30 21:11:10,2025-11-30 21:11:10
156,35,Kabupaten Nganjuk,35.18,2025-11-30 21:11:10,2025-11-30 21:11:10
157,35,Kabupaten Ngawi,35.21,2025-11-30 21:11:10,2025-11-30 21:11:10
158,35,Kabupaten Pacitan,35.01,2025-11-30 21:11:10,2025-11-30 21:11:10
159,35,Kabupaten Pamekasan,35.28,2025-11-30 21:11:10,2025-11-30 21:11:10
160,35,Kabupaten Pasuruan,35.14,2025-11-30 21:11:10,2025-11-30 21:11:10
161,35,Kabupaten Ponorogo,35.02,2025-11-30 21:11:10,2025-11-30 21:11:10
162,35,Kabupaten Probolinggo,35.13,2025-11-30 21:11:10,2025-11-30 21:11:10
163,35,Kabupaten Sampang,35.27,2025-11-30 21:11:10,2025-11-30 21:11:10
164,35,Kabupaten Sidoarjo,35.15,2025-11-30 21:11:10,2025-11-30 21:11:10
165,35,Kabupaten Situbondo,35.12,2025-11-30 21:11:10,2025-11-30 21:11:10
166,35,Kabupaten Sumenep,35.29,2025-11-30 21:11:10,2025-11-30 21:11:10
167,35,Kabupaten Trenggalek,35.03,2025-11-30 21:11:10,2025-11-30 21:11:10
168,35,Kabupaten Tuban,35.23,2025-11-30 21:11:10,2025-11-30 21:11:10
169,35,Kabupaten Tulungagung,35.04,2025-11-30 21:11:10,2025-11-30 21:11:10
170,35,Kota Batu,35.79,2025-11-30 21:11:10,2025-11-30 21:11:10
171,35,Kota Blitar,35.72,2025-11-30 21:11:10,2025-11-30 21:11:10
172,35,Kota Kediri,35.71,2025-11-30 21:11:10,2025-11-30 21:11:10
173,35,Kota Madiun,35.77,2025-11-30 21:11:10,2025-11-30 21:11:10
174,35,Kota Malang,35.73,2025-11-30 21:11:10,2025-11-30 21:11:10
175,35,Kota Mojokerto,35.76,2025-11-30 21:11:10,2025-11-30 21:11:10
176,35,Kota Pasuruan,35.75,2025-11-30 21:11:10,2025-11-30 21:11:10
177,35,Kota Probolinggo,35.74,2025-11-30 21:11:10,2025-11-30 21:11:10
178,35,Kota Surabaya,35.78,2025-11-30 21:11:10,2025-11-30 21:11:10
179,61,Kabupaten Bengkayang,61.07,2025-11-30 21:11:11,2025-11-30 21:11:11
180,61,Kabupaten Kapuas Hulu,61.06,2025-11-30 21:11:11,2025-11-30 21:11:11
181,61,Kabupaten Kayong Utara,61.11,2025-11-30 21:11:11,2025-11-30 21:11:11
182,61,Kabupaten Ketapang,61.04,2025-11-30 21:11:11,2025-11-30 21:11:11
183,61,Kabupaten Kubu Raya,61.12,2025-11-30 21:11:11,2025-11-30 21:11:11
184,61,Kabupaten Landak,61.08,2025-11-30 21:11:11,2025-11-30 21:11:11
185,61,Kabupaten Melawi,61.10,2025-11-30 21:11:11,2025-11-30 21:11:11
186,61,Kabupaten Mempawah,61.02,2025-11-30 21:11:11,2025-11-30 21:11:11
187,61,Kabupaten Sambas,61.01,2025-11-30 21:11:11,2025-11-30 21:11:11
188,61,Kabupaten Sanggau,61.03,2025-11-30 21:11:11,2025-11-30 21:11:11
189,61,Kabupaten Sekadau,61.09,2025-11-30 21:11:11,2025-11-30 21:11:11
190,61,Kabupaten Sintang,61.05,2025-11-30 21:11:11,2025-11-30 21:11:11
191,61,Kota Pontianak,61.71,2025-11-30 21:11:11,2025-11-30 21:11:11
192,61,Kota Singkawang,61.72,2025-11-30 21:11:11,2025-11-30 21:11:11
193,63,Kabupaten Balangan,63.11,2025-11-30 21:11:11,2025-11-30 21:11:11
194,63,Kabupaten Banjar,63.03,2025-11-30 21:11:11,2025-11-30 21:11:11
195,63,Kabupaten Barito Kuala,63.04,2025-11-30 21:11:11,2025-11-30 21:11:11
196,63,Kabupaten Hulu Sungai Selatan,63.06,2025-11-30 21:11:11,2025-11-30 21:11:11
197,63,Kabupaten Hulu Sungai Tengah,63.07,2025-11-30 21:11:11,2025-11-30 21:11:11
198,63,Kabupaten Hulu Sungai Utara,63.08,2025-11-30 21:11:11,2025-11-30 21:11:11
199,63,Kabupaten Kotabaru,63.02,2025-11-30 21:11:11,2025-11-30 21:11:11
200,63,Kabupaten Tabalong,63.09,2025-11-30 21:11:11,2025-11-30 21:11:11
201,63,Kabupaten Tanah Bumbu,63.10,2025-11-30 21:11:11,2025-11-30 21:11:11
202,63,Kabupaten Tanah Laut,63.01,2025-11-30 21:11:11,2025-11-30 21:11:11
203,63,Kabupaten Tapin,63.05,2025-11-30 21:11:11,2025-11-30 21:11:11
204,63,Kota Banjarbaru,63.72,2025-11-30 21:11:11,2025-11-30 21:11:11
205,63,Kota Banjarmasin,63.71,2025-11-30 21:11:11,2025-11-30 21:11:11
206,62,Kabupaten Barito Selatan,62.04,2025-11-30 21:11:12,2025-11-30 21:11:12
207,62,Kabupaten Barito Timur,62.13,2025-11-30 21:11:12,2025-11-30 21:11:12
208,62,Kabupaten Barito Utara,62.05,2025-11-30 21:11:12,2025-11-30 21:11:12
209,62,Kabupaten Gunung Mas,62.10,2025-11-30 21:11:12,2025-11-30 21:11:12
210,62,Kabupaten Kapuas,62.03,2025-11-30 21:11:12,2025-11-30 21:11:12
211,62,Kabupaten Katingan,62.06,2025-11-30 21:11:12,2025-11-30 21:11:12
212,62,Kabupaten Kotawaringin Barat,62.01,2025-11-30 21:11:12,2025-11-30 21:11:12
213,62,Kabupaten Kotawaringin Timur,62.02,2025-11-30 21:11:12,2025-11-30 21:11:12
214,62,Kabupaten Lamandau,62.09,2025-11-30 21:11:12,2025-11-30 21:11:12
215,62,Kabupaten Murung Raya,62.12,2025-11-30 21:11:12,2025-11-30 21:11:12
216,62,Kabupaten Pulang Pisau,62.11,2025-11-30 21:11:12,2025-11-30 21:11:12
217,62,Kabupaten Seruyan,62.07,2025-11-30 21:11:12,2025-11-30 21:11:12
218,62,Kabupaten Sukamara,62.08,2025-11-30 21:11:12,2025-11-30 21:11:12
219,62,Kota Palangkaraya,62.71,2025-11-30 21:11:12,2025-11-30 21:11:12
220,64,Kabupaten Berau,64.03,2025-11-30 21:11:12,2025-11-30 21:11:12
221,64,Kabupaten Kutai Barat,64.07,2025-11-30 21:11:12,2025-11-30 21:11:12
222,64,Kabupaten Kutai Kartanegara,64.02,2025-11-30 21:11:12,2025-11-30 21:11:12
223,64,Kabupaten Kutai Timur,64.08,2025-11-30 21:11:12,2025-11-30 21:11:12
224,64,Kabupaten Mahakam Ulu,64.11,2025-11-30 21:11:12,2025-11-30 21:11:12
225,64,Kabupaten Paser,64.01,2025-11-30 21:11:12,2025-11-30 21:11:12
226,64,Kabupaten Penajam Paser Utara,64.09,2025-11-30 21:11:12,2025-11-30 21:11:12
227,64,Kota Balikpapan,64.71,2025-11-30 21:11:12,2025-11-30 21:11:12
228,64,Kota Bontang,64.74,2025-11-30 21:11:12,2025-11-30 21:11:12
229,64,Kota Samarinda,64.72,2025-11-30 21:11:12,2025-11-30 21:11:12
230,65,Kabupaten Bulungan,65.01,2025-11-30 21:11:13,2025-11-30 21:11:13
231,65,Kabupaten Malinau,65.02,2025-11-30 21:11:13,2025-11-30 21:11:13
232,65,Kabupaten Nunukan,65.03,2025-11-30 21:11:13,2025-11-30 21:11:13
233,65,Kabupaten Tana Tidung,65.04,2025-11-30 21:11:13,2025-11-30 21:11:13
234,65,Kota Tarakan,65.71,2025-11-30 21:11:13,2025-11-30 21:11:13
235,19,Kabupaten Bangka,19.01,2025-11-30 21:11:13,2025-11-30 21:11:13
236,19,Kabupaten Bangka Barat,19.05,2025-11-30 21:11:13,2025-11-30 21:11:13
237,19,Kabupaten Bangka Selatan,19.03,2025-11-30 21:11:13,2025-11-30 21:11:13
238,19,Kabupaten Bangka Tengah,19.04,2025-11-30 21:11:13,2025-11-30 21:11:13
239,19,Kabupaten Belitung,19.02,2025-11-30 21:11:13,2025-11-30 21:11:13
240,19,Kabupaten Belitung Timur,19.06,2025-11-30 21:11:13,2025-11-30 21:11:13
241,19,Kota Pangkal Pinang,19.71,2025-11-30 21:11:13,2025-11-30 21:11:13
242,21,Kabupaten Bintan,21.01,2025-11-30 21:11:13,2025-11-30 21:11:13
243,21,Kabupaten Karimun,21.02,2025-11-30 21:11:13,2025-11-30 21:11:13
244,21,Kabupaten Kepulauan Anambas,21.05,2025-11-30 21:11:13,2025-11-30 21:11:13
245,21,Kabupaten Lingga,21.04,2025-11-30 21:11:13,2025-11-30 21:11:13
246,21,Kabupaten Natuna,21.03,2025-11-30 21:11:13,2025-11-30 21:11:13
247,21,Kota Batam,21.71,2025-11-30 21:11:13,2025-11-30 21:11:13
248,21,Kota Tanjung Pinang,21.72,2025-11-30 21:11:13,2025-11-30 21:11:13
249,18,Kabupaten Lampung Barat,18.04,2025-11-30 21:11:14,2025-11-30 21:11:14
250,18,Kabupaten Lampung Selatan,18.01,2025-11-30 21:11:14,2025-11-30 21:11:14
251,18,Kabupaten Lampung Tengah,18.02,2025-11-30 21:11:14,2025-11-30 21:11:14
252,18,Kabupaten Lampung Timur,18.07,2025-11-30 21:11:14,2025-11-30 21:11:14
253,18,Kabupaten Lampung Utara,18.03,2025-11-30 21:11:14,2025-11-30 21:11:14
254,18,Kabupaten Mesuji,18.11,2025-11-30 21:11:14,2025-11-30 21:11:14
255,18,Kabupaten Pesawaran,18.09,2025-11-30 21:11:14,2025-11-30 21:11:14
256,18,Kabupaten Pesisir Barat,18.13,2025-11-30 21:11:14,2025-11-30 21:11:14
257,18,Kabupaten Pringsewu,18.10,2025-11-30 21:11:14,2025-11-30 21:11:14
258,18,Kabupaten Tanggamus,18.06,2025-11-30 21:11:14,2025-11-30 21:11:14
259,18,Kabupaten Tulang Bawang,18.05,2025-11-30 21:11:14,2025-11-30 21:11:14
260,18,Kabupaten Tulang Bawang Barat,18.12,2025-11-30 21:11:14,2025-11-30 21:11:14
261,18,Kabupaten Way Kanan,18.08,2025-11-30 21:11:14,2025-11-30 21:11:14
262,18,Kota Bandar Lampung,18.71,2025-11-30 21:11:14,2025-11-30 21:11:14
263,18,Kota Metro,18.72,2025-11-30 21:11:14,2025-11-30 21:11:14
264,81,Kabupaten Buru,81.04,2025-11-30 21:11:14,2025-11-30 21:11:14
265,81,Kabupaten Buru Selatan,81.09,2025-11-30 21:11:14,2025-11-30 21:11:14
266,81,Kabupaten Kepulauan Aru,81.07,2025-11-30 21:11:14,2025-11-30 21:11:14
267,81,Kabupaten Kepulauan Tanimbar,81.03,2025-11-30 21:11:14,2025-11-30 21:11:14
268,81,Kabupaten Maluku Barat Daya,81.08,2025-11-30 21:11:14,2025-11-30 21:11:14
269,81,Kabupaten Maluku Tengah,81.01,2025-11-30 21:11:14,2025-11-30 21:11:14
270,81,Kabupaten Maluku Tenggara,81.02,2025-11-30 21:11:14,2025-11-30 21:11:14
271,81,Kabupaten Seram Bagian Barat,81.06,2025-11-30 21:11:14,2025-11-30 21:11:14
272,81,Kabupaten Seram Bagian Timur,81.05,2025-11-30 21:11:14,2025-11-30 21:11:14
273,81,Kota Ambon,81.71,2025-11-30 21:11:14,2025-11-30 21:11:14
274,81,Kota Tual,81.72,2025-11-30 21:11:14,2025-11-30 21:11:14
275,82,Kabupaten Halmahera Barat,82.01,2025-11-30 21:11:15,2025-11-30 21:11:15
276,82,Kabupaten Halmahera Selatan,82.04,2025-11-30 21:11:15,2025-11-30 21:11:15
277,82,Kabupaten Halmahera Tengah,82.02,2025-11-30 21:11:15,2025-11-30 21:11:15
278,82,Kabupaten Halmahera Timur,82.06,2025-11-30 21:11:15,2025-11-30 21:11:15
279,82,Kabupaten Halmahera Utara,82.03,2025-11-30 21:11:15,2025-11-30 21:11:15
280,82,Kabupaten Kepulauan Sula,82.05,2025-11-30 21:11:15,2025-11-30 21:11:15
281,82,Kabupaten Pulau Morotai,82.07,2025-11-30 21:11:15,2025-11-30 21:11:15
282,82,Kabupaten Pulau Taliabu,82.08,2025-11-30 21:11:15,2025-11-30 21:11:15
283,82,Kota Ternate,82.71,2025-11-30 21:11:15,2025-11-30 21:11:15
284,82,Kota Tidore Kepulauan,82.72,2025-11-30 21:11:15,2025-11-30 21:11:15
285,52,Kabupaten Bima,52.06,2025-11-30 21:11:15,2025-11-30 21:11:15
286,52,Kabupaten Dompu,52.05,2025-11-30 21:11:15,2025-11-30 21:11:15
287,52,Kabupaten Lombok Barat,52.01,2025-11-30 21:11:15,2025-11-30 21:11:15
288,52,Kabupaten Lombok Tengah,52.02,2025-11-30 21:11:15,2025-11-30 21:11:15
289,52,Kabupaten Lombok Timur,52.03,2025-11-30 21:11:15,2025-11-30 21:11:15
290,52,Kabupaten Lombok Utara,52.08,2025-11-30 21:11:15,2025-11-30 21:11:15
291,52,Kabupaten Sumbawa,52.04,2025-11-30 21:11:15,2025-11-30 21:11:15
292,52,Kabupaten Sumbawa Barat,52.07,2025-11-30 21:11:15,2025-11-30 21:11:15
293,52,Kota Bima,52.72,2025-11-30 21:11:15,2025-11-30 21:11:15
294,52,Kota Mataram,52.71,2025-11-30 21:11:15,2025-11-30 21:11:15
295,53,Kab Timor Tengah Selatan,53.02,2025-11-30 21:11:16,2025-11-30 21:11:16
296,53,Kabupaten Alor,53.05,2025-11-30 21:11:16,2025-11-30 21:11:16
297,53,Kabupaten Belu,53.04,2025-11-30 21:11:16,2025-11-30 21:11:16
298,53,Kabupaten Ende,53.08,2025-11-30 21:11:16,2025-11-30 21:11:16
299,53,Kabupaten Flores Timur,53.06,2025-11-30 21:11:16,2025-11-30 21:11:16
300,53,Kabupaten Kupang,53.01,2025-11-30 21:11:16,2025-11-30 21:11:16
301,53,Kabupaten Lembata,53.13,2025-11-30 21:11:16,2025-11-30 21:11:16
302,53,Kabupaten Malaka,53.21,2025-11-30 21:11:16,2025-11-30 21:11:16
303,53,Kabupaten Manggarai,53.10,2025-11-30 21:11:16,2025-11-30 21:11:16
304,53,Kabupaten Manggarai Barat,53.15,2025-11-30 21:11:16,2025-11-30 21:11:16
305,53,Kabupaten Manggarai Timur,53.19,2025-11-30 21:11:16,2025-11-30 21:11:16
306,53,Kabupaten Nagekeo,53.16,2025-11-30 21:11:16,2025-11-30 21:11:16
307,53,Kabupaten Ngada,53.09,2025-11-30 21:11:16,2025-11-30 21:11:16
308,53,Kabupaten Rote Ndao,53.14,2025-11-30 21:11:16,2025-11-30 21:11:16
309,53,Kabupaten Sabu Raijua,53.20,2025-11-30 21:11:16,2025-11-30 21:11:16
310,53,Kabupaten Sikka,53.07,2025-11-30 21:11:16,2025-11-30 21:11:16
311,53,Kabupaten Sumba Barat,53.12,2025-11-30 21:11:16,2025-11-30 21:11:16
312,53,Kabupaten Sumba Barat Daya,53.18,2025-11-30 21:11:16,2025-11-30 21:11:16
313,53,Kabupaten Sumba Tengah,53.17,2025-11-30 21:11:16,2025-11-30 21:11:16
314,53,Kabupaten Sumba Timur,53.11,2025-11-30 21:11:16,2025-11-30 21:11:16
315,53,Kabupaten Timor Tengah Utara,53.03,2025-11-30 21:11:16,2025-11-30 21:11:16
316,53,Kota Kupang,53.71,2025-11-30 21:11:16,2025-11-30 21:11:16
317,91,Kabupaten Biak Numfor,91.06,2025-11-30 21:11:16,2025-11-30 21:11:16
318,91,Kabupaten Jayapura,91.03,2025-11-30 21:11:16,2025-11-30 21:11:16
319,91,Kabupaten Keerom,91.11,2025-11-30 21:11:16,2025-11-30 21:11:16
320,91,Kabupaten Kepulauan Yapen,91.05,2025-11-30 21:11:16,2025-11-30 21:11:16
321,91,Kabupaten Mamberamo Raya,91.20,2025-11-30 21:11:16,2025-11-30 21:11:16
322,91,Kabupaten Sarmi,91.10,2025-11-30 21:11:16,2025-11-30 21:11:16
323,91,Kabupaten Supiori,91.19,2025-11-30 21:11:16,2025-11-30 21:11:16
324,91,Kabupaten Waropen,91.15,2025-11-30 21:11:16,2025-11-30 21:11:16
325,91,Kota Jayapura,91.71,2025-11-30 21:11:16,2025-11-30 21:11:16
326,92,Kabupaten Fak Fak,92.03,2025-11-30 21:11:17,2025-11-30 21:11:17
327,92,Kabupaten Kaimana,92.08,2025-11-30 21:11:17,2025-11-30 21:11:17
328,92,Kabupaten Manokwari,92.02,2025-11-30 21:11:17,2025-11-30 21:11:17
329,92,Kabupaten Manokwari Selatan,92.11,2025-11-30 21:11:17,2025-11-30 21:11:17
330,92,Kabupaten Pegunungan Arfak,92.12,2025-11-30 21:11:17,2025-11-30 21:11:17
331,92,Kabupaten Teluk Bintuni,92.06,2025-11-30 21:11:17,2025-11-30 21:11:17
332,92,Kabupaten Teluk Wondama,92.07,2025-11-30 21:11:17,2025-11-30 21:11:17
333,96,Kabupaten Maybrat,96.05,2025-11-30 21:11:17,2025-11-30 21:11:17
334,96,Kabupaten Raja Ampat,96.03,2025-11-30 21:11:17,2025-11-30 21:11:17
335,96,Kabupaten Sorong,96.01,2025-11-30 21:11:17,2025-11-30 21:11:17
336,96,Kabupaten Sorong Selatan,96.02,2025-11-30 21:11:17,2025-11-30 21:11:17
337,96,Kabupaten Tambrauw,96.04,2025-11-30 21:11:17,2025-11-30 21:11:17
338,96,Kota Sorong,96.71,2025-11-30 21:11:17,2025-11-30 21:11:17
339,95,Kab Pegunungan Bintang,95.02,2025-11-30 21:11:18,2025-11-30 21:11:18
340,95,Kabupaten Jayawijaya,95.01,2025-11-30 21:11:18,2025-11-30 21:11:18
341,95,Kabupaten Lanny Jaya,95.07,2025-11-30 21:11:18,2025-11-30 21:11:18
342,95,Kabupaten Mamberamo Tengah,95.05,2025-11-30 21:11:18,2025-11-30 21:11:18
343,95,Kabupaten Nduga,95.08,2025-11-30 21:11:18,2025-11-30 21:11:18
344,95,Kabupaten Tolikara,95.04,2025-11-30 21:11:18,2025-11-30 21:11:18
345,95,Kabupaten Yahukimo,95.03,2025-11-30 21:11:18,2025-11-30 21:11:18
346,95,Kabupaten Yalimo,95.06,2025-11-30 21:11:18,2025-11-30 21:11:18
347,93,Kabupaten Asmat,93.04,2025-11-30 21:11:18,2025-11-30 21:11:18
348,93,Kabupaten Boven Digoel,93.02,2025-11-30 21:11:18,2025-11-30 21:11:18
349,93,Kabupaten Mappi,93.03,2025-11-30 21:11:18,2025-11-30 21:11:18
350,93,Kabupaten Merauke,93.01,2025-11-30 21:11:18,2025-11-30 21:11:18
351,94,Kabupaten Deiyai,94.08,2025-11-30 21:11:19,2025-11-30 21:11:19
352,94,Kabupaten Dogiyai,94.06,2025-11-30 21:11:19,2025-11-30 21:11:19
353,94,Kabupaten Intan Jaya,94.07,2025-11-30 21:11:19,2025-11-30 21:11:19
354,94,Kabupaten Mimika,94.04,2025-11-30 21:11:19,2025-11-30 21:11:19
355,94,Kabupaten Nabire,94.01,2025-11-30 21:11:19,2025-11-30 21:11:19
356,94,Kabupaten Paniai,94.03,2025-11-30 21:11:19,2025-11-30 21:11:19
357,94,Kabupaten Puncak,94.05,2025-11-30 21:11:19,2025-11-30 21:11:19
358,94,Kabupaten Puncak Jaya,94.02,2025-11-30 21:11:19,2025-11-30 21:11:19
359,14,Kabupaten Bengkalis,14.03,2025-11-30 21:11:19,2025-11-30 21:11:19
360,14,Kabupaten Indragiri Hilir,14.04,2025-11-30 21:11:19,2025-11-30 21:11:19
361,14,Kabupaten Indragiri Hulu,14.02,2025-11-30 21:11:19,2025-11-30 21:11:19
362,14,Kabupaten Kampar,14.01,2025-11-30 21:11:19,2025-11-30 21:11:19
363,14,Kabupaten Kepulauan Meranti,14.10,2025-11-30 21:11:19,2025-11-30 21:11:19
364,14,Kabupaten Kuantan Singingi,14.09,2025-11-30 21:11:19,2025-11-30 21:11:19
365,14,Kabupaten Pelalawan,14.05,2025-11-30 21:11:19,2025-11-30 21:11:19
366,14,Kabupaten Rokan Hilir,14.07,2025-11-30 21:11:19,2025-11-30 21:11:19
367,14,Kabupaten Rokan Hulu,14.06,2025-11-30 21:11:19,2025-11-30 21:11:19
368,14,Kabupaten Siak,14.08,2025-11-30 21:11:19,2025-11-30 21:11:19
369,14,Kota Dumai,14.72,2025-11-30 21:11:19,2025-11-30 21:11:19
370,14,Kota Pekanbaru,14.71,2025-11-30 21:11:19,2025-11-30 21:11:19
371,76,Kabupaten Majene,76.05,2025-11-30 21:11:19,2025-11-30 21:11:19
372,76,Kabupaten Mamasa,76.03,2025-11-30 21:11:19,2025-11-30 21:11:19
373,76,Kabupaten Mamuju,76.02,2025-11-30 21:11:19,2025-11-30 21:11:19
374,76,Kabupaten Mamuju Tengah,76.06,2025-11-30 21:11:19,2025-11-30 21:11:19
375,76,Kabupaten Pasangkayu,76.01,2025-11-30 21:11:19,2025-11-30 21:11:19
376,76,Kabupaten Polewali Mandar,76.04,2025-11-30 21:11:19,2025-11-30 21:11:19
377,73,Kabupaten Bantaeng,73.03,2025-11-30 21:11:20,2025-11-30 21:11:20
378,73,Kabupaten Barru,73.11,2025-11-30 21:11:20,2025-11-30 21:11:20
379,73,Kabupaten Bone,73.08,2025-11-30 21:11:20,2025-11-30 21:11:20
380,73,Kabupaten Bulukumba,73.02,2025-11-30 21:11:20,2025-11-30 21:11:20
381,73,Kabupaten Enrekang,73.16,2025-11-30 21:11:20,2025-11-30 21:11:20
382,73,Kabupaten Gowa,73.06,2025-11-30 21:11:20,2025-11-30 21:11:20
383,73,Kabupaten Jeneponto,73.04,2025-11-30 21:11:20,2025-11-30 21:11:20
384,73,Kabupaten Kepulauan Selayar,73.01,2025-11-30 21:11:20,2025-11-30 21:11:20
385,73,Kabupaten Luwu,73.17,2025-11-30 21:11:20,2025-11-30 21:11:20
386,73,Kabupaten Luwu Timur,73.24,2025-11-30 21:11:20,2025-11-30 21:11:20
387,73,Kabupaten Luwu Utara,73.22,2025-11-30 21:11:20,2025-11-30 21:11:20
388,73,Kabupaten Maros,73.09,2025-11-30 21:11:20,2025-11-30 21:11:20
389,73,Kabupaten Pangkajene dan Kepulauan,73.10,2025-11-30 21:11:20,2025-11-30 21:11:20
390,73,Kabupaten Pinrang,73.15,2025-11-30 21:11:20,2025-11-30 21:11:20
391,73,Kabupaten Sidenreng Rappang,73.14,2025-11-30 21:11:20,2025-11-30 21:11:20
392,73,Kabupaten Sinjai,73.07,2025-11-30 21:11:20,2025-11-30 21:11:20
393,73,Kabupaten Soppeng,73.12,2025-11-30 21:11:20,2025-11-30 21:11:20
394,73,Kabupaten Takalar,73.05,2025-11-30 21:11:20,2025-11-30 21:11:20
395,73,Kabupaten Tana Toraja,73.18,2025-11-30 21:11:20,2025-11-30 21:11:20
396,73,Kabupaten Toraja Utara,73.26,2025-11-30 21:11:20,2025-11-30 21:11:20
397,73,Kabupaten Wajo,73.13,2025-11-30 21:11:20,2025-11-30 21:11:20
398,73,Kota Makassar,73.71,2025-11-30 21:11:20,2025-11-30 21:11:20
399,73,Kota Palopo,73.73,2025-11-30 21:11:20,2025-11-30 21:11:20
400,73,Kota Parepare,73.72,2025-11-30 21:11:20,2025-11-30 21:11:20
401,72,Kabupaten Banggai,72.01,2025-11-30 21:11:20,2025-11-30 21:11:20
402,72,Kabupaten Banggai Kepulauan,72.07,2025-11-30 21:11:20,2025-11-30 21:11:20
403,72,Kabupaten Banggai Laut,72.11,2025-11-30 21:11:20,2025-11-30 21:11:20
404,72,Kabupaten Buol,72.05,2025-11-30 21:11:20,2025-11-30 21:11:20
405,72,Kabupaten Donggala,72.03,2025-11-30 21:11:20,2025-11-30 21:11:20
406,72,Kabupaten Morowali,72.06,2025-11-30 21:11:20,2025-11-30 21:11:20
407,72,Kabupaten Morowali Utara,72.12,2025-11-30 21:11:20,2025-11-30 21:11:20
408,72,Kabupaten Parigi Moutong,72.08,2025-11-30 21:11:20,2025-11-30 21:11:20
409,72,Kabupaten Poso,72.02,2025-11-30 21:11:20,2025-11-30 21:11:20
410,72,Kabupaten Sigi,72.10,2025-11-30 21:11:20,2025-11-30 21:11:20
411,72,Kabupaten Tojo Una Una,72.09,2025-11-30 21:11:20,2025-11-30 21:11:20
412,72,Kabupaten Toli-Toli,72.04,2025-11-30 21:11:20,2025-11-30 21:11:20
413,72,Kota Palu,72.71,2025-11-30 21:11:20,2025-11-30 21:11:20
414,74,Kabupaten Bombana,74.06,2025-11-30 21:11:21,2025-11-30 21:11:21
415,74,Kabupaten Buton,74.04,2025-11-30 21:11:21,2025-11-30 21:11:21
416,74,Kabupaten Buton Selatan,74.15,2025-11-30 21:11:21,2025-11-30 21:11:21
417,74,Kabupaten Buton Tengah,74.14,2025-11-30 21:11:21,2025-11-30 21:11:21
418,74,Kabupaten Buton Utara,74.10,2025-11-30 21:11:21,2025-11-30 21:11:21
419,74,Kabupaten Kolaka,74.01,2025-11-30 21:11:21,2025-11-30 21:11:21
420,74,Kabupaten Kolaka Timur,74.11,2025-11-30 21:11:21,2025-11-30 21:11:21
421,74,Kabupaten Kolaka Utara,74.08,2025-11-30 21:11:21,2025-11-30 21:11:21
422,74,Kabupaten Konawe,74.02,2025-11-30 21:11:21,2025-11-30 21:11:21
423,74,Kabupaten Konawe Kepulauan,74.12,2025-11-30 21:11:21,2025-11-30 21:11:21
424,74,Kabupaten Konawe Selatan,74.05,2025-11-30 21:11:21,2025-11-30 21:11:21
425,74,Kabupaten Konawe Utara,74.09,2025-11-30 21:11:21,2025-11-30 21:11:21
426,74,Kabupaten Muna,74.03,2025-11-30 21:11:21,2025-11-30 21:11:21
427,74,Kabupaten Muna Barat,74.13,2025-11-30 21:11:21,2025-11-30 21:11:21
428,74,Kabupaten Wakatobi,74.07,2025-11-30 21:11:21,2025-11-30 21:11:21
429,74,Kota Bau Bau,74.72,2025-11-30 21:11:21,2025-11-30 21:11:21
430,74,Kota Kendari,74.71,2025-11-30 21:11:21,2025-11-30 21:11:21
431,71,Kabupaten Bolaang Mongondow,71.01,2025-11-30 21:11:21,2025-11-30 21:11:21
432,71,Kabupaten Bolaang Mongondow Selatan,71.11,2025-11-30 21:11:21,2025-11-30 21:11:21
433,71,Kabupaten Bolaang Mongondow Timur,71.10,2025-11-30 21:11:21,2025-11-30 21:11:21
434,71,Kabupaten Bolaang Mongondow Utara,71.08,2025-11-30 21:11:21,2025-11-30 21:11:21
435,71,Kabupaten Kep. Siau Tagulandang Biaro,71.09,2025-11-30 21:11:21,2025-11-30 21:11:21
436,71,Kabupaten Kepulauan Sangihe,71.03,2025-11-30 21:11:21,2025-11-30 21:11:21
437,71,Kabupaten Kepulauan Talaud,71.04,2025-11-30 21:11:21,2025-11-30 21:11:21
438,71,Kabupaten Minahasa,71.02,2025-11-30 21:11:21,2025-11-30 21:11:21
439,71,Kabupaten Minahasa Selatan,71.05,2025-11-30 21:11:21,2025-11-30 21:11:21
440,71,Kabupaten Minahasa Tenggara,71.07,2025-11-30 21:11:21,2025-11-30 21:11:21
441,71,Kabupaten Minahasa Utara,71.06,2025-11-30 21:11:21,2025-11-30 21:11:21
442,71,Kota Bitung,71.72,2025-11-30 21:11:21,2025-11-30 21:11:21
443,71,Kota Kotamobagu,71.74,2025-11-30 21:11:21,2025-11-30 21:11:21
444,71,Kota Manado,71.71,2025-11-30 21:11:21,2025-11-30 21:11:21
445,71,Kota Tomohon,71.73,2025-11-30 21:11:21,2025-11-30 21:11:21
446,13,Kabupaten Agam,13.06,2025-11-30 21:11:22,2025-11-30 21:11:22
447,13,Kabupaten Dharmasraya,13.10,2025-11-30 21:11:22,2025-11-30 21:11:22
448,13,Kabupaten Kepulauan Mentawai,13.09,2025-11-30 21:11:22,2025-11-30 21:11:22
449,13,Kabupaten Lima Puluh Kota,13.07,2025-11-30 21:11:22,2025-11-30 21:11:22
450,13,Kabupaten Padang Pariaman,13.05,2025-11-30 21:11:22,2025-11-30 21:11:22
451,13,Kabupaten Pasaman,13.08,2025-11-30 21:11:22,2025-11-30 21:11:22
452,13,Kabupaten Pasaman Barat,13.12,2025-11-30 21:11:22,2025-11-30 21:11:22
453,13,Kabupaten Pesisir Selatan,13.01,2025-11-30 21:11:22,2025-11-30 21:11:22
454,13,Kabupaten Sijunjung,13.03,2025-11-30 21:11:22,2025-11-30 21:11:22
455,13,Kabupaten Solok,13.02,2025-11-30 21:11:22,2025-11-30 21:11:22
456,13,Kabupaten Solok Selatan,13.11,2025-11-30 21:11:22,2025-11-30 21:11:22
457,13,Kabupaten Tanah Datar,13.04,2025-11-30 21:11:22,2025-11-30 21:11:22
458,13,Kota Bukittinggi,13.75,2025-11-30 21:11:22,2025-11-30 21:11:22
459,13,Kota Padang,13.71,2025-11-30 21:11:22,2025-11-30 21:11:22
460,13,Kota Padang Panjang,13.74,2025-11-30 21:11:22,2025-11-30 21:11:22
461,13,Kota Pariaman,13.77,2025-11-30 21:11:22,2025-11-30 21:11:22
462,13,Kota Payakumbuh,13.76,2025-11-30 21:11:22,2025-11-30 21:11:22
463,13,Kota Sawahlunto,13.73,2025-11-30 21:11:22,2025-11-30 21:11:22
464,13,Kota Solok,13.72,2025-11-30 21:11:22,2025-11-30 21:11:22
465,16,Kabupaten Banyuasin,16.07,2025-11-30 21:11:22,2025-11-30 21:11:22
466,16,Kabupaten Empat Lawang,16.11,2025-11-30 21:11:22,2025-11-30 21:11:22
467,16,Kabupaten Lahat,16.04,2025-11-30 21:11:22,2025-11-30 21:11:22
468,16,Kabupaten Muara Enim,16.03,2025-11-30 21:11:22,2025-11-30 21:11:22
469,16,Kabupaten Musi Banyuasin,16.06,2025-11-30 21:11:22,2025-11-30 21:11:22
470,16,Kabupaten Musi Rawas,16.05,2025-11-30 21:11:22,2025-11-30 21:11:22
471,16,Kabupaten Musi Rawas Utara,16.13,2025-11-30 21:11:22,2025-11-30 21:11:22
472,16,Kabupaten Ogan Ilir,16.10,2025-11-30 21:11:22,2025-11-30 21:11:22
473,16,Kabupaten Ogan Komering,16.02,2025-11-30 21:11:22,2025-11-30 21:11:22
474,16,Kabupaten Ogan Komering Ulu,16.01,2025-11-30 21:11:22,2025-11-30 21:11:22
475,16,Kabupaten Ogan Komering Ulu Selatan,16.09,2025-11-30 21:11:22,2025-11-30 21:11:22
476,16,Kabupaten Ogan Komering Ulu Timur,16.08,2025-11-30 21:11:22,2025-11-30 21:11:22
477,16,Kabupaten Penukal Abab Lematang Ilir,16.12,2025-11-30 21:11:22,2025-11-30 21:11:22
478,16,Kota Lubuk Linggau,16.73,2025-11-30 21:11:22,2025-11-30 21:11:22
479,16,Kota Pagar Alam,16.72,2025-11-30 21:11:22,2025-11-30 21:11:22
480,16,Kota Palembang,16.71,2025-11-30 21:11:22,2025-11-30 21:11:22
481,16,Kota Prabumulih,16.74,2025-11-30 21:11:22,2025-11-30 21:11:22
482,12,Kabupaten Asahan,12.09,2025-11-30 21:11:23,2025-11-30 21:11:23
483,12,Kabupaten Batu Bara,12.19,2025-11-30 21:11:23,2025-11-30 21:11:23
484,12,Kabupaten Dairi,12.11,2025-11-30 21:11:23,2025-11-30 21:11:23
485,12,Kabupaten Deli Serdang,12.07,2025-11-30 21:11:23,2025-11-30 21:11:23
486,12,Kabupaten Humbang Hasundutan,12.16,2025-11-30 21:11:23,2025-11-30 21:11:23
487,12,Kabupaten Karo,12.06,2025-11-30 21:11:23,2025-11-30 21:11:23
488,12,Kabupaten Labuhanbatu,12.10,2025-11-30 21:11:23,2025-11-30 21:11:23
489,12,Kabupaten Labuhanbatu Selatan,12.22,2025-11-30 21:11:23,2025-11-30 21:11:23
490,12,Kabupaten Labuhanbatu Utara,12.23,2025-11-30 21:11:23,2025-11-30 21:11:23
491,12,Kabupaten Langkat,12.05,2025-11-30 21:11:23,2025-11-30 21:11:23
492,12,Kabupaten Mandailing Natal,12.13,2025-11-30 21:11:23,2025-11-30 21:11:23
493,12,Kabupaten Nias,12.04,2025-11-30 21:11:23,2025-11-30 21:11:23
494,12,Kabupaten Nias Barat,12.25,2025-11-30 21:11:23,2025-11-30 21:11:23
495,12,Kabupaten Nias Selatan,12.14,2025-11-30 21:11:23,2025-11-30 21:11:23
496,12,Kabupaten Nias Utara,12.24,2025-11-30 21:11:23,2025-11-30 21:11:23
497,12,Kabupaten Padang Lawas,12.21,2025-11-30 21:11:23,2025-11-30 21:11:23
498,12,Kabupaten Padang Lawas Utara,12.20,2025-11-30 21:11:23,2025-11-30 21:11:23
499,12,Kabupaten Pakpak Bharat,12.15,2025-11-30 21:11:23,2025-11-30 21:11:23
500,12,Kabupaten Samosir,12.17,2025-11-30 21:11:23,2025-11-30 21:11:23
501,12,Kabupaten Serdang Bedagai,12.18,2025-11-30 21:11:23,2025-11-30 21:11:23
502,12,Kabupaten Simalungun,12.08,2025-11-30 21:11:23,2025-11-30 21:11:23
503,12,Kabupaten Tapanuli Selatan,12.03,2025-11-30 21:11:23,2025-11-30 21:11:23
504,12,Kabupaten Tapanuli Tengah,12.01,2025-11-30 21:11:23,2025-11-30 21:11:23
505,12,Kabupaten Tapanuli Utara,12.02,2025-11-30 21:11:23,2025-11-30 21:11:23
506,12,Kabupaten Toba,12.12,2025-11-30 21:11:23,2025-11-30 21:11:23
507,12,Kota Binjai,12.75,2025-11-30 21:11:23,2025-11-30 21:11:23
508,12,Kota Gunungsitoli,12.78,2025-11-30 21:11:23,2025-11-30 21:11:23
509,12,Kota Medan,12.71,2025-11-30 21:11:23,2025-11-30 21:11:23
510,12,Kota Padangsidimpuan,12.77,2025-11-30 21:11:23,2025-11-30 21:11:23
511,12,Kota Pematangsiantar,12.72,2025-11-30 21:11:23,2025-11-30 21:11:23
512,12,Kota Sibolga,12.73,2025-11-30 21:11:23,2025-11-30 21:11:23
513,12,Kota Tanjungbalai,12.74,2025-11-30 21:11:23,2025-11-30 21:11:23
514,12,Kota Tebing Tinggi,12.76,2025-11-30 21:11:23,2025-11-30 21:11:23
