id,invoice_number,product_id,product_name,main_cat,quantity,price_sub_total,price_total
1.0,INV-2025-01-08-887161651,2025-07-11,Sayur Bayam,Dapur,30.0,3742060.45,1192964.3
2.0,INV-2025-01-06-601003676,2025-07-11,Printer,Gaming,30.0,3433671.0,2536175.07
3.0,INV-2025-08-13-950612356,2025-07-11,Cabai Rawit,Barang Lainnya,30.0,4946060.69,4224781.01
4.0,INV-2025-04-06-196543640,2025-07-11,Kecap Manis,Handphone & Tablet,30.0,2225265.29,881115.05
5.0,INV-2025-08-02-240528422,2025-07-11,Gula Pasir,Barang Lainnya,30.0,4505003.67,768680.21
6.0,INV-2025-03-26-823087877,2025-10-02,Gula Pasir,Elektronik,30.0,3025482.01,3089233.49
7.0,INV-2025-05-27-792447734,2025-07-11,Yogurt,Fashion,30.0,4903199.78,2364173.77
8.0,INV-2025-09-24-759736373,2025-07-11,Sayur Kangkung,Dapur,30.0,1231024.05,4262757.75
9.0,INV-2025-03-31-856003449,2025-07-11,Popok Bayi,Handphone & Tablet,30.0,1693978.04,3323072.62
10.0,INV-2025-08-19-768526341,2025-07-11,Cabai Rawit,Fashion,30.0,2239189.31,3466118.81
11.0,INV-2025-02-25-551270817,2025-08-05,Tepung Terigu,Dapur,30.0,1651648.64,1702857.73
12.0,INV-2025-11-13-463356618,2025-07-11,Mie Instan,Barang Lainnya,30.0,2378565.1504077143,290799.86
13.0,INV-2025-07-26-696369070,2025-07-11,Sikat Gigi,Tour & Travel,30.0,2613897.2,3641672.67
14.0,INV-2025-09-21-771038186,2025-07-11,Wortel,Barang Lainnya,30.0,4783682.4,2928951.1
15.0,INV-2025-07-03-418950427,2025-07-11,Pewangi,Fashion,30.0,2378565.1504077143,2958791.83
16.0,INV-2025-01-20-807526862,2025-07-11,Labu Siam,Elektronik,30.0,2378565.1504077143,3750409.47
17.0,INV-2025-01-15-986036335,2025-07-11,Sandal,Buku,42.0,2237184.8,1677005.7
18.0,INV-2025-04-11-318378313,2025-01-19,Payung,Barang Lainnya,30.0,3788179.48,2731906.81
353658.0,INV-2025-05-13-610269961,2025-07-11,Biskuit,Fashion,30.0,2378565.1504077143,1078781.01
20.0,INV-2025-04-27-556929326,2025-07-11,Tomat,Fashion,30.0,4576808.93,976522.71
21.0,INV-2024-12-05-937948870,2025-07-11,Pasta Gigi,Buku,30.0,3266972.17,2207669.96
22.0,INV-2025-05-17-962343884,2025-03-30,Kerupuk,Dapur,42.0,4319203.35,2885935.8349012807
23.0,INV-2025-05-29-468044307,2025-07-11,Kacang Panjang,Barang Lainnya,30.0,1835319.66,3353582.45
24.0,INV-2025-06-09-431602498,2025-07-11,Yogurt,Dapur,30.0,4696450.64,1483309.94
25.0,INV-2025-01-01-100019022,2025-07-11,Tas Sekolah,Barang Lainnya,30.0,1351467.32,117472.61
26.0,INV-2025-07-30-278200958,2025-07-11,Baju,Makanan & Minuman,42.0,2501722.99,3050964.06
27.0,INV-2025-09-29-738513732,2025-07-11,Ikan Segar,Fashion,30.0,2378565.1504077143,2008419.46
28.0,INV-2025-10-07-753352974,2025-07-11,Kipas Angin,Elektronik,30.0,4361037.53,1846639.56
29.0,INV-2025-09-29-410279903,2025-07-11,Sepatu,Fashion,30.0,2243308.78,4141640.83
30.0,INV-2025-04-12-907887878,2025-06-09,Baterai,Barang Lainnya,30.0,2568640.9,2918330.49
31.0,INV-2025-10-17-473923874,2025-07-11,Celana,Barang Lainnya,30.0,3076278.95,3807318.11
32.0,INV-2025-01-15-374644609,2025-07-11,Penghapus,Kesehatan,30.0,4873701.96,1511156.02
33.0,INV-2025-01-01-483984913,2025-07-11,Speaker,Fashion,30.0,4477881.56,4640110.68
353658.0,INV-2025-06-12-521561202,2025-07-11,Teh Celup,Handphone & Tablet,30.0,2378565.1504077143,2885935.8349012807
35.0,INV-2025-10-16-729303704,2025-07-11,Tas Sekolah,Makanan & Minuman,30.0,2950994.91,2176420.36
36.0,INV-2025-07-06-639592403,2025-07-11,Tepung Terigu,Bahan Kimia,30.0,690590.78,3167978.8
37.0,INV-2024-12-13-338721780,2025-10-31,Terong,Kecantikan,30.0,4513868.23,2089179.14
38.0,INV-2025-10-12-917765437,2025-07-11,Kedelai,Elektronik,30.0,1909969.77,2549725.11
39.0,INV-2025-10-13-448105684,2025-07-11,Sayur Kangkung,Barang Lainnya,30.0,2210851.9,2126585.36
40.0,INV-2025-06-18-398015040,2025-07-11,Susu Formula,Barang Lainnya,30.0,691709.71,4865088.89
41.0,INV-2025-04-08-666380415,2025-07-11,Teh Celup,Elektronik,30.0,2443593.95,620989.73
42.0,INV-2025-03-04-340513165,2025-07-11,Bawang Merah,Elektronik,30.0,350200.68,3235719.03
43.0,INV-2024-12-05-853421726,2025-07-11,Biskuit,Dapur,30.0,4950304.37,1936297.43
44.0,INV-2024-12-01-319829702,2025-07-11,Kentang,Elektronik,30.0,609370.44,2914134.37
45.0,INV-2025-01-03-550793957,2025-07-11,Celana,Elektronik,30.0,3147325.55,4177714.4
46.0,INV-2025-04-28-208769172,2024-12-14,Air Mineral,Kecantikan,42.0,4005411.87,741389.02
47.0,INV-2025-05-14-653782521,2025-07-11,Bawang Merah,Kecantikan,30.0,2378565.1504077143,2737755.73
48.0,INV-2025-02-14-775135336,2025-10-21,Sepatu,Makanan & Minuman,30.0,1637801.67,4788531.2
49.0,INV-2025-05-25-326348505,2025-07-11,Pare,Gaming,30.0,932192.36,2885935.8349012807
50.0,INV-2025-09-16-365483117,2025-07-11,Telur Ayam,Makanan & Minuman,30.0,610784.29,4504348.52
51.0,INV-2025-08-05-425307484,2025-07-11,Terong,Barang Lainnya,30.0,1824877.83,3657364.08
52.0,INV-2025-11-08-791903626,2025-07-11,Charger,Bahan Kimia,30.0,3923973.08,1951847.42
353658.0,INV-2025-04-09-493466726,2025-07-11,Beras Premium,Kesehatan,30.0,3270648.59,1324923.64
54.0,INV-2025-08-05-272762195,2025-07-11,Ikan Segar,Gaming,30.0,2615868.55,4048829.99
55.0,INV-2025-04-14-167452970,2025-07-11,Minyak Goreng,Makanan & Minuman,30.0,2347072.84,4738296.76
56.0,INV-2025-02-18-515853294,2025-07-11,Timun,Gaming,30.0,2378565.1504077143,1483914.28
353658.0,INV-2024-12-12-351083917,2025-07-11,Penghapus,Elektronik,30.0,3089143.05,3510496.85
58.0,INV-2025-05-29-518671628,2025-07-11,Kerupuk,Kesehatan,42.0,2573053.86,109915.79
59.0,INV-2025-10-15-198918421,2025-07-11,Kamera,Kesehatan,30.0,2220816.82,1955194.61
60.0,INV-2025-08-14-393599293,2025-07-11,Mie Instan,Barang Lainnya,30.0,2258770.86,2084371.02
61.0,INV-2025-07-11-948379706,2025-07-11,Penggaris,Barang Lainnya,30.0,2378565.1504077143,493826.42
62.0,INV-2025-08-20-464428744,2025-07-11,Cabai Merah,Tour & Travel,30.0,3124652.32,822341.2
63.0,INV-2025-01-02-599438922,2025-07-11,Buku Tulis,Handphone & Tablet,30.0,4405502.14,1012066.44
64.0,INV-2025-01-15-496426338,2025-07-11,Sayur Bayam,Barang Lainnya,30.0,910677.34,1316711.0
65.0,INV-2025-04-29-768041450,2024-12-18,Kacang Tanah,Kecantikan,30.0,2378565.1504077143,4072676.44
66.0,INV-2025-02-13-756273998,2025-11-26,Kacang Panjang,Fashion,30.0,4534063.05,2626178.49
353658.0,INV-2025-03-16-740568736,2025-03-10,Sabun Mandi,Fashion,42.0,3267950.92,3575501.39
68.0,INV-2025-05-18-205729560,2025-07-11,Sabun Mandi,Barang Lainnya,30.0,3758743.45,3791602.93
69.0,INV-2025-06-20-810851550,2025-07-11,Sayur Kangkung,Gaming,30.0,591011.51,2403058.86
70.0,INV-2025-07-12-780209395,2025-07-11,Tas Sekolah,Makanan & Minuman,30.0,875259.2,4479825.55
71.0,INV-2025-06-13-916603411,2025-07-11,Yogurt,Barang Lainnya,30.0,1612460.14,4389420.9
72.0,INV-2025-01-12-155656642,2025-07-11,Kacang Panjang,Kesehatan,30.0,3204516.74,4815926.81
73.0,INV-2025-08-29-999937506,2025-07-11,Pembalut,Handphone & Tablet,30.0,2932359.81,2712602.74
74.0,INV-2025-02-24-219619053,2025-07-11,Kopi Bubuk,Bahan Kimia,30.0,1901899.57,4222775.42
75.0,INV-2025-07-22-231953658,2025-04-26,Kopi Bubuk,Barang Lainnya,30.0,2402919.95,1738728.38
76.0,INV-2025-11-05-432025043,2025-07-11,Garam,Handphone & Tablet,42.0,2064885.28,1425110.86
77.0,INV-2025-01-16-517361475,2025-07-11,Labu Siam,Kesehatan,30.0,4770352.55,2174839.23
78.0,INV-2025-08-10-652498053,2025-07-11,Cabai Rawit,Barang Lainnya,30.0,2415011.43,3035618.69
79.0,INV-2025-02-14-862087299,2025-10-09,Roti Tawar,Barang Lainnya,30.0,623040.77,232212.74
80.0,INV-2025-07-10-939725726,2025-07-11,Penghapus,Barang Lainnya,42.0,4022708.7,3394560.53
353658.0,INV-2025-02-24-964465737,2025-07-11,Headphone,Fashion,30.0,506846.61,3195029.52
82.0,INV-2025-10-15-481183000,2025-07-11,Baju,Barang Lainnya,30.0,3896808.29,3701699.44
83.0,INV-2025-04-10-361875186,2025-07-11,Gula Pasir,Gaming,30.0,3150911.44,363575.94
84.0,INV-2025-07-09-700916128,2025-07-11,Ikan Segar,Gaming,30.0,225842.8,3351932.56
85.0,INV-2025-05-01-155516777,2025-07-11,Sandal,Kesehatan,30.0,292143.13,4408479.5
86.0,INV-2024-12-29-506674132,2025-07-11,Printer,Buku,30.0,1750642.1,2173250.48
87.0,INV-2025-09-24-410277181,2025-07-11,Shampoo,Barang Lainnya,30.0,2223587.73,189516.7
88.0,INV-2025-11-23-772319209,2025-07-11,Ikan Segar,Kecantikan,30.0,1484821.78,1542181.74
89.0,INV-2025-01-17-885138136,2025-07-11,Charger,Kesehatan,30.0,2378565.1504077143,2885935.8349012807
90.0,INV-2025-05-13-845310057,2025-07-11,Buncis,Barang Lainnya,30.0,744822.44,2885935.8349012807
91.0,INV-2025-04-08-880536073,2025-07-11,Pewangi,Dapur,30.0,1100953.27,3289802.66
92.0,INV-2025-03-16-819841158,2025-07-11,Speaker,Fashion,30.0,3132503.68,4422951.83
93.0,INV-2025-04-09-339910093,2025-07-11,Handphone,Handphone & Tablet,30.0,253869.29,3203729.52
94.0,INV-2025-07-12-274843119,2025-07-11,Penghapus,Tour & Travel,30.0,1703067.01,3567766.51
95.0,INV-2025-09-22-211744462,2025-07-11,Mentega,Buku,30.0,2867602.31,645063.89
353658.0,INV-2025-07-19-480668365,2025-07-11,Mainan Anak,Dapur,30.0,4075166.08,1201481.42
97.0,INV-2025-06-11-867508158,2025-07-11,Buku Tulis,Tour & Travel,30.0,3196909.89,4712663.37
98.0,INV-2025-10-15-418539462,2025-07-11,Yogurt,Dapur,30.0,773595.13,3878901.1
99.0,INV-2025-03-14-661064247,2025-07-11,Sayur Bayam,Bahan Kimia,42.0,2378565.1504077143,4126924.7
100.0,INV-2025-05-31-990736466,2025-07-11,Detergen,Tour & Travel,30.0,3208682.37,2885935.8349012807
101.0,INV-2025-04-05-248433027,2025-07-11,Cabai Merah,Buku,30.0,1352989.89,3192430.51
102.0,INV-2025-08-08-658499142,2025-07-11,Kopi Bubuk,Bahan Kimia,30.0,4183800.02,4466880.87
103.0,INV-2025-08-21-696749121,2025-07-11,Bubur Bayi,Barang Lainnya,30.0,1166652.66,1726274.81
104.0,INV-2025-02-15-237204685,2025-07-11,Bubur Bayi,Barang Lainnya,30.0,1581657.43,4567139.28
105.0,INV-2025-05-07-657762739,2025-07-11,Sepatu,Tour & Travel,30.0,4472443.96,3053259.46
106.0,INV-2025-01-21-954325051,2025-07-11,Ikan Segar,Kecantikan,30.0,295995.29,2514614.5
107.0,INV-2025-10-29-676439931,2025-07-11,Beras Medium,Barang Lainnya,30.0,596623.65,2885935.8349012807
108.0,INV-2025-04-28-753433467,2025-07-28,Sabun Mandi,Dapur,30.0,2543387.2,4720407.4
109.0,INV-2025-10-05-415205772,2025-07-11,Sandal,Elektronik,30.0,4000689.89,2885935.8349012807
110.0,INV-2025-01-27-140117681,2025-07-11,Payung,Fashion,30.0,409494.46,2223252.87
111.0,INV-2025-06-08-265494123,2025-07-11,Roti Tawar,Kecantikan,30.0,3598624.99,1423019.39
112.0,INV-2024-12-13-297955804,2025-07-11,Bawang Putih,Kecantikan,30.0,1611078.02,1024359.63
113.0,INV-2024-12-23-775163106,2025-07-11,Roti Tawar,Buku,42.0,844598.37,2070957.76
114.0,INV-2025-10-23-896032924,2025-07-11,Kaos Kaki,Makanan & Minuman,30.0,2378565.1504077143,4763367.92
115.0,INV-2025-03-28-185362455,2025-07-11,Popok Bayi,Barang Lainnya,30.0,3473714.46,1204719.27
116.0,INV-2025-07-30-324031041,2025-07-11,Daging Ayam,Gaming,30.0,4108039.48,4759532.42
117.0,INV-2025-07-23-615972221,2025-07-11,Gula Merah,Kecantikan,30.0,3861531.78,2274518.19
118.0,INV-2025-04-06-695926573,2025-07-11,Keju,Dapur,30.0,2966140.67,2885935.8349012807
119.0,INV-2025-06-14-693885268,2025-07-11,Cabai Merah,Handphone & Tablet,30.0,2935338.05,3847142.08
120.0,INV-2025-03-28-197586794,2025-07-11,Mouse,Tour & Travel,30.0,2486903.52,2852386.52
353658.0,INV-2025-04-11-279573315,2025-08-04,Popok Bayi,Elektronik,30.0,4724519.02,785143.27
122.0,INV-2025-07-03-821258207,2025-07-11,Penggaris,Gaming,30.0,643926.29,2885935.8349012807
123.0,INV-2025-02-07-287536622,2025-07-11,Shampoo,Barang Lainnya,30.0,3357901.02,845484.77
124.0,INV-2025-03-26-875309228,2025-07-11,Detergen,Barang Lainnya,30.0,1865128.75,709303.25
125.0,INV-2025-08-09-416106793,2025-07-11,Air Mineral,Barang Lainnya,30.0,1835688.15,2885935.8349012807
353658.0,INV-2024-12-10-209067480,2025-07-11,Timun,Gaming,30.0,2381935.56,1413850.29
353658.0,INV-2025-05-03-846487544,2025-07-11,Mouse,Barang Lainnya,30.0,362485.28,2546472.43
128.0,INV-2025-03-30-803023820,2025-09-12,Kentang,Barang Lainnya,30.0,2378270.82,197279.96
129.0,INV-2025-11-07-724710263,2025-07-11,Sabun Cuci,Kesehatan,30.0,4205652.52,2382765.2
130.0,INV-2025-07-04-131808726,2025-07-11,Mentega,Handphone & Tablet,30.0,473269.75,1120066.29
131.0,INV-2025-05-07-653125017,2025-07-11,Tomat,Tour & Travel,42.0,4187248.03,917342.88
132.0,INV-2025-03-27-230393823,2025-07-11,Kaos Kaki,Buku,30.0,2378565.1504077143,964392.27
133.0,INV-2025-01-22-120518192,2025-11-03,Daging Ayam,Tour & Travel,30.0,3878527.59,2300453.34
134.0,INV-2025-08-16-754786962,2025-07-09,Baterai,Buku,30.0,3353936.97,898376.11
135.0,INV-2025-11-05-126749421,2024-12-07,Kedelai,Kecantikan,30.0,2378565.1504077143,1558746.17
136.0,INV-2024-12-15-870788443,2025-07-11,Pare,Barang Lainnya,30.0,675143.52,1800609.07
137.0,INV-2025-01-19-262045028,2025-07-11,Daging Ayam,Dapur,30.0,1302615.27,2885935.8349012807
138.0,INV-2025-04-03-900985180,2025-07-11,Sabun Cuci,Tour & Travel,30.0,1483037.35,2885935.8349012807
353658.0,INV-2025-04-11-513733016,2025-07-11,Beras Premium,Dapur,30.0,544332.26,2899483.12
140.0,INV-2025-08-24-829707734,2025-07-11,Sayur Kangkung,Gaming,30.0,2378565.1504077143,2402038.55
141.0,INV-2025-09-30-458808541,2025-07-11,Shampoo,Kecantikan,30.0,482304.56,199647.36
142.0,INV-2025-02-20-440104676,2025-07-11,Bawang Merah,Makanan & Minuman,30.0,4522368.04,2885935.8349012807
143.0,INV-2025-08-02-833776904,2025-07-11,Popok Bayi,Tour & Travel,30.0,2378565.1504077143,3924862.39
144.0,INV-2025-11-04-749017978,2025-07-11,Pensil,Kesehatan,42.0,2232078.54,2885935.8349012807
353658.0,INV-2025-11-24-508990470,2025-07-11,Pembalut,Elektronik,30.0,2378565.1504077143,2461408.77
146.0,INV-2025-04-13-644917407,2025-07-11,Cabai Rawit,Bahan Kimia,42.0,3004093.23,4757237.45
147.0,INV-2024-12-06-107750433,2025-07-11,Pasta Gigi,Tour & Travel,30.0,2378565.1504077143,4800181.64
148.0,INV-2025-04-21-183681512,2025-07-11,Sayur Bayam,Fashion,30.0,730353.72,4808873.95
149.0,INV-2025-08-23-285249613,2025-11-14,Labu Siam,Buku,30.0,1415108.07,4258244.96
150.0,INV-2025-01-04-923782820,2025-07-11,Kecap Manis,Kesehatan,30.0,1618035.39,2817936.89
151.0,INV-2025-10-16-785315800,2025-07-11,Buku Tulis,Tour & Travel,30.0,3180661.46,3551083.09
152.0,INV-2025-08-21-534933223,2025-07-11,Mouse,Buku,30.0,3413044.5,4087999.75
153.0,INV-2025-02-09-681736988,2025-07-11,Labu Siam,Makanan & Minuman,30.0,1152231.71,2082872.29
154.0,INV-2025-10-27-223359616,2025-07-11,Roti Tawar,Kesehatan,30.0,4358707.46,2640185.32
155.0,INV-2025-10-02-935373232,2025-03-16,Popok Bayi,Gaming,30.0,1756271.16,1339268.33
156.0,INV-2025-10-19-434776993,2025-07-11,Gula Merah,Kecantikan,30.0,2887081.31,160614.41
157.0,INV-2025-10-11-521811666,2025-07-11,Minyak Goreng,Fashion,30.0,4258410.73,745588.38
158.0,INV-2025-01-20-584570997,2025-07-11,Buncis,Makanan & Minuman,42.0,4248072.36,1824966.77
159.0,INV-2025-06-19-210853964,2025-07-11,Tepung Terigu,Tour & Travel,30.0,2378565.1504077143,1164629.09
160.0,INV-2025-06-27-968355485,2025-07-11,Charger,Barang Lainnya,30.0,3071467.01,1770528.51
161.0,INV-2025-11-01-787956927,2025-07-11,Kedelai,Bahan Kimia,30.0,2366429.44,2885935.8349012807
162.0,INV-2025-05-24-848592379,2025-07-11,Tepung Terigu,Tour & Travel,30.0,1656457.83,2610522.13
163.0,INV-2025-07-11-394936872,2025-07-11,Tas Sekolah,Gaming,30.0,2848392.51,661583.75
164.0,INV-2025-07-06-498669445,2025-07-11,Bawang Putih,Kecantikan,30.0,3097205.45,1856974.86
165.0,INV-2025-05-27-930070227,2025-07-11,Gula Pasir,Makanan & Minuman,30.0,3235270.24,857769.87
166.0,INV-2025-06-21-408245258,2025-04-18,Printer,Dapur,30.0,4383302.6,2885935.8349012807
353658.0,INV-2025-04-03-628842798,2025-07-11,Kecap Manis,Makanan & Minuman,30.0,4814710.11,961597.81
168.0,INV-2025-04-27-980771171,2025-07-11,Roti Tawar,Kecantikan,30.0,351244.86,64510.7
169.0,INV-2025-11-21-410567320,2025-07-11,Handphone,Handphone & Tablet,30.0,3217437.12,4186116.08
170.0,INV-2025-07-14-975855574,2025-07-11,Headphone,Kesehatan,30.0,2577357.92,264502.21
171.0,INV-2025-10-04-242601208,2025-07-11,Telur Ayam,Dapur,30.0,3169836.4,880673.57
172.0,INV-2025-01-08-233491906,2025-07-11,Jus Buah,Makanan & Minuman,30.0,4613743.29,4969154.64
173.0,INV-2025-09-12-914616950,2025-07-11,Terong,Handphone & Tablet,30.0,2032352.05,727863.29
174.0,INV-2025-05-12-164838015,2025-07-11,Susu UHT,Kesehatan,30.0,4877009.12,3849741.03
175.0,INV-2025-05-18-878585998,2025-07-11,Tepung Terigu,Fashion,30.0,2420608.39,4088550.18
176.0,INV-2025-08-26-925174798,2025-07-11,Tas Sekolah,Gaming,30.0,3473348.93,1656532.21
353658.0,INV-2025-09-13-553797240,2025-07-11,Buku Tulis,Kecantikan,30.0,4136082.01,3236993.35
353658.0,INV-2025-08-28-854105077,2025-07-11,Kecap Manis,Fashion,30.0,4580362.05,632988.03
179.0,INV-2025-01-29-435125105,2025-07-11,Wortel,Kecantikan,30.0,2691977.5,148069.89
180.0,INV-2025-05-25-748233761,2025-07-11,Kaos Kaki,Handphone & Tablet,30.0,1063518.43,1443530.49
181.0,INV-2025-04-05-148990338,2025-07-11,Daging Ayam,Kesehatan,30.0,1800727.88,1143945.91
353658.0,INV-2025-11-27-283028847,2025-07-11,Laptop,Kecantikan,30.0,1874993.79,3987972.73
183.0,INV-2025-11-09-838793347,2025-07-11,Ikan Segar,Gaming,30.0,2378565.1504077143,2628534.71
184.0,INV-2025-05-19-261099442,2025-07-11,Sayur Bayam,Kesehatan,30.0,2378565.1504077143,4587785.5
185.0,INV-2025-02-03-852667299,2025-07-11,Pasta Gigi,Barang Lainnya,30.0,1622534.47,2885935.8349012807
186.0,INV-2025-10-17-786575676,2025-07-11,Buncis,Barang Lainnya,30.0,89081.2,3688470.16
353658.0,INV-2024-12-24-998444712,2025-07-11,Terong,Makanan & Minuman,30.0,4467558.85,3750320.23
353658.0,INV-2025-04-07-978935404,2025-07-11,Charger,Handphone & Tablet,30.0,3082363.88,4514729.66
189.0,INV-2025-08-15-201682779,2025-03-10,Kacang Tanah,Bahan Kimia,30.0,675712.83,2065499.16
190.0,INV-2025-03-18-726305822,2025-07-30,Sayur Bayam,Makanan & Minuman,30.0,2094576.58,4008235.66
191.0,INV-2025-06-01-572310423,2025-07-11,Kerupuk,Kecantikan,30.0,2378565.1504077143,4392633.77
192.0,INV-2025-08-13-363307615,2025-07-11,Popok Bayi,Buku,30.0,52759.8,3127912.6
193.0,INV-2025-09-17-223911642,2025-07-11,Headphone,Handphone & Tablet,30.0,3022830.71,4378040.87
194.0,INV-2024-12-28-780466994,2025-03-01,Kacang Tanah,Dapur,30.0,3474498.62,4656314.41
195.0,INV-2025-01-06-790730183,2025-07-11,Lampu,Bahan Kimia,30.0,4588593.02,2260376.86
196.0,INV-2025-10-16-951451555,2025-07-11,Sikat Gigi,Handphone & Tablet,30.0,2825569.53,2346402.92
197.0,INV-2025-04-14-948443657,2025-07-11,Telur Ayam,Fashion,30.0,4922806.07,2880631.97
353658.0,INV-2025-07-02-272718846,2025-07-11,Lampu,Barang Lainnya,30.0,1590457.15,3604454.94
199.0,INV-2025-04-30-726231027,2025-07-11,Daging Sapi,Gaming,30.0,2710586.32,3946700.73
200.0,INV-2025-10-15-112761419,2025-07-11,Wortel,Barang Lainnya,42.0,2171795.44,2864028.56
201.0,INV-2025-03-05-128582301,2024-12-20,Kecap Manis,Barang Lainnya,30.0,1332947.75,3429880.43
202.0,INV-2025-09-04-702548094,2025-07-11,Sayur Sawi,Dapur,30.0,1723028.89,1166372.32
203.0,INV-2025-08-18-370170387,2025-07-11,Sandal,Kecantikan,30.0,3836443.9,1028937.06
204.0,INV-2025-10-14-533478244,2025-07-11,Minyak Goreng,Handphone & Tablet,30.0,2378565.1504077143,3451862.23
205.0,INV-2025-01-27-610014395,2025-07-11,Cabai Merah,Tour & Travel,42.0,4671671.56,2681853.56
206.0,INV-2025-11-18-595868770,2025-07-11,Ikan Segar,Makanan & Minuman,30.0,2729446.37,548843.94
207.0,INV-2025-01-30-850684851,2025-07-11,Timun,Handphone & Tablet,30.0,3051832.44,2885935.8349012807
208.0,INV-2025-07-03-859387194,2025-07-11,Mie Instan,Handphone & Tablet,30.0,4423641.6,2885935.8349012807
353658.0,INV-2025-02-26-928105964,2025-11-12,Tas Sekolah,Kecantikan,30.0,2378565.1504077143,1214943.26
210.0,INV-2024-12-14-571514103,2025-07-11,Gula Pasir,Barang Lainnya,30.0,3087486.16,3399910.46
211.0,INV-2025-10-10-168256162,2025-07-11,Jus Buah,Buku,30.0,76603.17,103169.64
212.0,INV-2025-03-14-854485945,2025-07-11,Wortel,Barang Lainnya,30.0,698455.58,4583158.1
213.0,INV-2025-06-25-473492633,2025-08-04,Gula Pasir,Kesehatan,30.0,3050924.58,2268765.63
214.0,INV-2024-12-17-160049049,2025-07-11,Sayur Kangkung,Dapur,30.0,2076812.03,1122019.87
215.0,INV-2025-11-14-983409050,2025-07-11,Penghapus,Kesehatan,30.0,3222681.41,3527162.47
353658.0,INV-2025-05-24-132222662,2025-07-11,Tepung Terigu,Buku,30.0,489301.54,2233408.71
353658.0,INV-2025-05-07-912001146,2025-07-11,Sandal,Barang Lainnya,42.0,2378565.1504077143,4215069.69
218.0,INV-2025-02-15-777424727,2025-07-11,Lampu,Dapur,30.0,2896949.33,331174.68
353658.0,INV-2025-05-27-580889154,2025-07-11,Mouse,Barang Lainnya,30.0,1093027.74,2201388.33
220.0,INV-2025-05-02-441590384,2025-07-11,Cabai Merah,Tour & Travel,30.0,709561.84,4647629.57
221.0,INV-2025-03-18-550644802,2025-07-11,Baterai,Gaming,42.0,1040667.47,4954460.07
222.0,INV-2025-06-12-250803952,2025-07-11,Kabel,Barang Lainnya,30.0,508298.63,3809939.82
223.0,INV-2025-11-29-676737227,2025-07-11,Bawang Merah,Kecantikan,30.0,4886424.49,2885935.8349012807
224.0,INV-2025-09-30-914268822,2025-07-11,Tas Sekolah,Buku,30.0,643890.84,4547928.97
225.0,INV-2025-07-08-414248990,2025-07-11,Sayur Bayam,Barang Lainnya,30.0,1531631.01,2709963.67
226.0,INV-2025-07-05-233396706,2025-07-11,Mie Instan,Barang Lainnya,30.0,1807753.22,76100.5
227.0,INV-2025-07-28-840323426,2025-07-11,Pensil,Kecantikan,30.0,3978965.34,1075137.88
228.0,INV-2025-09-23-770392211,2025-07-11,Gula Merah,Fashion,30.0,4503901.0,3044310.93
229.0,INV-2025-02-11-729983336,2025-07-11,Ikan Segar,Handphone & Tablet,30.0,1045482.08,1163621.8
230.0,INV-2025-06-19-157354744,2025-07-11,Kedelai,Handphone & Tablet,30.0,3933075.8,2885935.8349012807
231.0,INV-2025-06-23-236514454,2025-07-11,Daging Sapi,Kesehatan,30.0,4382948.26,4551132.43
232.0,INV-2025-01-21-345153654,2025-07-11,Detergen,Kecantikan,30.0,2071464.46,4668169.79
233.0,INV-2024-12-15-255890015,2025-07-11,Kacang Tanah,Dapur,30.0,1720293.16,4531636.63
234.0,INV-2025-10-13-441471527,2025-07-11,Daging Ayam,Fashion,30.0,2533578.94,530574.03
235.0,INV-2025-08-18-947055152,2025-07-11,Labu Siam,Barang Lainnya,30.0,2378565.1504077143,1231075.65
236.0,INV-2025-02-23-607833007,2025-07-11,Wortel,Elektronik,42.0,2372900.29,1043848.33
353658.0,INV-2025-08-07-962007788,2025-07-11,Charger,Bahan Kimia,30.0,1405738.67,1067226.17
238.0,INV-2025-02-23-149498364,2025-02-20,Timun,Makanan & Minuman,30.0,3449187.7,1500537.66
239.0,INV-2025-08-09-162544280,2025-07-11,Tas Sekolah,Buku,30.0,1706354.28,2464643.26
240.0,INV-2025-09-03-695547837,2025-06-19,Kacang Tanah,Barang Lainnya,30.0,1205855.38,402959.18
241.0,INV-2025-08-19-903002982,2025-07-11,Tepung Terigu,Kesehatan,30.0,3085724.61,3497475.7
353658.0,INV-2025-03-25-818296652,2025-07-11,Pasta Gigi,Fashion,42.0,2126102.01,2885935.8349012807
243.0,INV-2025-02-27-849251191,2025-07-11,Payung,Dapur,30.0,3215193.34,131772.35
244.0,INV-2025-11-09-177570871,2025-05-27,Topi,Buku,30.0,3275495.36,2131669.26
245.0,INV-2025-03-16-803675347,2025-07-11,Yogurt,Bahan Kimia,30.0,2378565.1504077143,4367979.05
246.0,INV-2025-04-25-833759967,2025-07-11,Topi,Gaming,30.0,1425731.33,3721441.99
247.0,INV-2024-12-07-552360830,2025-07-11,Wortel,Dapur,30.0,730837.45,348168.4
248.0,INV-2025-01-21-145732440,2025-07-11,Handphone,Kesehatan,30.0,850214.37,2041568.0
249.0,INV-2025-04-03-109584620,2025-07-11,Pewangi,Kesehatan,30.0,2586847.74,2327303.09
250.0,INV-2025-02-05-473826151,2025-07-11,Kopi Bubuk,Handphone & Tablet,30.0,3737273.36,2417893.3
251.0,INV-2025-04-14-687887605,2025-07-11,Mouse,Bahan Kimia,30.0,133439.28,2885935.8349012807
252.0,INV-2025-05-02-903811432,2025-07-11,Kaos Kaki,Makanan & Minuman,30.0,412026.52,4809709.49
253.0,INV-2025-07-25-262697713,2025-07-11,Wortel,Fashion,30.0,4418122.42,3517898.38
254.0,INV-2025-11-30-953273675,2025-07-11,Celana,Kesehatan,30.0,1733333.49,673116.4
255.0,INV-2025-05-29-559527189,2025-07-11,Gula Merah,Bahan Kimia,42.0,3895799.98,2863566.43
256.0,INV-2025-03-17-845589328,2025-07-11,Pare,Buku,30.0,4935450.37,903142.45
353658.0,INV-2025-09-20-316273071,2025-07-11,Mouse,Dapur,30.0,3243898.61,3231008.57
258.0,INV-2025-10-04-964329558,2025-07-11,Ikan Segar,Dapur,30.0,4421706.59,218885.8
259.0,INV-2025-08-25-110166650,2025-07-11,Bubur Bayi,Bahan Kimia,30.0,806059.79,2286589.48
260.0,INV-2025-05-18-856198683,2024-12-15,Sikat Gigi,Fashion,30.0,2378565.1504077143,1604136.9
353658.0,INV-2025-06-27-923001673,2025-07-11,Detergen,Barang Lainnya,30.0,4605249.85,3993366.91
262.0,INV-2025-03-24-662208847,2025-07-11,Kaos Kaki,Dapur,42.0,883989.36,262182.17
353658.0,INV-2025-06-25-927930765,2025-07-11,Mouse,Dapur,30.0,3715408.42,1455816.19
264.0,INV-2025-09-04-568719934,2025-07-11,Kentang,Tour & Travel,30.0,2378565.1504077143,129614.13
265.0,INV-2025-10-02-117434430,2025-07-11,Labu Siam,Handphone & Tablet,42.0,4399749.85,1227936.96
266.0,INV-2024-12-04-122327830,2025-07-11,Timun,Handphone & Tablet,30.0,2931881.84,3565899.23
267.0,INV-2025-08-28-378465623,2025-07-11,Handphone,Gaming,30.0,1184361.79,2645972.26
353658.0,INV-2025-08-11-525617386,2025-07-11,Sepatu,Barang Lainnya,30.0,1016456.32,904453.06
269.0,INV-2025-04-15-906722716,2025-07-11,Sabun Mandi,Buku,30.0,540906.21,2049468.78
270.0,INV-2025-06-10-309201824,2025-07-11,Baju,Tour & Travel,30.0,3143225.0,4002581.61
271.0,INV-2025-03-16-488635061,2025-07-11,Kacang Tanah,Makanan & Minuman,30.0,3895418.59,4601613.16
272.0,INV-2025-01-22-111794127,2025-07-11,Baju,Kesehatan,42.0,618390.87,2073989.52
273.0,INV-2025-06-15-593445170,2025-07-11,Pewangi,Buku,42.0,1681735.52,4865072.92
274.0,INV-2025-11-12-821014350,2025-07-11,Tas Sekolah,Buku,30.0,1573428.37,984724.07
275.0,INV-2025-09-15-913438398,2025-07-11,Mentega,Gaming,30.0,2156042.92,1119992.19
276.0,INV-2025-09-26-235988903,2025-07-11,Tepung Terigu,Tour & Travel,30.0,2201005.41,2610930.79
277.0,INV-2025-10-24-735177925,2025-07-11,Mouse,Barang Lainnya,30.0,1339374.25,1737503.57
278.0,INV-2025-03-25-259610577,2025-07-11,Sikat Gigi,Barang Lainnya,30.0,4810700.95,2869767.81
279.0,INV-2025-07-23-988110779,2025-07-11,Mainan Anak,Barang Lainnya,42.0,1602426.82,2893155.04
280.0,INV-2025-07-10-149136976,2025-07-11,Kacang Tanah,Kesehatan,30.0,729445.56,2595367.27
281.0,INV-2025-11-11-616241524,2025-07-11,Payung,Buku,30.0,3484072.12,2885935.8349012807
282.0,INV-2025-04-02-421797855,2025-07-11,Sayur Kangkung,Buku,30.0,3997179.4,1670418.06
283.0,INV-2025-05-22-857858738,2025-07-11,Headphone,Barang Lainnya,30.0,2218521.85,3209212.96
353658.0,INV-2025-07-24-806349952,2025-07-11,Teh Celup,Elektronik,30.0,1365381.49,2418945.58
285.0,INV-2024-12-07-550746536,2025-07-11,Charger,Barang Lainnya,30.0,2965848.36,216837.02
286.0,INV-2025-03-19-813728595,2025-07-11,Kabel,Kecantikan,30.0,1135768.22,350141.17
287.0,INV-2025-04-12-452240324,2025-07-11,Sepatu,Gaming,30.0,3711755.33,1777627.86
288.0,INV-2024-12-21-113623753,2025-07-11,Pasta Gigi,Makanan & Minuman,30.0,2815754.11,3402232.44
289.0,INV-2025-06-26-254249070,2025-10-03,Sepatu,Makanan & Minuman,30.0,1322935.42,2795034.19
290.0,INV-2025-02-22-818759497,2024-12-04,Keju,Tour & Travel,30.0,2449390.92,1619599.28
291.0,INV-2025-09-15-317920545,2025-07-11,Gula Pasir,Gaming,30.0,1134537.53,2885935.8349012807
353658.0,INV-2025-08-01-286712333,2025-07-11,Sambal,Dapur,30.0,2778970.96,3838102.22
293.0,INV-2025-11-19-517497583,2025-07-11,Sabun Mandi,Barang Lainnya,30.0,3458125.44,3397625.28
294.0,INV-2025-09-14-493103910,2025-07-11,Sayur Kangkung,Bahan Kimia,30.0,1159393.9,1755898.12
295.0,INV-2025-03-19-565545876,2025-07-11,Mie Instan,Kesehatan,30.0,1613482.87,240045.11
296.0,INV-2025-05-02-454734765,2025-07-11,Kacang Panjang,Makanan & Minuman,30.0,437135.63,4801983.53
297.0,INV-2025-06-15-985767729,2025-07-11,Tepung Terigu,Buku,30.0,426873.56,2466915.81
298.0,INV-2025-09-05-876565519,2025-07-11,Cabai Merah,Barang Lainnya,30.0,2602455.41,326224.68
299.0,INV-2025-07-20-923307086,2025-07-11,Susu UHT,Kecantikan,30.0,2110935.1,4110024.32
353658.0,INV-2025-10-06-753564117,2025-07-11,Speaker,Barang Lainnya,30.0,4306026.28,3488115.28
301.0,INV-2025-01-06-312333123,2025-07-11,Tomat,Kecantikan,30.0,63427.74,61313.5
353658.0,INV-2025-10-23-666480262,2025-07-11,Handphone,Gaming,30.0,3442106.74,2282133.07
303.0,INV-2025-01-09-712779162,2025-07-17,Terong,Dapur,30.0,3640749.56,2885935.8349012807
304.0,INV-2025-08-31-270057198,2025-07-11,Susu Formula,Elektronik,30.0,1844151.36,498429.46
305.0,INV-2024-12-01-615854970,2025-02-09,Topi,Dapur,30.0,4870954.07,4447559.95
306.0,INV-2025-09-02-790454368,2025-07-11,Kopi Bubuk,Makanan & Minuman,30.0,3986877.72,4090386.16
307.0,INV-2025-04-14-948756009,2025-07-11,Sepatu,Kesehatan,30.0,3230528.48,1889231.06
308.0,INV-2025-09-27-598973626,2025-07-11,Beras Premium,Buku,42.0,3342069.92,152890.63
309.0,INV-2025-06-11-478343779,2025-07-11,Pensil,Handphone & Tablet,30.0,3749437.15,4315141.4
353658.0,INV-2025-04-22-445676186,2025-07-11,Susu Formula,Makanan & Minuman,30.0,616082.01,2063590.82
311.0,INV-2025-02-01-658308187,2025-07-11,Kecap Manis,Kesehatan,30.0,3047577.68,3479850.8
312.0,INV-2025-11-16-866602702,2025-07-11,Pasta Gigi,Makanan & Minuman,30.0,1749648.44,1558966.86
313.0,INV-2025-05-02-849471048,2025-07-11,Sayur Bayam,Barang Lainnya,30.0,3738280.93,1541603.75
314.0,INV-2025-10-12-705974303,2025-07-11,Air Mineral,Handphone & Tablet,30.0,2265001.13,2885935.8349012807
315.0,INV-2024-12-19-389090725,2025-07-11,Cabai Rawit,Barang Lainnya,30.0,1291747.92,4859656.36
316.0,INV-2025-06-26-146603442,2025-07-11,Bawang Putih,Barang Lainnya,30.0,1063695.54,3223464.9
317.0,INV-2025-09-02-798588688,2025-07-11,Roti Tawar,Elektronik,30.0,4653579.1,1256302.74
318.0,INV-2025-03-08-501527340,2025-07-11,Pasta Gigi,Handphone & Tablet,30.0,547778.42,3367552.56
319.0,INV-2025-04-03-729701271,2025-07-11,Kecap Manis,Gaming,30.0,1860684.18,3965916.57
320.0,INV-2025-01-05-296857558,2025-07-22,Telur Ayam,Dapur,30.0,2378565.1504077143,490760.97
321.0,INV-2025-10-22-274124107,2025-07-11,Pewangi,Gaming,30.0,2378565.1504077143,4815033.78
322.0,INV-2025-09-06-992868746,2025-07-11,Tas Sekolah,Barang Lainnya,30.0,2386516.2,1239602.82
323.0,INV-2025-10-22-690729378,2025-07-11,Labu Siam,Tour & Travel,30.0,2378565.1504077143,1498890.49
353658.0,INV-2024-12-16-321571675,2025-07-11,Sayur Kangkung,Dapur,30.0,2692952.61,1373962.57
325.0,INV-2025-11-29-835115458,2025-07-11,Bawang Merah,Dapur,30.0,749309.8,3907996.55
326.0,INV-2025-08-30-861041398,2024-12-12,Charger,Bahan Kimia,30.0,766830.24,4861122.98
327.0,INV-2025-05-20-884186727,2025-02-02,Roti Tawar,Kecantikan,30.0,4088127.53,449401.95
328.0,INV-2025-04-21-825076501,2025-07-11,Cabai Merah,Handphone & Tablet,30.0,1978334.28,2885935.8349012807
329.0,INV-2025-01-14-646328438,2025-07-11,Telur Ayam,Fashion,30.0,3356046.39,4643365.99
330.0,INV-2025-05-27-497704191,2025-07-11,Kipas Angin,Kesehatan,30.0,386755.42,2885935.8349012807
331.0,INV-2025-03-01-704511717,2025-06-12,Baju,Tour & Travel,30.0,4591134.45,1308822.6
332.0,INV-2024-12-20-678235027,2025-07-11,Kentang,Handphone & Tablet,30.0,2693485.68,2278428.57
353658.0,INV-2025-05-29-626247858,2025-07-11,Kipas Angin,Dapur,30.0,4035006.91,1775056.29
334.0,INV-2025-11-02-537930996,2025-07-11,Keyboard,Barang Lainnya,42.0,4514816.34,3478344.77
335.0,INV-2025-02-28-284257368,2025-07-11,Bawang Merah,Elektronik,30.0,4079780.47,3769832.47
336.0,INV-2025-11-08-216551176,2025-11-15,Detergen,Buku,30.0,3346766.49,2474955.07
337.0,INV-2025-04-21-161145837,2025-07-11,Sikat Gigi,Fashion,30.0,2378565.1504077143,764229.49
338.0,INV-2025-08-31-119240679,2025-07-11,Biskuit,Handphone & Tablet,42.0,3058938.4,3652240.41
339.0,INV-2025-01-05-217802396,2025-07-11,Minyak Goreng,Dapur,30.0,1593443.43,4342827.49
340.0,INV-2025-02-17-624387559,2025-07-11,Daging Ayam,Handphone & Tablet,30.0,4309273.52,2544037.22
341.0,INV-2025-05-15-434530637,2025-07-11,Celana,Kecantikan,30.0,2378565.1504077143,4802239.6
342.0,INV-2025-01-26-398423916,2025-07-11,Printer,Buku,30.0,3461722.09,615815.72
343.0,INV-2025-10-26-178939808,2025-07-11,Cabai Rawit,Barang Lainnya,30.0,2891662.89,705253.48
344.0,INV-2025-01-02-140425894,2025-07-11,Penghapus,Makanan & Minuman,30.0,4589956.73,3409934.05
345.0,INV-2024-12-13-202385544,2025-02-25,Yogurt,Buku,30.0,4073836.88,2022182.03
346.0,INV-2025-01-14-207559012,2025-08-04,Timun,Barang Lainnya,42.0,3162997.7,979059.03
347.0,INV-2025-07-17-817411543,2025-07-11,Penghapus,Barang Lainnya,30.0,2238146.37,1077256.98
348.0,INV-2025-09-22-488371608,2025-07-11,Pewangi,Makanan & Minuman,42.0,2297506.67,4074402.88
349.0,INV-2025-03-21-251402135,2025-07-11,Pensil,Handphone & Tablet,42.0,2920333.24,336407.69
350.0,INV-2025-10-06-114941359,2025-07-11,Kentang,Kesehatan,30.0,184827.54,1968413.78
351.0,INV-2024-12-24-985768242,2025-07-11,Popok Bayi,Dapur,30.0,3256508.71,139944.6
353658.0,INV-2025-08-04-855107462,2025-07-11,Daging Ayam,Kecantikan,42.0,330339.9,3432163.99
353.0,INV-2025-01-29-442869480,2025-07-11,Minyak Goreng,Kesehatan,30.0,2957722.43,607338.71
354.0,INV-2025-09-06-532836580,2025-07-11,Sabun Mandi,Dapur,30.0,1498718.83,886033.87
355.0,INV-2025-01-07-877840976,2025-07-11,Cabai Rawit,Dapur,30.0,2436907.24,3309799.44
356.0,INV-2025-07-11-816811637,2025-07-11,Teh Celup,Makanan & Minuman,30.0,3856066.27,2885935.8349012807
357.0,INV-2025-05-11-174823934,2025-07-11,Kentang,Dapur,30.0,2378565.1504077143,1221040.71
358.0,INV-2025-11-12-806206191,2025-07-11,Kentang,Tour & Travel,30.0,904171.1,2895450.46
359.0,INV-2025-09-11-246647169,2025-07-11,Sepatu,Tour & Travel,30.0,352988.99,4899325.8
360.0,INV-2025-03-15-521282678,2025-07-11,Baterai,Barang Lainnya,30.0,1679576.68,1281904.52
361.0,INV-2025-01-18-762245080,2025-07-11,Cabai Merah,Fashion,30.0,261147.78,3912366.1
362.0,INV-2025-11-12-990823201,2025-07-11,Susu UHT,Gaming,30.0,3564807.22,2885935.8349012807
363.0,INV-2025-10-17-689168836,2025-07-11,Minyak Goreng,Tour & Travel,42.0,2108929.84,1457038.95
364.0,INV-2025-04-15-405063468,2025-07-11,Mouse,Bahan Kimia,30.0,173285.2,3261003.92
365.0,INV-2025-10-29-451858790,2025-07-11,Keju,Kecantikan,30.0,2000071.89,3395946.09
366.0,INV-2025-01-24-753348269,2025-07-11,Garam,Fashion,30.0,505630.95,4232883.82
367.0,INV-2025-11-01-484418242,2025-07-11,Bawang Putih,Gaming,30.0,4468945.94,4261931.25
368.0,INV-2025-01-06-446817378,2025-07-11,Cabai Merah,Tour & Travel,30.0,3480147.86,1499011.4
369.0,INV-2025-08-25-306936688,2025-07-11,Bubur Bayi,Makanan & Minuman,30.0,551930.95,3347616.83
370.0,INV-2025-01-08-711976792,2025-07-11,Susu Formula,Kecantikan,30.0,3241097.15,3277029.19
353658.0,INV-2025-09-28-725373274,2025-07-11,Kerupuk,Bahan Kimia,30.0,349161.92,2841943.86
372.0,INV-2025-11-20-695693541,2025-07-11,Beras Premium,Bahan Kimia,30.0,2378565.1504077143,1198206.05
373.0,INV-2025-08-13-832608334,2025-07-11,Jus Buah,Kecantikan,30.0,56182.02,2644242.89
374.0,INV-2025-10-24-711431038,2025-07-11,Sandal,Bahan Kimia,30.0,1332012.09,3423235.25
375.0,INV-2025-04-29-191475815,2025-07-11,Speaker,Bahan Kimia,30.0,2709623.2,4606002.58
376.0,INV-2025-04-18-723394083,2025-07-11,Speaker,Barang Lainnya,30.0,165284.27,2885935.8349012807
377.0,INV-2024-12-21-666126520,2025-07-11,Penggaris,Makanan & Minuman,30.0,3801331.59,865315.33
378.0,INV-2025-11-30-616629775,2025-07-11,Terong,Bahan Kimia,30.0,3818122.65,840061.37
379.0,INV-2025-04-26-488577596,2025-07-11,Sepatu,Handphone & Tablet,30.0,4716041.29,3123451.88
380.0,INV-2025-03-14-255931787,2025-07-11,Timun,Tour & Travel,42.0,4158539.65,563920.09
381.0,INV-2025-05-29-256161741,2025-07-11,Beras Premium,Bahan Kimia,30.0,4279606.62,2885935.8349012807
382.0,INV-2025-07-01-719258878,2025-07-11,Wortel,Bahan Kimia,30.0,3354006.88,3218988.29
383.0,INV-2024-12-26-953641763,2025-07-11,Pewangi,Dapur,30.0,4082819.23,3157450.12
384.0,INV-2024-12-13-161393280,2025-07-11,Terong,Gaming,30.0,2378565.1504077143,3908319.95
385.0,INV-2025-01-19-542471369,2025-07-11,Daging Ayam,Dapur,30.0,1645397.82,3707409.22
386.0,INV-2025-05-26-446990499,2025-07-11,Baju,Fashion,30.0,4039913.47,740752.36
353658.0,INV-2025-09-10-732635485,2025-07-11,Sandal,Fashion,30.0,221374.7,4660118.78
353658.0,INV-2025-07-04-898417942,2025-07-11,Laptop,Elektronik,30.0,2074575.08,2885935.8349012807
389.0,INV-2025-05-11-517275267,2025-07-11,Sepatu,Fashion,30.0,2378565.1504077143,2885935.8349012807
390.0,INV-2025-01-19-675046716,2025-10-13,Ikan Segar,Buku,30.0,2886806.36,676663.0
391.0,INV-2025-10-13-933687923,2024-12-25,Susu Formula,Bahan Kimia,30.0,2375059.34,3299583.12
392.0,INV-2025-10-29-815335199,2025-07-11,Daging Sapi,Makanan & Minuman,30.0,3603806.8,2425907.34
393.0,INV-2025-04-08-228058079,2025-07-11,Mouse,Gaming,30.0,4906402.22,2885935.8349012807
394.0,INV-2025-04-20-506399216,2025-07-11,Labu Siam,Fashion,42.0,2808286.14,836214.67
395.0,INV-2025-08-14-761974654,2025-07-11,Speaker,Tour & Travel,30.0,1556544.07,1323135.84
396.0,INV-2025-09-21-510915652,2025-07-11,Telur Ayam,Elektronik,30.0,2130121.19,3202319.21
397.0,INV-2025-01-02-977697205,2025-07-11,Sabun Mandi,Elektronik,30.0,4401254.07,1769685.09
398.0,INV-2025-01-27-702300993,2025-07-11,Kamera,Barang Lainnya,30.0,4582509.14,2885935.8349012807
399.0,INV-2025-04-13-750740589,2025-07-11,Kabel,Kesehatan,30.0,2169129.98,2398988.33
400.0,INV-2025-10-09-833396318,2025-07-11,Wortel,Fashion,42.0,1576645.45,4487022.73
401.0,INV-2024-12-02-790022697,2025-09-12,Bawang Merah,Buku,30.0,3668282.18,1094243.06
402.0,INV-2025-04-11-853417332,2025-07-11,Minyak Goreng,Elektronik,30.0,2813231.91,1214441.58
403.0,INV-2025-07-19-614313696,2025-07-11,Mainan Anak,Kesehatan,30.0,2404907.81,2885935.8349012807
353658.0,INV-2025-05-23-489708426,2025-07-11,Beras Medium,Makanan & Minuman,30.0,1922986.25,3243740.13
405.0,INV-2025-05-18-347745900,2025-07-11,Sikat Gigi,Gaming,30.0,2986840.13,4302849.0
406.0,INV-2024-12-07-289017200,2025-07-11,Buku Tulis,Kecantikan,30.0,1003634.92,3564764.9
407.0,INV-2025-03-11-410399293,2025-07-11,Sepatu,Tour & Travel,30.0,4679814.57,1290053.59
353658.0,INV-2025-08-02-607125818,2025-07-11,Handphone,Bahan Kimia,30.0,2378565.1504077143,3118057.46
409.0,INV-2025-03-07-303212288,2025-07-11,Bawang Putih,Kesehatan,30.0,438205.48,3191695.44
410.0,INV-2025-01-25-779104297,2025-07-11,Laptop,Gaming,42.0,3725520.32,2885935.8349012807
411.0,INV-2025-11-07-628015929,2025-07-11,Minyak Goreng,Handphone & Tablet,30.0,4222798.57,4873193.96
412.0,INV-2025-10-06-124238873,2025-07-11,Ikan Segar,Kecantikan,30.0,3081905.54,2648036.62
413.0,INV-2025-08-08-808027855,2025-07-11,Minyak Goreng,Barang Lainnya,30.0,2134043.57,795224.72
353658.0,INV-2025-11-28-162339304,2025-07-11,Bubur Bayi,Fashion,30.0,223852.49,698551.14
415.0,INV-2025-02-06-782073836,2025-07-11,Payung,Fashion,30.0,1271158.72,1053697.95
416.0,INV-2025-01-31-395098056,2025-03-15,Sayur Bayam,Tour & Travel,42.0,2129218.89,4311254.25
417.0,INV-2025-09-19-516911402,2025-07-11,Buku Tulis,Kesehatan,30.0,2378565.1504077143,4719279.09
418.0,INV-2025-04-11-565092219,2025-07-11,Kacang Panjang,Buku,30.0,3245816.8,4738828.09
419.0,INV-2024-12-28-846717204,2025-07-11,Susu Formula,Kecantikan,30.0,1479699.53,819722.7
420.0,INV-2025-11-12-791122990,2025-07-11,Tas Sekolah,Makanan & Minuman,30.0,2378565.1504077143,2734096.25
421.0,INV-2025-05-15-167979557,2025-07-11,Mentega,Handphone & Tablet,30.0,1629646.3,2723545.67
422.0,INV-2025-09-19-549538010,2025-07-30,Popok Bayi,Handphone & Tablet,42.0,395418.62,3885829.2
423.0,INV-2025-02-11-651170034,2025-07-11,Jus Buah,Tour & Travel,30.0,4761599.57,4033567.66
424.0,INV-2025-04-18-193520814,2025-07-11,Kedelai,Barang Lainnya,30.0,3438629.69,4163746.82
425.0,INV-2025-05-01-431956987,2025-07-11,Jus Buah,Barang Lainnya,30.0,566644.04,3968343.56
426.0,INV-2025-06-20-704061522,2025-07-11,Sayur Kangkung,Tour & Travel,30.0,490990.33,4563032.24
427.0,INV-2025-10-13-883429755,2025-07-11,Sikat Gigi,Barang Lainnya,30.0,2378565.1504077143,2867517.91
428.0,INV-2025-10-09-165261091,2025-07-11,Sambal,Kecantikan,30.0,504562.66,3044233.73
429.0,INV-2025-03-11-519754416,2025-07-11,Kamera,Tour & Travel,42.0,3163325.82,1966927.33
430.0,INV-2025-06-13-342608327,2025-07-11,Pasta Gigi,Dapur,30.0,2608271.24,1393465.35
431.0,INV-2025-06-16-278364895,2025-07-11,Gula Merah,Barang Lainnya,42.0,2262435.46,2885935.8349012807
432.0,INV-2025-09-24-286824058,2025-07-11,Buku Tulis,Elektronik,30.0,1324395.29,2708976.9
433.0,INV-2025-05-29-496711743,2025-07-11,Tepung Terigu,Fashion,30.0,252263.55,3290227.42
434.0,INV-2025-02-07-185585538,2025-07-11,Laptop,Gaming,30.0,68235.15,1359905.59
353658.0,INV-2025-06-24-304140627,2025-07-11,Wortel,Fashion,30.0,3781983.67,1960989.14
436.0,INV-2025-01-15-723446506,2025-07-11,Minyak Goreng,Handphone & Tablet,30.0,2264225.65,1530032.02
437.0,INV-2025-03-05-378038569,2025-07-11,Minyak Goreng,Handphone & Tablet,30.0,4126851.9,2679160.75
438.0,INV-2025-08-17-321630213,2025-02-12,Laptop,Bahan Kimia,30.0,1107938.53,774178.5
439.0,INV-2025-02-21-316909027,2025-07-11,Shampoo,Barang Lainnya,30.0,2378565.1504077143,749877.51
440.0,INV-2025-07-03-277142530,2025-07-11,Shampoo,Bahan Kimia,42.0,4828167.64,2180520.31
441.0,INV-2025-08-10-190273161,2025-07-11,Kedelai,Elektronik,30.0,3340345.39,1353496.85
442.0,INV-2025-02-05-388806423,2025-07-11,Kacang Tanah,Gaming,30.0,2676734.89,437750.05
443.0,INV-2025-07-18-173701183,2025-07-11,Telur Ayam,Fashion,30.0,2923118.34,2917036.39
444.0,INV-2025-03-03-743214002,2025-07-11,Baju,Tour & Travel,42.0,866527.09,1679084.56
445.0,INV-2025-01-30-534086563,2025-07-11,Sayur Kangkung,Gaming,42.0,1654350.8,2966711.31
446.0,INV-2025-05-30-639004258,2025-07-11,Kedelai,Fashion,30.0,4040662.8,4996177.79
447.0,INV-2025-05-15-826113023,2025-07-11,Sambal,Gaming,42.0,1784802.03,4802560.95
353658.0,INV-2025-04-21-237394492,2025-07-11,Sayur Sawi,Handphone & Tablet,30.0,4684774.65,2885935.8349012807
449.0,INV-2024-12-03-151779078,2025-07-11,Sabun Mandi,Buku,30.0,2378565.1504077143,4234724.13
450.0,INV-2025-11-03-262302220,2025-07-11,Sayur Kangkung,Kecantikan,30.0,2654059.38,2480313.66
451.0,INV-2024-12-03-197217183,2025-07-11,Pasta Gigi,Dapur,42.0,559649.47,3415207.27
452.0,INV-2025-09-03-727703171,2025-07-11,Ikan Segar,Fashion,30.0,4223038.87,400446.26
453.0,INV-2024-12-12-759677047,2025-07-11,Ikan Segar,Handphone & Tablet,42.0,1402426.99,1118437.63
454.0,INV-2025-04-14-433555705,2025-07-11,Handphone,Gaming,30.0,3949512.74,176347.99
455.0,INV-2025-08-09-381263044,2025-07-11,Gula Pasir,Dapur,30.0,287836.63,871264.27
456.0,INV-2025-05-17-433231632,2025-07-11,Minyak Goreng,Bahan Kimia,42.0,3598624.04,1865299.68
457.0,INV-2024-12-13-175551729,2025-07-11,Tepung Terigu,Barang Lainnya,30.0,1207396.95,2536665.34
458.0,INV-2025-07-24-173868120,2025-07-11,Pare,Dapur,30.0,3354487.21,4021656.9
459.0,INV-2025-01-18-332961003,2025-07-11,Celana,Handphone & Tablet,42.0,750747.85,1225808.39
460.0,INV-2024-11-30-243553618,2025-06-27,Sambal,Barang Lainnya,30.0,610522.21,1445258.17
461.0,INV-2025-01-11-922598904,2025-07-11,Sayur Bayam,Barang Lainnya,30.0,4873696.84,1777779.4
462.0,INV-2025-06-26-724696180,2025-07-11,Detergen,Buku,30.0,1580387.69,1318622.77
463.0,INV-2025-03-03-622890738,2025-07-11,Popok Bayi,Kecantikan,30.0,3495331.53,2885935.8349012807
464.0,INV-2025-10-14-966207719,2025-07-11,Biskuit,Kecantikan,30.0,1952013.57,1320336.39
465.0,INV-2024-12-26-909665776,2025-07-11,Kecap Manis,Dapur,30.0,633342.25,2873794.6
466.0,INV-2025-10-09-903387362,2025-07-11,Keju,Dapur,30.0,865061.77,2885935.8349012807
467.0,INV-2025-02-07-290631851,2025-07-11,Bawang Putih,Kecantikan,30.0,2378565.1504077143,1670262.69
468.0,INV-2025-03-30-749876891,2025-07-11,Detergen,Kecantikan,30.0,4728711.45,4423941.26
469.0,INV-2025-06-27-550062757,2025-05-25,Kentang,Elektronik,30.0,3600755.8,2885935.8349012807
470.0,INV-2025-06-30-703524229,2025-07-11,Celana,Buku,30.0,2438930.11,964101.4
471.0,INV-2025-08-11-932107695,2025-07-12,Sambal,Tour & Travel,30.0,1892504.23,1577965.41
472.0,INV-2025-11-22-561403288,2025-07-11,Pare,Fashion,30.0,2378565.1504077143,1693630.6
473.0,INV-2025-03-13-761529882,2025-07-11,Payung,Makanan & Minuman,30.0,2378081.44,4386407.6
353658.0,INV-2025-09-28-367985297,2025-07-11,Handphone,Fashion,42.0,1747629.37,2885935.8349012807
475.0,INV-2025-03-20-773570327,2025-07-11,Lampu,Fashion,30.0,3408981.71,2885935.8349012807
476.0,INV-2025-06-11-344377832,2025-07-11,Bawang Putih,Bahan Kimia,30.0,2378565.1504077143,3709023.18
477.0,INV-2025-11-21-254271489,2025-07-11,Kabel,Gaming,30.0,2021092.97,1489665.9
478.0,INV-2025-05-24-403431688,2025-07-11,Tepung Terigu,Elektronik,30.0,855037.6,1655121.6
479.0,INV-2025-08-18-559857333,2025-07-11,Mainan Anak,Kecantikan,30.0,3939413.57,4727538.44
353658.0,INV-2025-11-30-409906264,2025-07-11,Charger,Barang Lainnya,42.0,3120921.38,4199281.91
481.0,INV-2025-07-23-126769365,2025-07-11,Bawang Putih,Kecantikan,30.0,4114052.62,3907917.93
482.0,INV-2025-10-15-321162066,2025-07-11,Air Mineral,Handphone & Tablet,30.0,1655234.41,3640411.73
483.0,INV-2025-02-28-438378631,2025-07-11,Ikan Segar,Makanan & Minuman,30.0,3840009.39,3702180.36
484.0,INV-2025-02-22-685086926,2025-07-11,Kedelai,Gaming,30.0,833333.05,3563099.56
485.0,INV-2025-04-14-570223192,2025-07-11,Laptop,Bahan Kimia,30.0,2032986.96,2977491.92
486.0,INV-2025-09-19-363779047,2025-07-11,Teh Celup,Gaming,30.0,2763078.52,1693691.79
487.0,INV-2025-08-04-579186526,2025-07-11,Kacang Panjang,Buku,30.0,3283544.72,3188121.1
488.0,INV-2025-02-09-867883027,2025-07-11,Kecap Manis,Elektronik,30.0,4708827.38,2885935.8349012807
489.0,INV-2024-12-11-862731319,2025-02-07,Cabai Rawit,Buku,30.0,3092615.99,2001945.0
490.0,INV-2025-11-12-425605873,2025-07-11,Beras Premium,Gaming,30.0,2378565.1504077143,1712376.52
491.0,INV-2025-04-06-941880345,2025-07-11,Cabai Rawit,Barang Lainnya,30.0,4702533.02,2277241.44
492.0,INV-2025-08-04-664024711,2025-07-11,Headphone,Dapur,30.0,4443825.85,1736710.77
493.0,INV-2025-02-13-688609217,2025-07-11,Biskuit,Barang Lainnya,30.0,2203682.3,3287182.81
494.0,INV-2025-10-23-542662539,2025-07-11,Cabai Rawit,Buku,30.0,1589286.13,3625772.32
495.0,INV-2025-08-23-286255253,2025-07-11,Susu UHT,Fashion,30.0,4549310.49,2951390.97
496.0,INV-2025-08-11-620908324,2025-07-11,Tepung Terigu,Handphone & Tablet,42.0,1529932.98,2868643.78
353658.0,INV-2025-09-16-990061674,2025-07-11,Kamera,Fashion,42.0,837570.73,1897212.72
498.0,INV-2025-03-09-971452203,2025-07-11,Roti Tawar,Fashion,30.0,3308323.55,4268830.55
499.0,INV-2025-07-27-639644135,2025-07-11,Penggaris,Handphone & Tablet,30.0,4357722.57,127849.61
500.0,INV-2025-01-03-395174983,2025-07-11,Lampu,Barang Lainnya,42.0,2321576.19,2885935.8349012807
501.0,INV-2025-04-11-689084247,2025-07-11,Minyak Goreng,Handphone & Tablet,30.0,4870626.95,4723931.9
502.0,INV-2025-11-18-135657248,2025-07-11,Cabai Rawit,Kecantikan,30.0,232314.45,3501937.57
503.0,INV-2025-06-10-112891177,2025-07-11,Baterai,Barang Lainnya,30.0,988379.78,2657987.61
504.0,INV-2025-11-11-553823894,2025-07-11,Buncis,Barang Lainnya,30.0,3208045.24,2486436.23
505.0,INV-2025-06-14-398061928,2025-07-11,Wortel,Barang Lainnya,30.0,3893703.29,4017970.99
506.0,INV-2025-09-16-160417610,2025-07-11,Tomat,Buku,30.0,669020.44,2206094.15
507.0,INV-2025-08-01-753377358,2025-07-11,Shampoo,Fashion,30.0,2378565.1504077143,4371842.67
353658.0,INV-2025-10-24-667631211,2025-07-11,Air Mineral,Tour & Travel,30.0,4554645.15,3663192.97
509.0,INV-2025-11-18-993313277,2025-07-11,Terong,Kecantikan,30.0,3069664.9,2885935.8349012807
510.0,INV-2024-12-09-214876194,2025-07-11,Ikan Segar,Kecantikan,42.0,2459614.27,3126906.02
511.0,INV-2025-07-14-998598765,2025-07-11,Kentang,Barang Lainnya,30.0,4011732.3,3568839.17
512.0,INV-2025-06-14-979224714,2025-07-11,Ikan Segar,Barang Lainnya,30.0,3245291.27,4436801.94
513.0,INV-2024-12-14-550457149,2025-07-11,Telur Ayam,Fashion,42.0,3116170.34,3005289.01
353658.0,INV-2024-12-30-588219853,2025-07-11,Kacang Panjang,Barang Lainnya,30.0,1813670.76,1486149.39
515.0,INV-2025-01-31-866146681,2025-07-11,Detergen,Dapur,30.0,4878402.88,3494233.87
516.0,INV-2025-02-21-567342483,2025-07-11,Kaos Kaki,Tour & Travel,30.0,405295.57,2885935.8349012807
517.0,INV-2025-05-21-139301675,2025-07-11,Keyboard,Handphone & Tablet,30.0,966642.42,3760410.09
518.0,INV-2024-11-30-101418051,2025-07-11,Kedelai,Buku,30.0,277566.53,2885935.8349012807
519.0,INV-2025-10-13-555896418,2025-07-11,Minyak Goreng,Kesehatan,30.0,2215121.41,1951785.3
520.0,INV-2025-05-10-297725813,2025-07-11,Sikat Gigi,Kesehatan,30.0,2378565.1504077143,1901583.39
521.0,INV-2025-02-01-253344831,2025-07-11,Keyboard,Kecantikan,30.0,4103972.21,956288.7
522.0,INV-2025-09-25-202367832,2025-07-11,Sepatu,Elektronik,30.0,4584841.0,3142758.08
523.0,INV-2025-05-03-104979497,2025-07-11,Timun,Kesehatan,30.0,4606845.08,4496003.09
524.0,INV-2025-05-29-845613809,2025-04-08,Sayur Bayam,Dapur,30.0,3798063.09,852206.59
525.0,INV-2025-08-12-382839297,2025-07-11,Keyboard,Tour & Travel,30.0,4609898.39,371079.21
526.0,INV-2025-03-04-459697252,2025-07-11,Sandal,Barang Lainnya,30.0,3720532.47,2885935.8349012807
527.0,INV-2025-06-18-533706239,2025-07-11,Susu UHT,Handphone & Tablet,30.0,3871124.69,4962755.51
528.0,INV-2025-10-16-472565125,2025-07-11,Tomat,Buku,30.0,1797122.29,361652.26
529.0,INV-2024-12-17-484943897,2025-07-11,Mainan Anak,Kecantikan,30.0,3994669.69,3815300.7
530.0,INV-2025-11-05-810454542,2025-07-11,Penghapus,Buku,30.0,2378565.1504077143,2885935.8349012807
531.0,INV-2025-09-22-188381833,2025-07-11,Yogurt,Barang Lainnya,30.0,3285339.78,1382929.87
532.0,INV-2025-04-11-621600609,2025-07-11,Sayur Kangkung,Bahan Kimia,30.0,3112479.01,3915516.09
533.0,INV-2025-01-25-749626402,2025-07-11,Teh Celup,Buku,30.0,3786443.13,2845840.64
534.0,INV-2025-02-16-660995814,2025-07-11,Baterai,Elektronik,30.0,3770583.56,471560.28
535.0,INV-2025-11-03-704591622,2025-07-11,Kabel,Barang Lainnya,30.0,4512547.06,3752303.15
353658.0,INV-2025-10-26-821109813,2025-07-11,Headphone,Handphone & Tablet,30.0,2378565.1504077143,3535657.41
537.0,INV-2025-01-30-428538727,2025-07-11,Pembalut,Gaming,30.0,2378565.1504077143,3491583.36
538.0,INV-2025-05-18-424854078,2025-07-11,Kacang Tanah,Buku,30.0,281244.61,3233806.53
539.0,INV-2025-06-03-976481168,2025-02-05,Roti Tawar,Buku,30.0,1316731.56,1673122.64
353658.0,INV-2025-03-09-165420467,2025-07-11,Mainan Anak,Kecantikan,30.0,4638388.97,4053060.99
541.0,INV-2025-06-06-918657359,2025-07-11,Terong,Gaming,30.0,2378565.1504077143,209103.85
542.0,INV-2025-03-15-436464123,2025-07-11,Susu Formula,Fashion,30.0,2378565.1504077143,3215334.09
543.0,INV-2025-01-03-270517852,2025-07-11,Jus Buah,Makanan & Minuman,30.0,1573699.14,2927815.08
544.0,INV-2025-03-11-701953461,2025-05-07,Buku Tulis,Buku,30.0,3530289.27,380280.97
545.0,INV-2024-12-18-676091797,2025-07-11,Handphone,Buku,30.0,2378565.1504077143,2441576.99
546.0,INV-2025-10-23-909554867,2025-07-11,Kacang Panjang,Elektronik,30.0,642701.76,3405828.66
547.0,INV-2025-11-15-606279088,2025-07-11,Bawang Putih,Buku,30.0,3408909.03,177948.55
548.0,INV-2025-11-15-186546656,2025-07-11,Sayur Bayam,Handphone & Tablet,42.0,1539304.04,4231755.05
549.0,INV-2025-08-01-366999028,2025-07-11,Mie Instan,Fashion,30.0,4590766.96,2392265.33
550.0,INV-2025-03-08-627004883,2025-07-11,Beras Premium,Makanan & Minuman,30.0,2378565.1504077143,497611.36
551.0,INV-2025-04-21-606647510,2025-01-03,Daging Ayam,Tour & Travel,30.0,2400926.86,505456.71
552.0,INV-2025-08-05-730044276,2025-07-11,Bawang Merah,Dapur,30.0,3223101.93,1675244.82
553.0,INV-2025-10-14-261811675,2025-07-11,Yogurt,Bahan Kimia,30.0,3774543.39,3041845.08
554.0,INV-2025-07-02-120538852,2025-07-11,Tomat,Kecantikan,30.0,949544.67,4748387.44
555.0,INV-2025-01-05-363582505,2025-07-11,Bawang Putih,Tour & Travel,30.0,2221948.65,2060763.28
556.0,INV-2025-10-03-629255170,2025-07-11,Buku Tulis,Kesehatan,30.0,2082719.62,915064.99
557.0,INV-2025-07-14-686873337,2025-07-11,Kaos Kaki,Bahan Kimia,30.0,202288.86,2297568.37
558.0,INV-2025-06-03-818894869,2025-07-11,Cabai Merah,Kecantikan,30.0,3983111.26,1690634.81
559.0,INV-2025-04-08-407847006,2025-07-11,Ikan Segar,Bahan Kimia,30.0,4283779.21,1199694.98
560.0,INV-2025-01-23-947572546,2025-07-11,Ikan Segar,Barang Lainnya,30.0,2378565.1504077143,3448432.85
561.0,INV-2025-03-11-961009156,2025-07-11,Kopi Bubuk,Kesehatan,30.0,2516014.43,4281568.86
562.0,INV-2025-07-05-468145896,2025-07-11,Popok Bayi,Barang Lainnya,30.0,1047140.64,3400802.42
563.0,INV-2025-01-28-435094747,2025-07-11,Telur Ayam,Dapur,30.0,1367960.01,3235332.25
564.0,INV-2025-03-11-988512148,2025-07-11,Daging Ayam,Barang Lainnya,42.0,4064563.0,840918.85
353658.0,INV-2025-07-24-769152524,2025-07-11,Beras Premium,Gaming,30.0,2874607.53,1004355.27
566.0,INV-2025-06-02-817073993,2025-07-11,Keyboard,Barang Lainnya,30.0,1967757.39,1238051.96
567.0,INV-2024-12-03-919001613,2025-07-11,Baterai,Tour & Travel,30.0,727967.1,4950439.59
568.0,INV-2025-10-15-891089835,2025-07-11,Timun,Barang Lainnya,30.0,1528800.98,4324852.27
569.0,INV-2025-07-17-751503731,2025-07-11,Telur Ayam,Fashion,42.0,2378565.1504077143,1335043.01
570.0,INV-2024-12-22-498655954,2025-07-11,Air Mineral,Dapur,30.0,3211217.61,4734538.83
571.0,INV-2025-06-02-370230660,2025-07-11,Roti Tawar,Handphone & Tablet,30.0,2378565.1504077143,3326178.14
572.0,INV-2025-05-15-752191815,2025-07-11,Sambal,Makanan & Minuman,30.0,4025926.36,3802018.79
573.0,INV-2024-12-11-283188168,2025-07-11,Jus Buah,Kecantikan,30.0,3711451.93,4952775.36
574.0,INV-2025-07-19-753476542,2025-07-11,Daging Ayam,Tour & Travel,30.0,1201913.77,1067028.62
575.0,INV-2025-10-18-873187396,2025-07-11,Sayur Bayam,Kesehatan,30.0,517067.76,1806889.62
576.0,INV-2025-11-14-501054578,2025-07-11,Sayur Bayam,Barang Lainnya,30.0,3655742.64,4688726.12
353658.0,INV-2025-07-13-942204480,2025-07-11,Gula Merah,Buku,30.0,2086239.48,1432567.4
578.0,INV-2025-04-26-826724788,2025-07-11,Sayur Sawi,Kesehatan,30.0,984591.87,2331884.23
579.0,INV-2025-06-11-894331533,2025-07-11,Popok Bayi,Gaming,42.0,879321.59,2812037.55
580.0,INV-2025-03-22-406276694,2025-07-11,Bubur Bayi,Kecantikan,30.0,339805.7,3078599.38
581.0,INV-2025-09-22-218866406,2025-07-11,Cabai Merah,Dapur,30.0,1093434.97,485464.55
582.0,INV-2025-07-13-407430372,2025-07-11,Susu UHT,Kecantikan,30.0,2378565.1504077143,4725063.12
353658.0,INV-2024-12-23-533682864,2025-07-11,Kecap Manis,Barang Lainnya,30.0,3369406.25,1292249.7
584.0,INV-2025-05-28-684289926,2025-03-31,Lampu,Fashion,30.0,1690912.19,3512088.31
353658.0,INV-2025-07-26-930770060,2025-07-11,Pasta Gigi,Kesehatan,30.0,4446292.98,2046685.84
353658.0,INV-2025-01-22-123125978,2025-07-10,Gula Pasir,Tour & Travel,30.0,2378565.1504077143,4868026.35
353658.0,INV-2025-07-24-497415358,2025-07-11,Topi,Buku,30.0,1327756.6,4566266.09
588.0,INV-2025-01-13-104098845,2025-07-11,Sayur Bayam,Handphone & Tablet,30.0,2378565.1504077143,2251977.91
589.0,INV-2025-09-15-566259585,2025-07-11,Tas Sekolah,Dapur,30.0,1961049.14,2339890.21
590.0,INV-2025-04-10-988248999,2025-05-08,Sayur Bayam,Kecantikan,30.0,2785171.8,3849912.94
591.0,INV-2024-11-30-935890398,2025-07-11,Wortel,Makanan & Minuman,30.0,3907691.09,2771178.84
592.0,INV-2025-08-25-262003895,2025-07-11,Yogurt,Handphone & Tablet,30.0,506556.42,758166.66
593.0,INV-2025-06-11-423044741,2025-07-11,Handphone,Tour & Travel,42.0,464134.57,2784291.34
594.0,INV-2025-02-09-679575272,2025-07-11,Susu UHT,Kesehatan,30.0,1751110.07,1956628.0
353658.0,INV-2025-10-08-327041567,2025-07-11,Mie Instan,Gaming,30.0,3624958.19,462838.86
353658.0,INV-2025-07-01-372300199,2025-07-11,Telur Ayam,Makanan & Minuman,30.0,2224768.12,3793751.91
597.0,INV-2025-09-23-848448970,2025-07-11,Kecap Manis,Barang Lainnya,30.0,3333515.34,2010504.66
353658.0,INV-2024-12-10-663328110,2025-07-11,Penghapus,Buku,30.0,483032.73,3298546.83
599.0,INV-2025-05-07-866804616,2025-07-11,Beras Premium,Makanan & Minuman,30.0,1733601.79,3249081.8
353658.0,INV-2025-02-05-618417766,2025-07-11,Kacang Panjang,Barang Lainnya,30.0,2378565.1504077143,2865698.5
601.0,INV-2025-08-07-517210966,2025-07-11,Daging Ayam,Makanan & Minuman,30.0,2104966.31,2464220.68
602.0,INV-2025-02-19-871399760,2025-06-21,Shampoo,Handphone & Tablet,30.0,3854919.45,306809.83
603.0,INV-2025-07-28-725324018,2025-06-21,Kecap Manis,Buku,30.0,2378565.1504077143,4332238.47
604.0,INV-2025-03-31-606954676,2025-07-11,Susu UHT,Handphone & Tablet,30.0,3260035.08,2885935.8349012807
605.0,INV-2024-12-10-265149413,2024-12-11,Susu UHT,Dapur,30.0,1058294.25,2885935.8349012807
606.0,INV-2025-06-09-479313512,2025-07-11,Penggaris,Makanan & Minuman,30.0,1170638.55,929950.5
607.0,INV-2025-09-25-680430557,2025-07-11,Laptop,Kecantikan,30.0,4290880.98,458782.3
608.0,INV-2025-11-21-586740536,2025-07-11,Sayur Bayam,Barang Lainnya,30.0,629876.48,332746.02
609.0,INV-2025-11-23-342500806,2025-07-11,Roti Tawar,Kecantikan,30.0,76573.13,2205978.35
610.0,INV-2025-09-21-754313237,2025-07-11,Pare,Elektronik,30.0,76275.43,4689927.96
611.0,INV-2025-01-13-941370069,2025-01-25,Mentega,Kecantikan,30.0,2378565.1504077143,551864.32
612.0,INV-2025-03-12-593602457,2025-07-11,Kerupuk,Handphone & Tablet,30.0,193293.82,2599141.83
613.0,INV-2025-03-25-516891776,2025-07-11,Sambal,Makanan & Minuman,30.0,2371376.39,1453767.69
614.0,INV-2025-02-14-497016342,2025-07-11,Sikat Gigi,Kecantikan,30.0,4421675.52,4820797.79
615.0,INV-2025-04-07-430979558,2025-07-11,Pensil,Gaming,30.0,2112441.11,2322690.41
616.0,INV-2025-06-04-762128528,2025-07-11,Minyak Goreng,Makanan & Minuman,30.0,3772896.06,1829695.37
617.0,INV-2025-07-16-954086538,2025-07-11,Printer,Kesehatan,30.0,3644851.19,3390388.23
618.0,INV-2025-03-09-525574666,2025-07-11,Kopi Bubuk,Bahan Kimia,30.0,2725820.26,3758949.21
619.0,INV-2025-05-22-294781865,2025-11-23,Sayur Sawi,Gaming,30.0,3447916.19,1588976.04
353658.0,INV-2025-10-31-886796089,2025-07-11,Teh Celup,Bahan Kimia,30.0,4049031.49,3136573.94
621.0,INV-2025-09-11-810450542,2025-07-11,Speaker,Makanan & Minuman,30.0,1122497.78,4094581.39
622.0,INV-2025-11-08-259512386,2025-07-11,Gula Pasir,Bahan Kimia,30.0,2561035.54,555577.06
623.0,INV-2024-12-13-890936088,2025-07-11,Popok Bayi,Bahan Kimia,30.0,1280561.3,965047.44
353658.0,INV-2024-12-20-764479534,2025-07-11,Kentang,Dapur,30.0,3624812.84,3608203.86
625.0,INV-2025-01-12-331918734,2025-07-11,Headphone,Makanan & Minuman,30.0,551834.19,1144048.83
626.0,INV-2025-07-20-396757310,2025-07-11,Buku Tulis,Elektronik,42.0,88146.76,4961141.53
627.0,INV-2025-09-01-303058800,2025-07-11,Pembalut,Fashion,30.0,1272702.97,2403466.43
628.0,INV-2025-09-11-294533003,2025-07-11,Beras Premium,Makanan & Minuman,30.0,4124053.43,1468627.77
629.0,INV-2025-01-22-842939019,2025-07-11,Susu UHT,Makanan & Minuman,42.0,1578601.79,1705229.61
630.0,INV-2025-01-17-576061622,2025-07-11,Labu Siam,Elektronik,30.0,822145.61,4806987.22
631.0,INV-2025-04-26-239633066,2025-07-11,Gula Merah,Bahan Kimia,30.0,378127.7,1914783.39
632.0,INV-2025-01-30-466724664,2025-07-13,Pasta Gigi,Buku,30.0,4823064.15,4898069.52
353658.0,INV-2024-12-18-228167608,2025-07-11,Cabai Merah,Buku,42.0,4971343.41,2507734.58
634.0,INV-2025-06-09-481912020,2025-07-11,Labu Siam,Barang Lainnya,30.0,3000375.62,2336256.24
635.0,INV-2025-08-22-189107290,2025-07-11,Pare,Buku,30.0,1061544.37,703265.15
636.0,INV-2025-06-21-288656882,2025-07-11,Kacang Tanah,Buku,30.0,1148959.23,4045440.39
637.0,INV-2025-07-24-432508101,2025-07-11,Tepung Terigu,Kecantikan,30.0,4110104.2,446406.87
638.0,INV-2025-07-14-288876826,2025-01-21,Sayur Kangkung,Barang Lainnya,30.0,3608240.12,4881133.22
639.0,INV-2025-09-16-910628689,2025-02-05,Ikan Segar,Kesehatan,30.0,214410.01,3683554.21
640.0,INV-2025-02-10-598834637,2025-07-11,Air Mineral,Barang Lainnya,30.0,3442707.05,992555.58
641.0,INV-2025-11-29-280435123,2025-07-11,Baterai,Makanan & Minuman,30.0,904841.22,659349.08
642.0,INV-2025-11-30-791661032,2025-03-25,Buku Tulis,Dapur,30.0,4096932.15,1121956.19
643.0,INV-2025-03-30-359973122,2025-07-11,Pensil,Kesehatan,30.0,1593249.08,2885935.8349012807
644.0,INV-2025-04-13-560426538,2025-07-11,Tepung Terigu,Buku,30.0,533331.97,2148915.31
645.0,INV-2025-01-27-859750626,2025-07-11,Terong,Handphone & Tablet,30.0,1696289.49,3425688.24
646.0,INV-2025-02-28-595883665,2025-07-11,Mie Instan,Kesehatan,30.0,3027811.39,2131485.29
647.0,INV-2025-10-29-410064942,2025-07-11,Cabai Merah,Barang Lainnya,42.0,2778158.31,512608.17
648.0,INV-2024-12-17-790675772,2025-07-11,Sandal,Dapur,30.0,1298422.12,387288.56
649.0,INV-2025-07-17-829495265,2025-07-11,Gula Pasir,Elektronik,30.0,1497133.6,4757060.57
353658.0,INV-2025-10-27-273329946,2025-07-11,Kerupuk,Makanan & Minuman,30.0,2776203.42,1179437.92
651.0,INV-2025-04-04-562304887,2025-07-11,Celana,Barang Lainnya,30.0,2113397.27,2885935.8349012807
652.0,INV-2025-07-19-237394201,2025-07-11,Lampu,Tour & Travel,30.0,515611.28,4610056.0
653.0,INV-2025-11-02-214763252,2025-07-11,Tomat,Elektronik,30.0,2378565.1504077143,363674.54
654.0,INV-2025-06-28-229537858,2025-07-11,Kerupuk,Elektronik,30.0,1259638.31,558949.32
655.0,INV-2025-10-26-152414199,2025-08-21,Sambal,Fashion,30.0,2691357.52,3205065.2
656.0,INV-2025-04-17-179687394,2025-07-11,Biskuit,Barang Lainnya,30.0,2235584.43,2559894.23
657.0,INV-2025-05-10-836723734,2025-07-11,Lampu,Bahan Kimia,30.0,3248774.24,4333747.22
658.0,INV-2025-08-03-393384646,2025-07-11,Terong,Barang Lainnya,30.0,4642803.54,2530971.65
659.0,INV-2025-02-15-708190743,2025-07-11,Kentang,Bahan Kimia,30.0,2206916.41,2733126.42
660.0,INV-2025-03-30-972403703,2025-07-11,Kentang,Barang Lainnya,42.0,2378565.1504077143,2150375.19
661.0,INV-2025-05-22-604525573,2025-09-26,Lampu,Barang Lainnya,42.0,2378565.1504077143,4315641.58
662.0,INV-2025-08-01-774958133,2025-07-11,Pewangi,Kecantikan,30.0,2030788.84,380510.59
663.0,INV-2025-04-29-404768199,2025-01-09,Topi,Dapur,30.0,4358077.14,1445278.63
664.0,INV-2025-03-11-709331687,2025-07-11,Gula Merah,Tour & Travel,30.0,683674.29,4904787.15
353658.0,INV-2025-01-09-675196501,2025-07-11,Roti Tawar,Buku,30.0,1718196.46,4996446.47
666.0,INV-2025-09-29-974402065,2025-07-11,Biskuit,Barang Lainnya,30.0,4180776.9,3083049.2
667.0,INV-2025-09-13-386326105,2025-07-11,Baterai,Kecantikan,30.0,604001.55,2885935.8349012807
668.0,INV-2024-12-01-511711454,2025-07-11,Topi,Handphone & Tablet,30.0,2428931.78,2885935.8349012807
669.0,INV-2025-01-07-436300230,2024-12-07,Tomat,Handphone & Tablet,30.0,1394191.48,4549819.62
670.0,INV-2025-01-29-505027269,2025-07-11,Susu Formula,Makanan & Minuman,30.0,3007139.42,912049.09
671.0,INV-2025-08-18-412066996,2025-07-11,Sikat Gigi,Kecantikan,30.0,4355123.02,1164425.11
672.0,INV-2025-11-24-517251685,2025-07-11,Mie Instan,Tour & Travel,30.0,796162.65,4916318.71
673.0,INV-2025-04-29-406797465,2025-10-14,Sepatu,Tour & Travel,30.0,2596093.07,984446.9
674.0,INV-2025-06-22-173202892,2025-07-11,Daging Ayam,Bahan Kimia,30.0,1962718.88,4977162.46
675.0,INV-2025-10-21-427822434,2025-07-11,Sandal,Tour & Travel,30.0,2378565.1504077143,4888573.32
353658.0,INV-2025-10-22-737272173,2025-07-11,Printer,Barang Lainnya,30.0,2378565.1504077143,4252417.26
677.0,INV-2025-08-22-737190114,2025-03-30,Penghapus,Dapur,30.0,3137221.82,2174380.7
678.0,INV-2025-07-17-411140637,2025-07-11,Tepung Terigu,Kesehatan,30.0,4589343.91,2290323.72
679.0,INV-2025-11-12-634172871,2025-07-11,Cabai Merah,Gaming,30.0,1281185.78,1649006.48
353658.0,INV-2025-05-31-211166846,2025-07-11,Charger,Kecantikan,30.0,2279774.0,1429168.34
353658.0,INV-2025-08-05-429875521,2025-07-11,Pare,Kesehatan,30.0,1304715.57,3443445.54
682.0,INV-2025-05-10-929231141,2025-07-11,Air Mineral,Dapur,30.0,4622470.28,504991.06
683.0,INV-2025-08-20-647105032,2025-07-02,Detergen,Barang Lainnya,30.0,1653228.16,3847416.94
684.0,INV-2025-01-13-280172150,2025-07-11,Kerupuk,Tour & Travel,30.0,4355963.02,3294383.06
353658.0,INV-2025-10-16-890581476,2025-07-11,Lampu,Barang Lainnya,30.0,3203526.85,4448625.28
686.0,INV-2025-02-21-463707709,2025-07-11,Susu UHT,Handphone & Tablet,30.0,2378565.1504077143,3164734.36
687.0,INV-2025-04-25-313264349,2025-07-11,Mainan Anak,Handphone & Tablet,42.0,4023285.1,204817.44
688.0,INV-2024-12-18-327351598,2025-07-11,Laptop,Kecantikan,30.0,4207406.01,2885935.8349012807
689.0,INV-2025-04-10-217097458,2025-07-11,Sayur Kangkung,Kesehatan,30.0,1397619.92,4400713.43
690.0,INV-2025-10-30-875904711,2025-11-22,Laptop,Buku,30.0,537584.59,4496051.64
691.0,INV-2025-06-04-234732412,2025-07-11,Pare,Elektronik,30.0,421315.01,895109.87
692.0,INV-2025-10-18-455392856,2025-07-11,Pembalut,Barang Lainnya,30.0,1898724.4,3639652.54
693.0,INV-2024-12-29-294656086,2025-07-11,Teh Celup,Handphone & Tablet,30.0,4595416.52,2336984.91
694.0,INV-2025-07-10-454873702,2025-07-11,Kopi Bubuk,Makanan & Minuman,30.0,4190808.31,4926678.7
695.0,INV-2025-07-21-575377314,2025-07-11,Tas Sekolah,Barang Lainnya,42.0,2059539.22,2961753.82
696.0,INV-2025-05-07-337056436,2025-08-23,Timun,Tour & Travel,30.0,4732661.75,3577540.8
697.0,INV-2025-04-23-459444536,2025-07-11,Sayur Kangkung,Gaming,30.0,3966129.98,2654650.59
353658.0,INV-2025-08-22-722709397,2025-07-11,Sambal,Barang Lainnya,42.0,1212963.05,1242705.57
699.0,INV-2024-12-24-888218226,2025-07-11,Minyak Goreng,Makanan & Minuman,30.0,667264.55,62443.27
700.0,INV-2024-12-05-784303055,2025-03-08,Gula Pasir,Fashion,30.0,2676551.68,4717976.72
701.0,INV-2025-09-15-684115771,2025-07-11,Sepatu,Kecantikan,30.0,470533.81,3553150.96
702.0,INV-2025-10-04-376694682,2025-07-11,Minyak Goreng,Tour & Travel,30.0,1857176.04,1652386.46
703.0,INV-2025-02-23-404710364,2025-07-11,Kedelai,Elektronik,30.0,4134706.28,3968103.82
353658.0,INV-2025-11-25-152762502,2025-07-11,Kentang,Gaming,30.0,1267440.53,4654210.11
705.0,INV-2025-10-07-787208018,2025-07-11,Printer,Gaming,30.0,2590387.91,2885935.8349012807
706.0,INV-2025-02-10-834802032,2025-07-11,Kentang,Gaming,30.0,285891.99,692004.38
707.0,INV-2025-09-28-987548375,2025-01-11,Gula Pasir,Kesehatan,30.0,4149153.61,2885935.8349012807
708.0,INV-2025-08-09-627117674,2025-07-11,Gula Pasir,Barang Lainnya,30.0,3053458.21,2725521.19
709.0,INV-2025-06-26-511678888,2025-07-11,Buncis,Bahan Kimia,30.0,3665788.77,937074.52
710.0,INV-2024-11-30-701619353,2025-07-11,Laptop,Makanan & Minuman,30.0,2127123.15,3426185.68
711.0,INV-2025-04-19-235123819,2025-07-11,Sayur Bayam,Handphone & Tablet,30.0,4808769.26,1215679.2
712.0,INV-2024-12-14-428630764,2025-07-11,Kopi Bubuk,Buku,30.0,3555155.74,2885935.8349012807
713.0,INV-2025-11-20-350044492,2025-07-11,Penggaris,Barang Lainnya,30.0,1629986.11,1476223.61
714.0,INV-2025-07-04-973800220,2025-07-11,Daging Ayam,Makanan & Minuman,30.0,2378565.1504077143,813518.56
715.0,INV-2025-04-09-102656898,2025-07-11,Popok Bayi,Barang Lainnya,30.0,2378565.1504077143,981299.42
716.0,INV-2025-07-20-493479187,2025-07-11,Kacang Tanah,Barang Lainnya,30.0,54136.08,550625.85
717.0,INV-2025-07-29-495038542,2025-07-11,Kentang,Dapur,30.0,1865726.62,2217851.41
718.0,INV-2025-11-26-575064184,2025-07-11,Yogurt,Makanan & Minuman,30.0,221537.89,3909026.25
719.0,INV-2025-02-28-971878629,2025-07-11,Pewangi,Buku,30.0,4338481.24,1492781.87
720.0,INV-2025-07-29-567439111,2025-07-11,Kecap Manis,Barang Lainnya,30.0,436871.23,2885935.8349012807
721.0,INV-2025-08-27-696214069,2025-07-11,Celana,Kesehatan,30.0,1970061.06,2604809.69
722.0,INV-2025-08-31-663102742,2025-07-11,Mentega,Bahan Kimia,30.0,2378565.1504077143,2563482.81
723.0,INV-2024-12-29-549822667,2025-07-11,Terong,Tour & Travel,42.0,2937600.91,2571504.95
724.0,INV-2025-11-12-842004713,2025-07-11,Printer,Elektronik,30.0,1199040.33,1781897.68
725.0,INV-2025-03-16-215074717,2025-07-11,Mie Instan,Barang Lainnya,30.0,1286246.35,3540548.99
726.0,INV-2025-06-19-734240359,2025-07-11,Ikan Segar,Elektronik,30.0,82854.04,4021656.32
727.0,INV-2025-05-09-183949614,2025-07-11,Ikan Segar,Dapur,30.0,708814.51,1881069.54
728.0,INV-2025-05-10-527614651,2025-07-11,Kamera,Kesehatan,30.0,403160.24,4539692.72
729.0,INV-2025-04-04-790674427,2025-07-11,Baju,Gaming,30.0,2918447.96,4729711.39
730.0,INV-2025-07-07-760305227,2025-04-21,Pasta Gigi,Makanan & Minuman,30.0,2378565.1504077143,1588591.03
731.0,INV-2025-05-27-869585844,2025-07-11,Bawang Putih,Fashion,30.0,2684475.27,1923638.69
732.0,INV-2025-01-17-261927803,2025-07-11,Baju,Tour & Travel,30.0,4568958.28,966746.19
733.0,INV-2025-11-14-733528334,2025-07-11,Kerupuk,Buku,42.0,1819296.74,2661806.01
734.0,INV-2025-01-25-767346092,2025-07-11,Mouse,Dapur,30.0,4130970.09,198943.08
735.0,INV-2025-04-09-556410917,2025-07-11,Pare,Elektronik,42.0,2378565.1504077143,2885935.8349012807
353658.0,INV-2025-09-15-735590099,2025-07-11,Daging Ayam,Tour & Travel,30.0,2378565.1504077143,1478288.9
737.0,INV-2025-02-05-698698322,2025-07-11,Sandal,Makanan & Minuman,30.0,1979491.45,2646799.56
738.0,INV-2025-04-26-888431550,2025-07-11,Cabai Merah,Tour & Travel,30.0,3163000.98,1131246.22
739.0,INV-2025-02-18-445227450,2025-07-11,Kedelai,Tour & Travel,42.0,190961.31,4460350.47
740.0,INV-2025-06-21-514783359,2025-07-11,Mainan Anak,Dapur,30.0,3627339.74,2885935.8349012807
741.0,INV-2025-06-25-738165275,2025-07-11,Buku Tulis,Tour & Travel,30.0,3676446.51,945687.32
742.0,INV-2025-10-28-246637265,2025-07-11,Speaker,Gaming,30.0,2205625.5,2124617.3
743.0,INV-2025-04-28-133653056,2025-07-07,Penghapus,Handphone & Tablet,30.0,2790675.24,4565106.64
744.0,INV-2025-01-18-410480945,2025-07-11,Gula Pasir,Bahan Kimia,30.0,3818576.27,1338357.13
745.0,INV-2025-01-22-158663125,2025-07-11,Timun,Barang Lainnya,42.0,3503451.91,1618493.06
746.0,INV-2025-10-21-697910077,2025-07-11,Gula Pasir,Buku,30.0,1952063.4,2637634.26
353658.0,INV-2025-05-17-197030196,2025-10-09,Bawang Merah,Barang Lainnya,30.0,4129091.88,2885935.8349012807
748.0,INV-2025-02-05-660508067,2025-07-11,Detergen,Handphone & Tablet,30.0,3968396.38,2311825.29
749.0,INV-2025-07-31-161356548,2025-07-11,Baterai,Barang Lainnya,30.0,1260859.34,2901116.79
750.0,INV-2025-03-20-755823893,2025-07-11,Bawang Putih,Fashion,30.0,1813865.42,4010158.28
751.0,INV-2025-04-14-401981275,2025-07-11,Kerupuk,Kesehatan,30.0,2831801.53,414295.53
752.0,INV-2025-05-26-379358632,2025-07-11,Penggaris,Tour & Travel,30.0,2410758.91,2658198.56
753.0,INV-2025-09-03-227995579,2025-01-03,Yogurt,Barang Lainnya,30.0,2127619.98,912078.04
754.0,INV-2025-11-05-723423015,2025-07-11,Kabel,Bahan Kimia,30.0,1721258.93,1552340.96
755.0,INV-2025-09-25-668278798,2025-07-11,Gula Merah,Dapur,30.0,4179538.69,228948.52
756.0,INV-2025-01-23-608484203,2025-07-11,Wortel,Kesehatan,30.0,4353455.89,3598157.24
353658.0,INV-2025-05-10-852584840,2025-07-11,Ikan Segar,Kecantikan,30.0,3184411.54,4605897.08
758.0,INV-2025-10-07-534706363,2025-07-11,Biskuit,Bahan Kimia,30.0,3151780.1,2280206.76
759.0,INV-2025-10-07-976524083,2025-07-11,Daging Ayam,Barang Lainnya,30.0,2812887.24,178865.97
760.0,INV-2025-10-12-461127285,2025-07-11,Topi,Barang Lainnya,30.0,752177.02,4224861.75
761.0,INV-2025-05-06-746632701,2025-07-11,Air Mineral,Bahan Kimia,30.0,338641.16,2885935.8349012807
353658.0,INV-2025-05-16-741834826,2025-07-11,Biskuit,Buku,30.0,2378565.1504077143,3718980.5
353658.0,INV-2025-02-26-164184213,2025-08-16,Baju,Tour & Travel,30.0,1132151.65,377369.37
764.0,INV-2025-08-17-850398467,2025-07-11,Daging Sapi,Gaming,30.0,3274860.03,763819.32
353658.0,INV-2025-03-06-341976355,2025-07-11,Cabai Rawit,Barang Lainnya,30.0,2893240.5,2083799.76
766.0,INV-2025-03-02-254386595,2025-07-11,Charger,Tour & Travel,30.0,2159133.86,793923.8
767.0,INV-2025-11-07-985821856,2025-07-11,Telur Ayam,Gaming,30.0,331299.79,2336862.58
353658.0,INV-2025-03-20-371222923,2025-07-11,Bubur Bayi,Bahan Kimia,30.0,1460199.34,2161185.75
769.0,INV-2025-01-11-628790669,2025-07-11,Bawang Merah,Kesehatan,30.0,2378565.1504077143,124835.81
770.0,INV-2025-06-28-153489303,2025-07-11,Buku Tulis,Bahan Kimia,30.0,1572743.0,4219843.35
771.0,INV-2025-07-08-397685544,2025-07-11,Bawang Merah,Elektronik,30.0,1993670.72,4916237.99
772.0,INV-2025-09-22-171235743,2025-07-11,Detergen,Barang Lainnya,30.0,2878988.12,553440.99
773.0,INV-2025-03-29-856827233,2025-07-11,Mainan Anak,Makanan & Minuman,30.0,1605145.59,634631.89
774.0,INV-2025-04-07-485254947,2025-07-11,Telur Ayam,Gaming,30.0,3907766.51,408176.12
775.0,INV-2025-07-29-545713836,2025-10-26,Gula Pasir,Gaming,30.0,4058273.52,1094690.19
776.0,INV-2025-02-17-506027454,2025-07-11,Susu UHT,Bahan Kimia,30.0,4945531.24,3709509.75
777.0,INV-2025-07-29-539386778,2025-07-11,Bawang Putih,Makanan & Minuman,30.0,3029068.78,2890649.55
778.0,INV-2025-10-28-605184092,2025-03-24,Handphone,Gaming,30.0,1926546.19,3465492.05
779.0,INV-2025-03-16-521586985,2025-07-11,Headphone,Barang Lainnya,30.0,3524467.01,3180269.88
780.0,INV-2025-07-09-601973377,2025-05-13,Cabai Rawit,Elektronik,30.0,2378565.1504077143,3026715.69
781.0,INV-2025-09-14-751089940,2025-07-11,Sepatu,Dapur,42.0,3346521.38,2771210.36
782.0,INV-2025-01-22-680484015,2025-07-11,Celana,Kecantikan,30.0,4488431.37,3860340.07
783.0,INV-2025-10-24-914453690,2025-07-11,Charger,Bahan Kimia,30.0,2440003.99,965226.83
784.0,INV-2025-08-30-760320746,2025-07-11,Kopi Bubuk,Handphone & Tablet,30.0,4762745.43,1192739.85
785.0,INV-2025-01-15-719186978,2025-03-18,Cabai Rawit,Tour & Travel,30.0,3783773.53,75183.94
786.0,INV-2025-06-23-250430192,2025-07-11,Daging Ayam,Dapur,42.0,2158780.13,3798934.2
353658.0,INV-2025-03-07-471500796,2025-07-11,Kipas Angin,Handphone & Tablet,30.0,4497797.77,2330386.32
788.0,INV-2024-12-19-627097572,2025-07-11,Kabel,Barang Lainnya,30.0,2378565.1504077143,4523907.67
789.0,INV-2025-10-22-966461122,2025-10-09,Popok Bayi,Elektronik,30.0,4459060.37,1187222.91
790.0,INV-2025-07-07-518579479,2025-07-11,Charger,Kesehatan,30.0,2378565.1504077143,62289.12
791.0,INV-2025-11-06-304995093,2025-07-11,Kopi Bubuk,Barang Lainnya,30.0,3462894.23,1093607.42
792.0,INV-2025-03-12-796129476,2025-07-11,Air Mineral,Bahan Kimia,30.0,326563.99,266797.81
793.0,INV-2025-01-30-280251354,2025-07-11,Pare,Kesehatan,30.0,2013813.98,2126140.59
794.0,INV-2025-05-26-384361220,2025-07-11,Penggaris,Fashion,30.0,3645299.98,2885935.8349012807
353658.0,INV-2025-05-27-784990271,2025-07-11,Sambal,Barang Lainnya,30.0,1045638.48,2885935.8349012807
796.0,INV-2025-08-02-691223783,2025-07-11,Celana,Handphone & Tablet,42.0,3508075.91,1387373.31
797.0,INV-2025-04-18-235245932,2025-07-11,Daging Sapi,Elektronik,30.0,1202544.19,1155928.6
798.0,INV-2025-05-05-282064154,2025-09-21,Shampoo,Kesehatan,30.0,4257154.98,2885935.8349012807
799.0,INV-2025-07-01-414867731,2025-07-11,Handphone,Barang Lainnya,30.0,807977.66,2885935.8349012807
800.0,INV-2025-11-03-423525273,2025-07-11,Kaos Kaki,Elektronik,30.0,366883.03,946813.79
801.0,INV-2025-03-02-903618554,2025-07-11,Beras Premium,Fashion,30.0,688007.23,3544598.1
802.0,INV-2025-08-10-526959253,2025-07-11,Sabun Cuci,Dapur,30.0,3533033.99,3513540.4
353658.0,INV-2024-12-08-897050895,2025-07-11,Susu UHT,Tour & Travel,30.0,2378565.1504077143,2595995.12
804.0,INV-2025-06-23-272665320,2025-07-11,Pensil,Bahan Kimia,30.0,1170166.07,528060.61
805.0,INV-2025-07-28-266776733,2025-07-11,Cabai Rawit,Dapur,30.0,3171077.09,4564021.66
806.0,INV-2025-03-05-849704203,2025-07-11,Speaker,Buku,30.0,4844696.93,3263418.28
353658.0,INV-2025-08-24-388035988,2025-07-11,Timun,Elektronik,42.0,3699339.72,403466.62
808.0,INV-2025-04-18-848736048,2025-07-11,Beras Premium,Barang Lainnya,30.0,3485305.03,1795770.22
809.0,INV-2025-11-02-756425296,2025-07-11,Pasta Gigi,Bahan Kimia,30.0,3345816.87,3310651.53
810.0,INV-2025-10-30-909657587,2025-07-07,Handphone,Barang Lainnya,30.0,2108011.93,2770930.52
811.0,INV-2025-03-07-137742201,2025-07-11,Charger,Fashion,30.0,1734475.27,397844.23
812.0,INV-2024-12-22-198822542,2025-07-11,Cabai Rawit,Dapur,42.0,2879918.71,1524431.73
813.0,INV-2025-06-22-335480307,2024-12-06,Keyboard,Gaming,30.0,4760063.96,3100653.15
814.0,INV-2025-02-27-422130146,2025-07-11,Tomat,Makanan & Minuman,30.0,1759124.64,1364325.82
815.0,INV-2024-12-05-428393341,2025-07-11,Gula Pasir,Gaming,30.0,3122372.47,2805790.79
816.0,INV-2025-09-03-544328176,2025-07-11,Kaos Kaki,Kesehatan,30.0,2378565.1504077143,3108709.06
817.0,INV-2025-11-29-944896775,2025-07-11,Sayur Bayam,Makanan & Minuman,30.0,4352572.26,533849.82
818.0,INV-2025-04-10-199413812,2025-07-11,Gula Merah,Bahan Kimia,42.0,517466.47,1389548.68
819.0,INV-2025-03-30-529814865,2025-07-11,Timun,Gaming,30.0,2378565.1504077143,4434681.64
820.0,INV-2025-04-30-302338490,2025-10-19,Timun,Kecantikan,30.0,2378565.1504077143,1371234.99
821.0,INV-2025-01-27-364877664,2025-07-11,Kentang,Kesehatan,42.0,1188237.57,1231519.71
353658.0,INV-2025-01-27-815702312,2025-07-11,Beras Medium,Elektronik,30.0,2594216.18,612234.32
353658.0,INV-2025-02-26-606354341,2025-07-11,Minyak Goreng,Tour & Travel,30.0,2378565.1504077143,3327583.97
824.0,INV-2025-02-14-923919763,2025-07-11,Bawang Putih,Kecantikan,30.0,713002.22,1640223.27
825.0,INV-2025-10-16-640560657,2025-07-11,Mie Instan,Buku,42.0,1524072.24,3948678.06
826.0,INV-2025-10-03-677855831,2025-07-11,Mouse,Buku,30.0,4765638.87,2817625.19
827.0,INV-2025-02-02-624255597,2025-07-11,Daging Ayam,Fashion,30.0,1264620.42,2194564.63
353658.0,INV-2025-07-23-738493484,2025-07-11,Kecap Manis,Dapur,30.0,4800410.56,2947206.83
829.0,INV-2025-08-13-652599253,2025-07-11,Baju,Fashion,30.0,2378565.1504077143,4966904.02
353658.0,INV-2025-06-17-397631483,2025-07-11,Gula Merah,Gaming,30.0,2093380.48,989211.34
831.0,INV-2025-06-19-376416500,2025-06-10,Air Mineral,Bahan Kimia,30.0,4230346.69,2885935.8349012807
832.0,INV-2025-04-17-936154186,2025-07-11,Speaker,Buku,30.0,857768.23,122330.46
833.0,INV-2025-02-03-934672553,2025-07-11,Sikat Gigi,Barang Lainnya,30.0,2134566.53,4534941.93
834.0,INV-2025-04-24-669962190,2025-07-11,Pewangi,Gaming,30.0,900144.57,3235051.66
835.0,INV-2025-02-11-271195236,2025-07-11,Sayur Kangkung,Barang Lainnya,30.0,1701030.67,4710397.7
836.0,INV-2025-10-25-388518075,2025-11-27,Sayur Bayam,Fashion,30.0,2967428.71,265109.3
837.0,INV-2025-03-10-326062696,2025-07-11,Sabun Mandi,Tour & Travel,30.0,888634.72,826247.03
838.0,INV-2025-01-07-363635449,2025-07-11,Penghapus,Barang Lainnya,30.0,2417030.37,3559351.44
839.0,INV-2025-05-22-623786625,2025-07-11,Sambal,Kecantikan,30.0,4305189.67,4292843.78
840.0,INV-2025-02-04-962897998,2025-07-11,Mainan Anak,Tour & Travel,30.0,858025.93,4071239.13
841.0,INV-2025-05-26-186110032,2025-07-11,Mouse,Elektronik,30.0,2169880.63,2086840.59
842.0,INV-2025-07-17-881943878,2025-07-11,Penghapus,Kesehatan,30.0,250014.29,2979566.06
843.0,INV-2025-03-21-427715672,2025-07-11,Kabel,Kesehatan,30.0,4766073.92,3613790.21
844.0,INV-2025-08-22-899546340,2025-07-11,Tepung Terigu,Elektronik,30.0,1918143.73,4543319.34
845.0,INV-2025-10-23-172710673,2025-07-11,Kopi Bubuk,Kesehatan,30.0,784821.67,2748882.43
846.0,INV-2025-02-04-713976273,2025-07-11,Topi,Bahan Kimia,30.0,719973.93,4013722.23
353658.0,INV-2025-06-04-739680310,2025-07-11,Sabun Cuci,Tour & Travel,30.0,2874994.58,4388170.66
848.0,INV-2025-10-01-238016862,2025-07-11,Payung,Elektronik,30.0,1558652.9,2705327.07
353658.0,INV-2025-02-01-957896405,2025-07-11,Sepatu,Bahan Kimia,30.0,4758521.19,4676375.33
850.0,INV-2025-07-10-387401427,2025-07-11,Topi,Gaming,30.0,3037912.97,2885935.8349012807
851.0,INV-2025-07-12-429812380,2025-07-11,Jus Buah,Elektronik,30.0,3955417.9,3464704.4
852.0,INV-2025-04-17-463001552,2025-07-11,Popok Bayi,Kesehatan,30.0,2957877.33,387041.1
853.0,INV-2024-12-08-623350197,2025-07-11,Tas Sekolah,Bahan Kimia,30.0,1370034.95,1148965.97
854.0,INV-2025-05-30-363443417,2025-07-11,Mouse,Dapur,30.0,2378565.1504077143,2680998.98
855.0,INV-2025-08-31-774872957,2025-03-05,Pasta Gigi,Buku,30.0,4214386.88,3930831.35
856.0,INV-2025-01-10-198676989,2025-07-11,Tepung Terigu,Fashion,30.0,1100168.08,1012133.31
857.0,INV-2025-03-26-227129608,2025-03-31,Kentang,Buku,30.0,1469327.39,3006276.72
858.0,INV-2025-05-01-940612664,2025-07-11,Bawang Putih,Bahan Kimia,30.0,3156573.33,3917322.21
859.0,INV-2025-02-08-130700105,2025-07-11,Penggaris,Buku,30.0,1209519.73,3665232.64
860.0,INV-2025-05-18-517045021,2025-07-11,Kamera,Fashion,30.0,2669101.13,3720723.8
861.0,INV-2025-10-03-679903040,2025-07-11,Wortel,Gaming,30.0,974664.7,63771.44
862.0,INV-2025-09-24-955399404,2025-07-11,Sandal,Bahan Kimia,30.0,3378213.3,2712834.5
863.0,INV-2025-03-03-738046728,2025-07-11,Mouse,Barang Lainnya,42.0,1263440.57,2746722.93
864.0,INV-2025-08-15-216235280,2025-07-11,Pare,Kecantikan,30.0,426604.06,2885935.8349012807
865.0,INV-2025-10-15-697179540,2025-07-11,Baterai,Bahan Kimia,30.0,4456520.53,1416805.69
866.0,INV-2025-03-13-319659999,2025-09-02,Tomat,Handphone & Tablet,30.0,3803475.51,1806168.59
867.0,INV-2025-03-13-170559486,2025-07-11,Daging Ayam,Barang Lainnya,30.0,4501553.26,936901.22
868.0,INV-2025-07-22-524642275,2025-07-11,Bubur Bayi,Buku,30.0,773206.69,4087726.74
869.0,INV-2025-09-26-562539584,2025-07-11,Mainan Anak,Elektronik,30.0,1394926.97,1365755.16
870.0,INV-2025-01-12-124611520,2025-07-11,Baterai,Gaming,30.0,2744178.91,4121422.79
353658.0,INV-2025-07-26-959792382,2025-07-11,Pensil,Fashion,30.0,4153449.44,1568425.69
872.0,INV-2025-01-09-660972712,2025-07-11,Lampu,Elektronik,30.0,1879580.58,2885935.8349012807
353658.0,INV-2025-09-18-418349647,2025-07-11,Speaker,Elektronik,30.0,4159716.04,2387233.13
874.0,INV-2025-02-26-348484670,2025-07-11,Daging Ayam,Buku,30.0,4096758.58,3577185.82
353658.0,INV-2024-11-30-390919169,2025-07-11,Tepung Terigu,Barang Lainnya,30.0,2898799.48,2885935.8349012807
876.0,INV-2025-08-29-229224731,2025-07-11,Keyboard,Bahan Kimia,30.0,1607224.68,2885935.8349012807
877.0,INV-2025-07-28-635459904,2025-07-11,Sandal,Buku,30.0,1210310.39,1335049.3
878.0,INV-2025-09-27-942210268,2025-07-11,Kaos Kaki,Kesehatan,30.0,2378565.1504077143,566790.53
879.0,INV-2025-02-13-947977105,2025-07-11,Teh Celup,Barang Lainnya,30.0,2403305.93,4464986.43
880.0,INV-2024-11-30-304671281,2025-07-11,Tepung Terigu,Elektronik,30.0,3953466.68,2885935.8349012807
881.0,INV-2025-01-25-947085181,2025-07-11,Susu UHT,Kesehatan,30.0,1119617.42,2510379.86
882.0,INV-2025-08-13-971482014,2025-07-11,Gula Pasir,Tour & Travel,30.0,3272154.97,4455114.03
883.0,INV-2025-04-15-626810143,2025-07-11,Beras Medium,Buku,30.0,1976866.23,3266290.24
884.0,INV-2025-02-03-811391656,2025-07-11,Sayur Sawi,Makanan & Minuman,30.0,2378565.1504077143,571388.87
353658.0,INV-2025-09-17-960967648,2025-07-11,Sayur Sawi,Kesehatan,30.0,1278094.53,90594.75
886.0,INV-2025-07-08-590788538,2025-07-11,Headphone,Dapur,30.0,3906041.72,676068.56
887.0,INV-2025-06-06-868332884,2025-07-11,Lampu,Dapur,30.0,420416.67,2834175.34
888.0,INV-2025-11-05-807832533,2025-07-11,Kabel,Barang Lainnya,42.0,4430325.63,1964589.47
889.0,INV-2025-09-13-455168246,2025-07-11,Kentang,Bahan Kimia,30.0,1424513.87,3131577.32
890.0,INV-2025-07-27-188516257,2025-07-11,Bawang Merah,Buku,30.0,4547035.97,93985.18
891.0,INV-2025-07-12-446550320,2025-07-11,Sandal,Tour & Travel,30.0,2378565.1504077143,1079756.49
892.0,INV-2025-01-16-682964604,2025-07-11,Tomat,Handphone & Tablet,42.0,3596930.65,3113504.94
893.0,INV-2024-12-12-101609160,2025-07-11,Sabun Cuci,Tour & Travel,42.0,126747.58,3793751.63
894.0,INV-2025-01-19-531772947,2025-07-11,Tomat,Kesehatan,30.0,4316944.59,215864.24
895.0,INV-2025-02-22-798188869,2025-02-12,Pare,Makanan & Minuman,30.0,4018298.21,3552523.62
896.0,INV-2025-01-13-802223646,2025-07-11,Biskuit,Barang Lainnya,42.0,2675935.21,4716752.6
897.0,INV-2025-05-09-666177304,2025-07-11,Kaos Kaki,Barang Lainnya,30.0,948190.48,3414672.03
898.0,INV-2025-11-25-540815549,2025-07-11,Mentega,Makanan & Minuman,30.0,2351998.81,1772422.65
899.0,INV-2025-04-08-498895733,2025-07-11,Garam,Buku,30.0,571867.69,2100932.47
353658.0,INV-2025-02-28-428113701,2025-07-11,Minyak Goreng,Fashion,30.0,3043317.75,2885935.8349012807
353658.0,INV-2024-12-29-906338285,2025-07-11,Beras Premium,Tour & Travel,30.0,3550699.42,2885935.8349012807
902.0,INV-2025-02-24-559236189,2025-07-11,Pembalut,Fashion,30.0,4787469.47,3135290.14
903.0,INV-2025-05-07-903278777,2025-07-11,Payung,Barang Lainnya,42.0,3737828.52,1147381.45
904.0,INV-2025-11-11-305368804,2025-07-11,Printer,Makanan & Minuman,30.0,4620724.87,1023257.56
905.0,INV-2025-04-28-312186965,2025-07-11,Daging Ayam,Bahan Kimia,30.0,113140.22,320015.87
353658.0,INV-2024-12-01-789555257,2025-03-19,Teh Celup,Makanan & Minuman,30.0,589630.86,2791952.02
907.0,INV-2025-01-30-465516000,2025-07-11,Cabai Merah,Buku,30.0,798747.41,1700140.79
908.0,INV-2025-08-14-319821274,2025-07-11,Daging Ayam,Gaming,30.0,4579320.95,2885935.8349012807
909.0,INV-2025-11-09-992844040,2024-12-31,Roti Tawar,Dapur,30.0,1449451.73,567415.49
910.0,INV-2025-11-08-602876994,2025-07-11,Labu Siam,Handphone & Tablet,30.0,2610559.43,2934989.65
911.0,INV-2025-03-29-146935722,2025-07-11,Garam,Kesehatan,30.0,962924.0,1691673.11
353658.0,INV-2025-11-23-219166539,2025-07-11,Sayur Kangkung,Barang Lainnya,30.0,4240229.86,2089438.3
913.0,INV-2025-08-06-468235859,2025-07-11,Sambal,Elektronik,30.0,777824.92,1940649.05
914.0,INV-2025-11-23-870329212,2025-07-11,Timun,Barang Lainnya,30.0,2113549.5,2605448.63
915.0,INV-2025-09-17-151011517,2025-07-11,Keyboard,Fashion,30.0,3756245.0,2777044.34
916.0,INV-2025-09-06-686293886,2025-07-11,Ikan Segar,Handphone & Tablet,30.0,2378565.1504077143,2885935.8349012807
917.0,INV-2025-08-09-546725872,2025-07-11,Air Mineral,Gaming,30.0,880848.33,3810400.68
918.0,INV-2025-04-03-873726301,2025-07-11,Minyak Goreng,Buku,30.0,2042599.53,4965044.9
919.0,INV-2025-03-22-959400689,2025-07-11,Daging Ayam,Elektronik,30.0,4179888.42,4404690.77
920.0,INV-2025-06-26-256338940,2025-07-11,Bawang Merah,Elektronik,30.0,2346581.78,2885935.8349012807
921.0,INV-2025-01-01-230806310,2025-07-11,Sayur Bayam,Handphone & Tablet,42.0,1739861.98,3427910.98
922.0,INV-2025-05-11-383812265,2025-07-11,Shampoo,Buku,42.0,3472255.07,1859249.77
353658.0,INV-2025-06-14-887607868,2025-07-11,Timun,Barang Lainnya,30.0,4837751.18,1002085.57
924.0,INV-2025-01-15-823154286,2025-07-11,Air Mineral,Handphone & Tablet,30.0,4778075.73,3771458.41
925.0,INV-2025-02-26-145299045,2025-07-11,Sayur Bayam,Kesehatan,42.0,2378565.1504077143,3585216.28
926.0,INV-2025-04-11-136664599,2025-07-11,Kedelai,Fashion,30.0,2505314.67,1679416.1
927.0,INV-2025-09-14-778685809,2025-08-15,Kabel,Makanan & Minuman,30.0,2372862.6,1716725.43
928.0,INV-2025-05-01-931147766,2025-07-11,Daging Sapi,Kecantikan,30.0,660727.33,2885935.8349012807
929.0,INV-2025-06-11-868623094,2025-07-11,Kacang Tanah,Kesehatan,30.0,4198532.56,2885935.8349012807
930.0,INV-2025-09-18-170264618,2025-07-11,Buncis,Barang Lainnya,30.0,3771027.18,298970.81
931.0,INV-2025-10-22-138982237,2025-07-11,Headphone,Gaming,42.0,3295157.48,2014704.87
932.0,INV-2025-06-24-360625119,2025-07-11,Kentang,Barang Lainnya,30.0,79501.83,4681487.85
933.0,INV-2025-03-20-520484233,2025-07-11,Kacang Tanah,Dapur,30.0,749502.14,2257875.31
934.0,INV-2024-12-18-939108590,2025-07-11,Cabai Merah,Barang Lainnya,30.0,3857131.9,2297352.6
935.0,INV-2025-06-27-922927943,2025-07-11,Cabai Merah,Gaming,30.0,4747224.05,4300118.48
936.0,INV-2025-01-08-880813917,2025-07-11,Kacang Panjang,Barang Lainnya,30.0,1561778.44,435217.99
937.0,INV-2025-10-07-494349473,2025-07-11,Kacang Panjang,Handphone & Tablet,30.0,1756851.58,3078189.0
938.0,INV-2025-10-30-922400720,2025-07-11,Mie Instan,Barang Lainnya,30.0,1343874.49,444420.72
939.0,INV-2025-03-15-726639638,2025-05-11,Bawang Merah,Makanan & Minuman,42.0,1505693.44,1720564.55
940.0,INV-2025-03-20-916722976,2025-07-11,Minyak Goreng,Barang Lainnya,30.0,4548509.01,3362745.54
941.0,INV-2025-04-08-328102347,2025-07-11,Buncis,Handphone & Tablet,30.0,2743812.29,2682920.85
942.0,INV-2025-03-14-492676571,2025-07-11,Charger,Barang Lainnya,30.0,4501172.26,1995414.47
943.0,INV-2025-09-27-200280511,2025-07-11,Laptop,Fashion,30.0,4011401.97,858441.83
944.0,INV-2025-01-17-935402390,2025-07-11,Charger,Barang Lainnya,30.0,2378565.1504077143,4710758.95
945.0,INV-2025-05-15-540090116,2025-01-04,Labu Siam,Handphone & Tablet,30.0,3054584.24,3975759.95
946.0,INV-2025-07-20-452354447,2025-07-11,Kentang,Fashion,30.0,2919210.36,2321725.78
947.0,INV-2025-08-19-678348570,2025-07-11,Penggaris,Kecantikan,30.0,3355795.86,2885935.8349012807
948.0,INV-2025-07-08-430225557,2025-07-11,Daging Sapi,Barang Lainnya,30.0,636758.06,4660164.97
949.0,INV-2024-12-23-784163242,2025-07-11,Daging Ayam,Fashion,30.0,2378565.1504077143,1499275.4
950.0,INV-2025-05-19-415803576,2025-07-11,Cabai Merah,Buku,30.0,4638787.24,4290497.48
353658.0,INV-2025-03-02-287995317,2025-07-11,Pembalut,Handphone & Tablet,30.0,1545462.96,130743.95
952.0,INV-2025-11-26-695896881,2025-06-17,Shampoo,Makanan & Minuman,30.0,1123704.54,2885935.8349012807
953.0,INV-2025-02-17-503282686,2025-07-11,Minyak Goreng,Gaming,42.0,2982608.76,3954932.51
954.0,INV-2025-09-07-960973875,2025-04-04,Cabai Rawit,Kecantikan,30.0,4591036.85,2133072.38
955.0,INV-2025-03-03-661751756,2025-07-11,Sayur Bayam,Barang Lainnya,30.0,3172049.46,1978688.68
353658.0,INV-2025-01-06-729344119,2025-07-11,Bubur Bayi,Fashion,30.0,4844876.42,2885935.8349012807
957.0,INV-2025-06-17-418141343,2025-07-11,Pare,Barang Lainnya,30.0,3618631.79,1492310.91
958.0,INV-2025-10-11-975914543,2025-07-11,Payung,Kesehatan,30.0,2962408.61,2114896.6
959.0,INV-2025-10-21-455550775,2025-07-11,Beras Premium,Makanan & Minuman,30.0,4766710.69,889101.16
960.0,INV-2025-10-04-980709849,2025-07-11,Kerupuk,Barang Lainnya,30.0,520623.6,2952094.78
961.0,INV-2025-02-11-687794184,2025-07-11,Sabun Mandi,Barang Lainnya,30.0,2364165.25,2056854.69
962.0,INV-2025-05-07-858664418,2025-01-29,Sayur Bayam,Barang Lainnya,30.0,2744669.49,2885935.8349012807
963.0,INV-2025-03-18-917025723,2025-07-11,Headphone,Fashion,42.0,2106627.17,3119286.34
964.0,INV-2025-04-20-432395883,2025-07-11,Kamera,Dapur,30.0,2269834.64,1009878.27
965.0,INV-2025-10-14-524598799,2025-07-11,Speaker,Elektronik,30.0,2378565.1504077143,2237169.45
966.0,INV-2025-06-07-598266566,2025-07-11,Kacang Tanah,Bahan Kimia,30.0,1901021.11,3307072.2
967.0,INV-2025-05-31-534552272,2025-07-11,Bawang Merah,Gaming,42.0,2138698.0,1766477.3
968.0,INV-2025-03-10-256270943,2025-07-11,Sayur Kangkung,Bahan Kimia,30.0,4058679.93,2508374.71
969.0,INV-2025-03-26-595899431,2025-07-11,Penggaris,Barang Lainnya,30.0,3112733.2,1573168.28
970.0,INV-2025-07-21-893905446,2025-07-11,Shampoo,Barang Lainnya,30.0,445333.5,1246424.56
971.0,INV-2025-08-05-749405522,2025-07-11,Labu Siam,Elektronik,30.0,1504259.84,4510610.62
972.0,INV-2025-07-04-739374321,2025-07-11,Bawang Putih,Bahan Kimia,30.0,1360461.89,3422437.59
973.0,INV-2025-06-03-371653597,2024-12-18,Beras Medium,Kecantikan,30.0,1317292.57,2885935.8349012807
974.0,INV-2024-12-10-994905500,2025-07-11,Yogurt,Buku,30.0,4033477.73,869657.48
353658.0,INV-2025-04-09-608370056,2025-07-11,Gula Pasir,Dapur,30.0,3753133.44,428176.64
976.0,INV-2025-08-24-524150418,2025-07-11,Kedelai,Buku,30.0,1791528.74,4425491.35
977.0,INV-2025-01-19-807439287,2025-07-11,Headphone,Buku,30.0,2643311.11,1565882.8
978.0,INV-2025-10-29-877945077,2025-07-11,Sabun Mandi,Handphone & Tablet,30.0,3007994.08,4424544.75
979.0,INV-2025-08-16-453721359,2025-07-11,Tas Sekolah,Fashion,30.0,1873383.41,3103581.59
980.0,INV-2025-03-18-654240238,2025-07-11,Daging Sapi,Dapur,30.0,2521263.01,1420095.19
981.0,INV-2024-12-06-429156005,2025-07-11,Air Mineral,Barang Lainnya,30.0,975547.69,4488179.45
982.0,INV-2025-08-14-531489257,2025-07-11,Payung,Kecantikan,30.0,1042233.0,3752521.64
983.0,INV-2025-08-03-360354534,2025-07-11,Detergen,Kecantikan,30.0,4526673.88,2120548.14
353658.0,INV-2025-02-17-282263085,2025-07-11,Mentega,Handphone & Tablet,30.0,2378565.1504077143,2527761.06
985.0,INV-2025-01-05-720926942,2025-07-11,Kacang Tanah,Barang Lainnya,42.0,142656.4,725857.67
986.0,INV-2025-09-07-523239918,2025-07-11,Sambal,Makanan & Minuman,30.0,2378565.1504077143,3122672.03
987.0,INV-2025-01-31-468357338,2025-04-15,Telur Ayam,Gaming,30.0,4162069.05,2720464.99
988.0,INV-2025-07-31-551018567,2025-07-11,Daging Sapi,Barang Lainnya,30.0,3502869.01,3148132.33
989.0,INV-2025-11-27-880250881,2025-07-11,Kopi Bubuk,Barang Lainnya,30.0,2378565.1504077143,4185160.2
990.0,INV-2025-08-05-236968404,2025-07-11,Kacang Tanah,Buku,30.0,2395122.1,1425661.69
991.0,INV-2025-04-05-599147714,2025-07-11,Labu Siam,Kesehatan,30.0,1963910.73,4359787.56
992.0,INV-2025-01-17-829846529,2025-11-14,Sabun Mandi,Dapur,30.0,3138480.47,4883152.54
993.0,INV-2024-12-20-660545631,2025-07-11,Payung,Handphone & Tablet,30.0,870276.6,406557.36
994.0,INV-2025-03-13-580133514,2025-07-11,Charger,Buku,30.0,4017350.5,2885935.8349012807
995.0,INV-2025-10-26-323314655,2025-07-11,Kamera,Dapur,30.0,4815704.67,3690039.45
996.0,INV-2025-03-29-277074696,2025-07-11,Susu UHT,Kesehatan,30.0,4685971.24,2885935.8349012807
997.0,INV-2024-12-11-376708076,2025-07-11,Air Mineral,Barang Lainnya,30.0,1425569.74,1235632.83
998.0,INV-2025-02-12-188345499,2025-07-11,Bawang Merah,Bahan Kimia,42.0,1956384.68,3143779.94
999.0,INV-2025-04-17-570487567,2025-07-11,Sikat Gigi,Fashion,30.0,1803292.43,1106900.32
1000.0,INV-2025-05-16-216835859,2025-07-11,Handphone,Kecantikan,30.0,3113585.93,2885935.8349012807
