klu_id,name,code_kbli,created_at,updated_at,cooperativeTypeId
79757,Konstruksi,64491,2025-03-28 07:32:49,2025-04-11 07:32:49,377
69059,Informasi dan Komunikasi,67569,2025-10-31 18:20:59,2025-11-03 18:20:59,611
57421,"Kesenian, Hiburan dan Rekreasi",24334,2025-08-04 11:19:44,2025-08-09 11:19:44,14
97642,Perdagangan Bahan Makanan,11645,2025-02-20 05:25:35,2025-02-20 05:25:35,835
26917,Perdagangan Hasil Peternakan,14114,2025-10-18 09:00:00,2025-11-03 09:00:00,230
6878,Perdagangan Besar dan Eceran,51614,2025-05-30 22:29:32,2025-06-19 22:29:32,912
82128,Industri Logam,26092,2025-01-28 06:46:05,2025-02-03 06:46:05,531
6430,Jasa Akomodasi,3600,2025-10-21 06:12:23,2025-11-03 06:12:23,208
39051,Jasa Informasi,28975,2025-09-05 21:11:11,2025-09-11 21:11:11,817
39587,Perdagangan Bahan Makanan,92821,2025-01-05 09:59:17,2025-01-07 09:59:17,43
91458,Informasi dan Komunikasi,15164,2025-02-27 11:03:48,2025-03-12 11:03:48,762
8357,Perdagangan Bahan Bakar,11800,2025-10-13 17:31:56,2025-10-23 17:31:56,831
21199,Industri Pakaian,98726,2025-01-31 03:02:06,2025-02-24 03:02:06,747
67755,Jasa Transportasi,12528,2025-04-11 14:52:39,2025-04-15 14:52:39,351
50393,Konstruksi,20129,2025-01-24 16:31:46,2025-02-20 16:31:46,890
69682,Industri Elektronik,53812,2025-05-18 07:31:52,2025-05-26 07:31:52,471
64208,Jasa Telekomunikasi,29936,2025-08-28 11:36:33,2025-09-06 11:36:33,162
36488,Aktivitas Administrasi dan Dukungan,22143,2025-02-08 17:55:24,2025-02-08 17:55:24,372
76632,Industri Pakaian,61556,2025-02-10 16:30:31,2025-02-12 16:30:31,897
86289,Penyediaan Akomodasi dan Makan Minum,27279,2025-04-20 01:24:07,2025-05-19 01:24:07,16
41143,Aktivitas Administrasi dan Dukungan,33253,2025-03-17 06:12:34,2025-04-01 06:12:34,820
49603,Jasa Akomodasi,76319,2025-10-29 13:25:21,2025-11-06 13:25:21,104
91765,Jasa Transportasi,0,2025-10-08 01:49:12,2025-10-15 01:49:12,385
85718,Jasa Hiburan,72657,2025-07-16 23:18:28,2025-08-01 23:18:28,647
31178,Industri Elektronik,3517,2025-05-06 20:12:55,2025-05-31 20:12:55,83
52899,"Kesenian, Hiburan dan Rekreasi",34763,2025-05-23 02:02:22,2025-06-09 02:02:22,802
4296,Pendidikan,85903,2025-01-15 11:10:32,2025-02-03 11:10:32,933
38452,Penyediaan Akomodasi dan Makan Minum,71083,2025-05-01 21:14:22,2025-05-23 21:14:22,678
22318,Perdagangan Hasil Perkebunan,78633,2025-06-14 05:40:09,2025-07-06 05:40:09,961
96984,Pendidikan,42608,2025-10-07 16:23:49,2025-11-01 16:23:49,856
84003,Industri Karet dan Plastik,48591,2025-01-04 17:31:02,2025-01-25 17:31:02,893
82670,Informasi dan Komunikasi,21688,2025-03-16 20:50:52,2025-04-08 20:50:52,862
14853,Jasa Pendidikan,77025,2025-01-01 08:55:36,2025-01-20 08:55:36,373
380,Penyediaan Akomodasi dan Makan Minum,54842,2025-07-28 23:03:12,2025-08-27 23:03:12,776
55733,Jasa Konstruksi,89520,2025-04-18 10:45:21,2025-05-02 10:45:21,691
19166,Aktivitas Keuangan dan Asuransi,83150,2025-09-15 16:06:08,2025-10-03 16:06:08,128
68474,Jasa Pergudangan,97701,2025-01-15 21:33:11,2025-01-25 21:33:11,478
7936,Jasa Makanan dan Minuman,22689,2025-09-22 03:55:02,2025-09-27 03:55:02,465
79135,Industri Kendaraan,35841,2025-02-23 09:33:13,2025-02-25 09:33:13,992
19200,Industri Logam,90434,2025-03-18 08:47:54,2025-03-19 08:47:54,503
92695,Perdagangan Umum,4309,2025-09-07 02:02:03,2025-09-18 02:02:03,320
50617,Jasa Transportasi,9728,2025-05-28 21:48:25,2025-06-27 21:48:25,513
96647,Industri Kendaraan,36913,2025-02-07 23:49:59,2025-02-08 23:49:59,756
77320,Industri Kulit,93804,2025-08-04 05:50:24,2025-08-16 05:50:24,280
31708,Perdagangan Bahan Bangunan,95563,2025-09-04 09:04:43,2025-09-26 09:04:43,161
42539,Jasa Transportasi,18933,2025-05-16 07:15:44,2025-05-18 07:15:44,892
46039,Jasa Pergudangan,60982,2025-01-23 20:21:41,2025-02-20 20:21:41,539
72003,Perdagangan Hasil Pertanian,62348,2025-07-16 06:26:33,2025-08-05 06:26:33,808
64276,Perdagangan Bahan Makanan,4139,2025-07-31 05:48:03,2025-08-03 05:48:03,350
78051,Kesehatan Manusia dan Aktivitas Sosial,1390,2025-09-30 03:46:03,2025-10-02 03:46:03,739
78802,Industri Kendaraan,41916,2025-06-20 14:43:12,2025-07-12 14:43:12,61
91516,Perdagangan Bahan Bakar,42585,2025-04-08 13:51:22,2025-04-23 13:51:22,402
1395,Industri Kimia,31860,2025-09-28 19:05:12,2025-10-24 19:05:12,108
90237,Industri Karet dan Plastik,44444,2025-05-16 14:08:42,2025-05-30 14:08:42,81
24864,Jasa Makanan dan Minuman,14477,2025-06-28 08:14:38,2025-07-09 08:14:38,777
13233,Perdagangan Bahan Bakar,83197,2025-07-29 07:56:59,2025-08-07 07:56:59,630
64278,Transportasi dan Pergudangan,78314,2025-10-20 17:06:20,2025-11-17 17:06:20,951
41326,"Pertanian, Perkebunan dan Peternakan",88468,2025-02-24 21:29:14,2025-03-04 21:29:14,47
85326,Jasa Asuransi,8292,2025-07-16 00:02:37,2025-08-13 00:02:37,182
30706,Perdagangan Elektronik,80407,2025-07-02 10:17:48,2025-07-23 10:17:48,915
91170,Aktivitas Administrasi dan Dukungan,18626,2025-07-24 18:20:25,2025-08-02 18:20:25,212
62897,Perdagangan Elektronik,53282,2025-02-15 21:07:44,2025-03-05 21:07:44,764
40171,Perdagangan Umum,16763,2025-09-08 05:21:26,2025-10-04 05:21:26,949
9762,"Pertanian, Perkebunan dan Peternakan",88325,2025-01-07 17:37:22,2025-02-03 17:37:22,777
51330,Industri Furnitur,4227,2025-05-20 22:59:14,2025-06-04 22:59:14,11
45329,Real Estate,40102,2025-07-02 15:09:28,2025-07-25 15:09:28,409
89977,Jasa Transportasi,72872,2025-01-05 06:29:08,2025-01-22 06:29:08,525
44441,Industri Farmasi,41837,2024-12-31 22:11:14,2025-01-20 22:11:14,208
19704,Jasa Transportasi,55950,2025-09-12 20:00:22,2025-09-27 20:00:22,995
29806,Jasa Kesehatan,89501,2025-06-10 22:43:34,2025-06-24 22:43:34,221
97807,Jasa Perdagangan,16422,2025-01-10 17:51:59,2025-01-14 17:51:59,768
80296,Industri Kendaraan,49140,2025-05-23 10:32:09,2025-05-29 10:32:09,228
26268,Perdagangan Besar dan Eceran,40271,2025-04-08 16:19:59,2025-04-14 16:19:59,230
6868,Jasa Kesehatan,86145,2025-07-04 01:46:08,2025-07-05 01:46:08,673
76720,"Kesenian, Hiburan dan Rekreasi",36323,2025-08-27 11:25:04,2025-09-23 11:25:04,779
34576,Perdagangan Bahan Bangunan,98803,2025-10-31 18:12:23,2025-10-31 18:12:23,369
21302,Perdagangan Bahan Bangunan,17206,2025-05-19 11:34:42,2025-06-01 11:34:42,805
73598,Perdagangan Hasil Peternakan,96161,2025-04-21 17:25:50,2025-05-16 17:25:50,339
9765,Perdagangan Hasil Peternakan,36486,2025-07-16 06:48:24,2025-07-22 06:48:24,687
51129,Aktivitas Administrasi dan Dukungan,41727,2025-01-31 11:36:17,2025-02-15 11:36:17,739
80430,Penyediaan Akomodasi dan Makan Minum,8274,2025-09-27 10:21:41,2025-09-28 10:21:41,338
40059,"Pertanian, Perkebunan dan Peternakan",5519,2025-03-28 22:51:39,2025-04-02 22:51:39,212
38332,Perdagangan Tekstil dan Pakaian,20759,2025-08-02 07:12:12,2025-08-25 07:12:12,885
50491,Jasa Perdagangan,50981,2025-07-12 04:46:59,2025-08-11 04:46:59,555
73610,Jasa Perdagangan,27113,2025-01-07 20:08:14,2025-01-23 20:08:14,335
67418,Pendidikan,17427,2025-01-26 22:23:06,2025-01-26 22:23:06,650
78875,Industri Farmasi,59885,2025-03-16 23:46:13,2025-04-08 23:46:13,7
87265,Industri Elektronik,84829,2025-09-06 19:58:22,2025-09-08 19:58:22,691
8787,Penyediaan Akomodasi dan Makan Minum,81202,2025-10-09 15:08:21,2025-10-21 15:08:21,253
95359,Industri Makanan,84414,2025-06-16 00:45:16,2025-06-29 00:45:16,611
66,Jasa Telekomunikasi,9129,2025-01-03 22:18:39,2025-01-17 22:18:39,256
65431,Perdagangan Kendaraan,12124,2025-05-18 18:02:37,2025-06-02 18:02:37,374
54417,Penyediaan Akomodasi dan Makan Minum,43321,2025-02-08 13:57:14,2025-02-22 13:57:14,906
39538,Administrasi Pemerintahan,85961,2025-05-19 20:29:56,2025-06-02 20:29:56,508
69494,Perdagangan Hasil Peternakan,14524,2025-07-06 07:00:19,2025-07-27 07:00:19,348
51021,Jasa Perorangan,43640,2025-03-15 19:08:57,2025-04-02 19:08:57,476
29959,Perdagangan Hasil Perkebunan,41817,2025-04-07 11:22:11,2025-04-27 11:22:11,167
30610,Perdagangan Hasil Perkebunan,65717,2025-06-15 16:22:03,2025-07-11 16:22:03,248
75408,Industri Kendaraan,72502,2025-01-27 14:22:12,2025-02-18 14:22:12,682
13635,Jasa Pergudangan,58050,2025-05-28 09:16:28,2025-06-27 09:16:28,996
57536,Jasa Profesional,81854,2025-01-05 20:17:48,2025-01-16 20:17:48,847
61724,"Kesenian, Hiburan dan Rekreasi",72357,2025-06-01 07:52:29,2025-06-09 07:52:29,574
40424,Real Estate,32307,2025-09-13 06:46:36,2025-10-11 06:46:36,220
85960,Perdagangan Umum,40865,2025-07-12 03:59:02,2025-08-09 03:59:02,714
1094,Administrasi Pemerintahan,9639,2025-04-24 10:32:39,2025-04-29 10:32:39,595
3898,Perdagangan Tekstil dan Pakaian,22963,2025-01-17 17:07:04,2025-02-09 17:07:04,269
31442,Industri Kimia,63565,2025-08-10 10:11:57,2025-08-28 10:11:57,213
71431,Perdagangan Kendaraan,21788,2025-02-01 22:09:47,2025-02-19 22:09:47,69
88773,Perdagangan Hasil Perikanan,15393,2025-04-18 17:03:19,2025-05-13 17:03:19,437
91782,Jasa Konstruksi,34420,2025-08-28 22:57:13,2025-09-02 22:57:13,494
68410,Industri Kendaraan,85238,2025-01-06 19:33:49,2025-01-20 19:33:49,90
88368,Industri Tekstil,44925,2025-04-08 12:42:10,2025-04-27 12:42:10,956
51069,Jasa Profesional,67188,2025-03-27 11:07:24,2025-04-18 11:07:24,594
30700,Kesehatan Manusia dan Aktivitas Sosial,87522,2025-01-23 03:15:22,2025-02-01 03:15:22,16
44142,Informasi dan Komunikasi,57274,2025-08-18 05:28:33,2025-09-09 05:28:33,174
36195,Aktivitas Administrasi dan Dukungan,81742,2025-06-20 09:42:59,2025-07-09 09:42:59,840
46417,Industri Furnitur,71461,2025-01-25 14:56:14,2025-02-09 14:56:14,719
90261,Industri Kendaraan,8553,2025-05-23 20:55:09,2025-05-29 20:55:09,571
854,Industri Logam,13116,2025-01-13 06:00:50,2025-01-21 06:00:50,952
58033,Industri Kulit,76930,2025-02-01 02:12:52,2025-02-18 02:12:52,767
44083,Jasa Pergudangan,51104,2025-02-25 18:48:52,2025-03-22 18:48:52,648
70391,Industri Kertas,76301,2025-05-25 02:34:18,2025-05-30 02:34:18,53
91594,Jasa Konstruksi,13181,2025-04-15 23:31:00,2025-04-19 23:31:00,820
3266,Perikanan,85986,2025-07-04 09:05:41,2025-07-05 09:05:41,499
1511,Kesehatan Manusia dan Aktivitas Sosial,64019,2025-08-31 10:52:31,2025-09-29 10:52:31,460
76638,Jasa Pendidikan,56166,2025-10-18 00:28:29,2025-11-04 00:28:29,814
59279,Jasa Informasi,46906,2025-09-26 20:17:45,2025-10-24 20:17:45,161
41240,Jasa Profesional,7268,2025-04-11 07:59:18,2025-04-21 07:59:18,318
43172,Industri Kulit,41692,2025-05-07 11:08:19,2025-05-21 11:08:19,608
48766,Perdagangan Bahan Bangunan,8707,2025-06-13 14:34:50,2025-07-11 14:34:50,285
86663,Industri Furnitur,49121,2025-09-19 05:16:15,2025-09-20 05:16:15,783
90458,Perdagangan Hasil Pertanian,1994,2025-04-13 04:07:59,2025-05-01 04:07:59,635
17607,Jasa Hiburan,77121,2025-08-19 10:15:19,2025-08-26 10:15:19,624
99272,Perikanan,36747,2025-04-21 09:26:39,2025-05-01 09:26:39,128
49773,"Pertanian, Perkebunan dan Peternakan",79201,2025-09-03 22:28:57,2025-09-28 22:28:57,520
46994,Perdagangan Hasil Peternakan,3052,2025-04-19 10:44:56,2025-05-15 10:44:56,613
50514,Industri Logam,21773,2025-04-14 12:22:20,2025-05-08 12:22:20,30
11812,"Pertanian, Perkebunan dan Peternakan",38839,2025-04-18 06:45:56,2025-05-04 06:45:56,11
9229,Jasa Keuangan,6787,2025-08-13 05:48:24,2025-08-30 05:48:24,871
30975,Aktivitas Lainnya,80014,2025-04-23 13:50:40,2025-05-07 13:50:40,130
6597,Industri Furnitur,82826,2025-01-04 04:31:32,2025-01-24 04:31:32,416
75806,Perdagangan Tekstil dan Pakaian,67091,2025-02-02 16:59:45,2025-03-03 16:59:45,290
49408,Industri Kendaraan,33623,2025-07-30 14:09:08,2025-08-29 14:09:08,244
96975,Jasa Perdagangan,22339,2025-03-14 09:36:11,2025-03-31 09:36:11,704
35050,Industri Logam,31473,2025-02-27 17:27:37,2025-02-27 17:27:37,629
77386,Jasa Real Estate,75255,2025-07-26 23:10:04,2025-08-04 23:10:04,184
30306,Perdagangan Hasil Peternakan,7251,2025-05-11 05:16:43,2025-06-01 05:16:43,868
49699,Perikanan,9283,2025-10-02 16:05:11,2025-10-19 16:05:11,935
4499,Industri Elektronik,43260,2025-09-27 15:19:06,2025-10-16 15:19:06,783
96668,Industri Farmasi,26254,2025-08-11 16:09:06,2025-08-19 16:09:06,79
61738,Aktivitas Keuangan dan Asuransi,20027,2025-08-20 17:28:18,2025-09-06 17:28:18,192
61614,Jasa Informasi,6822,2025-04-15 08:48:53,2025-05-07 08:48:53,829
220,Pendidikan,54028,2025-03-14 10:18:59,2025-04-05 10:18:59,579
45496,Jasa Keuangan,1424,2025-05-03 14:47:14,2025-05-17 14:47:14,627
33170,Jasa Konstruksi,2848,2025-10-24 17:31:01,2025-11-08 17:31:01,917
97488,Konstruksi,61811,2025-01-23 00:45:11,2025-01-30 00:45:11,999
66134,Industri Minuman,46586,2025-10-24 17:30:19,2025-11-08 17:30:19,906
64440,Perdagangan Kendaraan,20658,2025-06-01 19:47:20,2025-06-18 19:47:20,372
3174,Industri Kulit,19415,2025-06-04 20:13:26,2025-06-20 20:13:26,107
44859,Perikanan,63639,2025-01-01 17:01:07,2025-01-16 17:01:07,12
97347,Jasa Kesehatan,54446,2025-01-02 23:58:51,2025-01-14 23:58:51,547
70836,Industri Kulit,19369,2025-08-26 05:17:22,2025-09-15 05:17:22,330
19611,Industri Furnitur,36422,2025-05-08 18:14:14,2025-05-16 18:14:14,410
75269,Industri Kulit,46227,2025-08-16 00:55:17,2025-08-17 00:55:17,31
99518,Industri Minuman,55809,2025-02-12 20:38:48,2025-02-21 20:38:48,530
68684,Perdagangan Bahan Bangunan,52264,2025-05-25 23:39:22,2025-06-02 23:39:22,244
3976,Industri Furnitur,99802,2025-02-13 06:45:13,2025-02-19 06:45:13,874
34285,Jasa Akomodasi,30252,2025-10-04 12:44:33,2025-10-18 12:44:33,340
72580,Perdagangan Bahan Bakar,88214,2025-04-06 16:42:57,2025-05-05 16:42:57,718
99069,Penyediaan Akomodasi dan Makan Minum,93526,2025-10-10 17:41:05,2025-11-05 17:41:05,492
31492,Industri Kendaraan,74530,2025-06-07 02:21:16,2025-07-01 02:21:16,885
83054,Perdagangan Besar dan Eceran,20153,2025-07-26 23:42:49,2025-08-15 23:42:49,85
7233,Perdagangan Kendaraan,56701,2025-05-21 02:12:55,2025-05-27 02:12:55,339
22027,Jasa Keuangan,25199,2024-12-31 13:36:46,2025-01-29 13:36:46,361
72184,Jasa Lainnya,33611,2025-08-07 17:08:46,2025-08-26 17:08:46,698
36516,Industri Kimia,54908,2025-03-02 08:12:16,2025-03-09 08:12:16,667
49150,Industri Karet dan Plastik,65985,2025-06-28 07:54:48,2025-07-03 07:54:48,546
5596,Industri Farmasi,79508,2025-06-28 09:26:09,2025-07-26 09:26:09,906
7509,Jasa Keuangan,21006,2025-04-13 21:19:21,2025-04-22 21:19:21,399
20811,"Kesenian, Hiburan dan Rekreasi",59870,2025-01-10 21:15:08,2025-01-14 21:15:08,633
68698,Industri Kulit,16081,2025-10-24 22:08:35,2025-11-16 22:08:35,249
29480,Pendidikan,55227,2025-06-06 00:51:11,2025-06-17 00:51:11,155
77278,Jasa Lainnya,41630,2025-08-06 07:29:59,2025-09-01 07:29:59,143
45244,Industri Karet dan Plastik,1006,2025-08-20 09:46:05,2025-09-02 09:46:05,928
21664,Industri Karet dan Plastik,55203,2025-01-26 05:42:18,2025-01-28 05:42:18,133
72105,Jasa Kesehatan,63701,2025-08-03 09:48:58,2025-08-29 09:48:58,112
95389,Jasa Perdagangan,28891,2025-05-17 18:31:37,2025-05-27 18:31:37,133
17383,Aktivitas Administrasi dan Dukungan,14258,2025-10-02 08:07:55,2025-10-29 08:07:55,619
9198,Aktivitas Keuangan dan Asuransi,1324,2025-04-17 08:31:30,2025-04-23 08:31:30,314
15812,Industri Kertas,10770,2025-01-17 06:33:06,2025-01-30 06:33:06,418
80939,Jasa Real Estate,31833,2025-04-25 15:27:29,2025-05-18 15:27:29,442
12231,Industri Kertas,12268,2025-03-27 02:51:27,2025-04-07 02:51:27,702
66980,Perdagangan Besar dan Eceran,59008,2025-01-16 11:46:59,2025-02-10 11:46:59,88
328,Industri Furnitur,47139,2025-04-18 04:17:20,2025-04-23 04:17:20,675
78722,Industri Makanan,42220,2025-10-10 07:30:55,2025-10-24 07:30:55,565
82486,Penyediaan Akomodasi dan Makan Minum,56369,2025-03-26 06:34:45,2025-03-31 06:34:45,363
36447,Jasa Kesehatan,42345,2025-04-16 22:39:52,2025-04-20 22:39:52,667
66118,Industri Minuman,86396,2025-08-23 00:46:58,2025-09-06 00:46:58,950
54765,Industri Karet dan Plastik,14020,2025-10-28 08:46:09,2025-11-16 08:46:09,831
62907,Jasa Asuransi,38237,2025-06-19 13:52:18,2025-07-02 13:52:18,793
56253,Industri Pengolahan,98402,2025-09-02 06:59:26,2025-09-12 06:59:26,768
62757,Jasa Lainnya,58995,2025-02-17 00:20:27,2025-02-25 00:20:27,108
92653,Pendidikan,25980,2025-02-08 00:53:41,2025-02-20 00:53:41,814
81843,Industri Kertas,96212,2025-01-07 03:53:34,2025-01-18 03:53:34,528
39593,Industri Kulit,9349,2024-12-31 00:40:33,2025-01-27 00:40:33,677
20611,Jasa Transportasi,56301,2025-06-23 11:17:47,2025-06-27 11:17:47,218
59602,"Aktivitas Profesional, Ilmiah dan Teknis",27452,2025-07-22 02:42:34,2025-08-20 02:42:34,203
55136,Jasa Perorangan,76217,2025-01-30 03:24:12,2025-02-10 03:24:12,310
71674,Jasa Pendidikan,78269,2025-03-03 01:19:32,2025-03-11 01:19:32,112
16353,Perdagangan Hasil Pertanian,35988,2025-04-11 15:28:20,2025-04-18 15:28:20,597
15297,Real Estate,31160,2025-01-17 02:14:00,2025-02-04 02:14:00,728
50633,Jasa Lainnya,59437,2025-07-27 01:26:29,2025-07-31 01:26:29,847
65563,Administrasi Pemerintahan,56246,2025-07-10 08:26:21,2025-07-15 08:26:21,999
41505,Industri Mesin,44534,2025-02-02 14:12:29,2025-02-28 14:12:29,845
43179,Industri Farmasi,50213,2025-05-21 22:36:29,2025-05-29 22:36:29,252
15606,"Aktivitas Profesional, Ilmiah dan Teknis",53574,2025-06-27 07:56:33,2025-07-22 07:56:33,295
73163,Industri Farmasi,89564,2025-07-30 07:14:10,2025-08-21 07:14:10,432
56187,Perdagangan Besar dan Eceran,43601,2025-07-21 00:17:18,2025-07-26 00:17:18,584
86000,Perdagangan Besar dan Eceran,40345,2025-10-24 02:47:42,2025-10-26 02:47:42,59
25232,Industri Makanan,24573,2025-02-19 03:27:43,2025-03-07 03:27:43,645
28093,Administrasi Pemerintahan,38992,2025-03-23 09:04:46,2025-03-31 09:04:46,127
78438,Jasa Telekomunikasi,20803,2025-01-18 00:37:29,2025-02-13 00:37:29,314
2824,Jasa Perdagangan,64532,2025-03-06 05:30:05,2025-03-09 05:30:05,979
46054,Industri Furnitur,92625,2025-09-19 16:50:09,2025-10-01 16:50:09,758
23083,Perdagangan Bahan Bangunan,27714,2025-04-18 11:04:18,2025-05-04 11:04:18,275
61272,Industri Minuman,63447,2025-03-02 00:30:04,2025-03-13 00:30:04,937
41342,Perdagangan Umum,8693,2025-06-09 01:51:08,2025-07-07 01:51:08,435
93700,Perdagangan Bahan Makanan,85045,2025-03-25 00:37:26,2025-04-05 00:37:26,628
30209,Administrasi Pemerintahan,94980,2025-06-30 22:08:56,2025-07-08 22:08:56,801
40358,Industri Minuman,40045,2025-05-18 11:53:02,2025-05-18 11:53:02,64
54455,Perdagangan Elektronik,40315,2025-03-01 05:44:20,2025-03-10 05:44:20,164
10952,Jasa Telekomunikasi,98444,2025-02-05 17:31:22,2025-02-05 17:31:22,844
58861,Perikanan,70087,2025-05-14 17:35:47,2025-05-21 17:35:47,903
64748,Perdagangan Bahan Bakar,88026,2025-05-25 07:53:32,2025-06-12 07:53:32,231
94303,Jasa Akomodasi,14605,2025-10-12 15:54:07,2025-11-06 15:54:07,127
1728,Industri Tekstil,23049,2025-10-27 06:34:06,2025-11-06 06:34:06,457
68791,Jasa Kesehatan,27877,2025-02-26 13:25:31,2025-03-16 13:25:31,213
34679,Jasa Makanan dan Minuman,52037,2025-05-11 17:57:13,2025-06-06 17:57:13,678
61801,Informasi dan Komunikasi,26048,2025-08-29 22:36:34,2025-09-10 22:36:34,216
78730,Kesehatan Manusia dan Aktivitas Sosial,3884,2025-03-10 00:00:34,2025-04-06 00:00:34,331
14121,Jasa Perorangan,39515,2025-02-11 05:55:48,2025-02-19 05:55:48,181
67452,Perdagangan Tekstil dan Pakaian,95406,2025-03-08 12:47:17,2025-03-12 12:47:17,341
89180,Perdagangan Umum,60452,2025-05-20 15:00:40,2025-05-20 15:00:40,623
46422,Kesehatan Manusia dan Aktivitas Sosial,77128,2025-05-11 11:50:48,2025-05-19 11:50:48,719
35758,Industri Pengolahan,86668,2025-01-08 16:45:34,2025-01-21 16:45:34,605
90160,"Kesenian, Hiburan dan Rekreasi",80563,2025-07-11 00:45:49,2025-07-22 00:45:49,661
89017,"Kesenian, Hiburan dan Rekreasi",23130,2025-10-11 18:23:32,2025-10-29 18:23:32,162
61964,Industri Makanan,61290,2025-03-24 02:48:56,2025-04-11 02:48:56,15
43254,Administrasi Pemerintahan,36189,2025-07-13 10:58:04,2025-07-31 10:58:04,471
69205,Perdagangan Hasil Perikanan,62910,2025-05-30 02:52:48,2025-06-27 02:52:48,732
33942,Perdagangan Kendaraan,59922,2025-08-21 06:23:13,2025-08-29 06:23:13,483
36208,Real Estate,11906,2025-02-17 18:31:15,2025-02-21 18:31:15,273
11985,"Kesenian, Hiburan dan Rekreasi",29572,2025-06-12 18:30:22,2025-06-14 18:30:22,306
56217,Perdagangan Hasil Peternakan,72888,2025-04-06 07:12:12,2025-05-03 07:12:12,286
12388,Industri Farmasi,54648,2025-08-12 08:07:50,2025-08-26 08:07:50,589
53870,Jasa Hiburan,27585,2025-07-17 05:04:52,2025-08-16 05:04:52,812
43563,Jasa Keuangan,20396,2025-06-01 17:13:37,2025-06-23 17:13:37,538
1567,Jasa Akomodasi,73456,2025-01-17 01:40:03,2025-02-02 01:40:03,186
20458,Jasa Keuangan,43413,2025-10-30 09:21:25,2025-11-18 09:21:25,877
53028,Pendidikan,57900,2025-02-12 14:27:43,2025-03-04 14:27:43,322
43755,Jasa Konstruksi,43800,2025-07-14 12:16:38,2025-08-05 12:16:38,45
9167,Industri Pengolahan,61802,2025-08-15 12:13:20,2025-09-05 12:13:20,869
53990,Perdagangan Hasil Perkebunan,82671,2025-05-12 20:36:18,2025-06-03 20:36:18,124
60181,Industri Kimia,39597,2025-10-31 23:40:36,2025-11-29 23:40:36,33
56152,Industri Pakaian,3681,2025-08-16 04:32:46,2025-09-15 04:32:46,620
56296,Industri Logam,18350,2024-12-29 08:19:22,2025-01-25 08:19:22,579
53656,Aktivitas Administrasi dan Dukungan,58528,2025-05-17 08:08:12,2025-06-06 08:08:12,489
21797,Industri Pakaian,4502,2025-05-11 21:49:09,2025-05-12 21:49:09,892
11563,"Kesenian, Hiburan dan Rekreasi",79789,2025-02-10 22:46:06,2025-03-02 22:46:06,144
67942,Industri Mesin,65168,2025-10-25 03:49:26,2025-11-08 03:49:26,452
81826,Informasi dan Komunikasi,19133,2025-09-07 14:07:56,2025-10-01 14:07:56,477
1713,Perdagangan Tekstil dan Pakaian,16879,2025-05-19 19:52:23,2025-05-31 19:52:23,266
40376,Perdagangan Umum,15829,2025-07-31 06:52:39,2025-08-29 06:52:39,233
10073,Jasa Keuangan,19185,2025-06-08 07:02:44,2025-07-02 07:02:44,99
30,Perdagangan Bahan Bakar,6637,2025-09-03 22:29:19,2025-09-03 22:29:19,782
18868,Konstruksi,15682,2025-06-15 12:48:56,2025-06-27 12:48:56,714
13161,Jasa Keuangan,9275,2025-03-28 09:07:48,2025-04-10 09:07:48,393
87810,Perdagangan Besar dan Eceran,13781,2025-08-23 23:39:47,2025-08-26 23:39:47,780
70526,Pendidikan,94678,2025-09-01 01:18:04,2025-09-06 01:18:04,626
77898,Perdagangan Elektronik,62497,2025-07-25 21:56:22,2025-07-26 21:56:22,202
82225,Industri Kendaraan,29719,2024-12-30 00:52:16,2025-01-11 00:52:16,736
96639,Perdagangan Hasil Pertanian,41201,2025-06-10 01:25:10,2025-06-16 01:25:10,233
544,Jasa Informasi,89222,2025-08-18 04:32:11,2025-09-11 04:32:11,548
66867,Kesehatan Manusia dan Aktivitas Sosial,84976,2025-02-05 20:08:04,2025-02-24 20:08:04,838
68920,Jasa Akomodasi,46760,2025-01-25 21:14:21,2025-02-18 21:14:21,188
10583,Industri Karet dan Plastik,44671,2025-02-12 07:03:03,2025-02-14 07:03:03,344
85207,Perdagangan Bahan Bangunan,73636,2025-08-05 08:12:13,2025-08-21 08:12:13,271
50152,Industri Logam,65900,2025-10-08 20:11:43,2025-10-28 20:11:43,910
46240,Perdagangan Bahan Bangunan,7062,2025-05-22 03:07:50,2025-06-08 03:07:50,618
6820,Informasi dan Komunikasi,37652,2025-05-27 23:43:39,2025-05-27 23:43:39,953
64409,Aktivitas Keuangan dan Asuransi,87949,2025-08-05 16:44:41,2025-09-03 16:44:41,624
94662,Perdagangan Hasil Perikanan,78441,2025-10-30 06:40:53,2025-10-30 06:40:53,1000
60338,Jasa Pergudangan,209,2025-04-02 22:30:34,2025-04-07 22:30:34,865
4246,Industri Kendaraan,74140,2025-04-17 02:35:58,2025-05-02 02:35:58,479
60489,Perikanan,76722,2025-06-28 07:31:24,2025-07-15 07:31:24,631
90890,Pendidikan,10732,2025-04-15 07:39:19,2025-05-04 07:39:19,960
30416,Perdagangan Besar dan Eceran,92605,2025-02-13 12:39:00,2025-02-18 12:39:00,413
8029,"Pertanian, Perkebunan dan Peternakan",40180,2025-01-20 10:51:45,2025-02-11 10:51:45,776
99041,Transportasi dan Pergudangan,65249,2025-08-07 05:54:08,2025-08-13 05:54:08,345
85679,Jasa Asuransi,828,2025-01-23 11:41:03,2025-02-09 11:41:03,136
65297,Industri Kulit,34143,2025-05-15 13:01:24,2025-06-13 13:01:24,940
42213,Industri Mesin,93200,2025-10-11 23:52:46,2025-10-12 23:52:46,620
92060,Perdagangan Kendaraan,5980,2025-09-19 21:02:34,2025-09-20 21:02:34,418
39169,Perikanan,99698,2025-09-12 00:05:31,2025-09-19 00:05:31,127
19607,Transportasi dan Pergudangan,42196,2025-10-12 12:52:29,2025-10-19 12:52:29,221
99407,Kesehatan Manusia dan Aktivitas Sosial,65822,2025-02-16 21:14:12,2025-03-01 21:14:12,691
57950,Pendidikan,4048,2025-01-24 20:19:24,2025-02-15 20:19:24,913
26323,Informasi dan Komunikasi,84653,2025-08-12 15:24:11,2025-08-27 15:24:11,771
13429,Administrasi Pemerintahan,73480,2025-02-11 17:48:38,2025-03-04 17:48:38,47
16977,Kesehatan Manusia dan Aktivitas Sosial,26938,2025-09-22 00:06:08,2025-09-28 00:06:08,205
9946,Perdagangan Bahan Bangunan,96003,2025-07-24 07:25:49,2025-07-29 07:25:49,90
72862,Industri Kertas,31638,2025-08-02 16:12:48,2025-08-07 16:12:48,866
52406,Jasa Pergudangan,449,2025-06-24 05:21:16,2025-06-24 05:21:16,200
76379,Perdagangan Kendaraan,43812,2025-07-02 09:49:00,2025-07-25 09:49:00,626
19528,Industri Furnitur,87564,2025-09-26 11:46:44,2025-10-18 11:46:44,964
60555,Jasa Real Estate,67421,2025-10-08 17:42:08,2025-11-07 17:42:08,390
79834,Industri Pengolahan,73654,2025-08-09 21:41:08,2025-08-16 21:41:08,597
89944,Jasa Keuangan,22828,2025-03-31 12:38:26,2025-04-23 12:38:26,374
75661,Jasa Lainnya,92362,2025-02-21 18:12:46,2025-03-22 18:12:46,694
28722,Penyediaan Akomodasi dan Makan Minum,31297,2025-10-31 08:49:58,2025-11-18 08:49:58,395
4243,Industri Pengolahan,82095,2025-08-03 14:03:52,2025-08-22 14:03:52,325
38082,Perdagangan Bahan Makanan,98460,2025-06-27 22:23:19,2025-07-24 22:23:19,463
25471,Industri Karet dan Plastik,73190,2025-02-15 12:09:42,2025-03-09 12:09:42,45
10764,Industri Elektronik,80480,2025-03-05 00:08:10,2025-03-19 00:08:10,598
36465,Industri Mesin,90994,2025-09-21 11:15:05,2025-10-03 11:15:05,179
86117,Perdagangan Hasil Perikanan,28746,2025-01-14 10:54:23,2025-01-26 10:54:23,123
73581,Konstruksi,93667,2025-08-29 22:48:00,2025-09-17 22:48:00,30
51231,Industri Kimia,48026,2025-07-20 16:43:28,2025-08-05 16:43:28,178
14546,Administrasi Pemerintahan,76308,2025-03-16 02:25:07,2025-04-01 02:25:07,176
55102,Jasa Pendidikan,88802,2025-04-13 00:59:57,2025-05-05 00:59:57,784
66794,Perdagangan Elektronik,20269,2025-01-23 15:12:15,2025-02-21 15:12:15,340
80097,Industri Pengolahan,92186,2025-04-07 20:18:31,2025-05-05 20:18:31,913
27322,Perdagangan Umum,38594,2025-01-04 15:49:24,2025-01-26 15:49:24,864
19202,Industri Farmasi,72918,2025-08-02 04:12:18,2025-08-30 04:12:18,256
85715,Perdagangan Hasil Perkebunan,32479,2025-03-18 02:37:39,2025-04-09 02:37:39,97
80830,Jasa Pergudangan,28112,2025-05-20 02:25:47,2025-05-30 02:25:47,897
83178,Industri Kimia,71010,2025-04-17 18:40:16,2025-05-15 18:40:16,990
66816,Industri Logam,52989,2025-05-14 07:13:48,2025-06-01 07:13:48,411
48135,Perdagangan Hasil Peternakan,82059,2025-03-16 16:24:49,2025-04-01 16:24:49,723
68542,Industri Kayu,57846,2025-10-19 16:54:54,2025-11-13 16:54:54,805
49192,Industri Karet dan Plastik,4110,2025-06-03 23:35:33,2025-06-19 23:35:33,866
75813,"Aktivitas Profesional, Ilmiah dan Teknis",87269,2025-10-05 04:37:09,2025-10-19 04:37:09,536
73247,Jasa Akomodasi,23265,2025-03-10 16:30:17,2025-04-09 16:30:17,458
16718,Industri Karet dan Plastik,8540,2025-06-19 08:34:27,2025-06-28 08:34:27,150
56923,Perdagangan Bahan Bangunan,95350,2025-05-20 05:03:46,2025-05-27 05:03:46,422
73818,Perdagangan Hasil Perikanan,66218,2025-06-21 13:48:12,2025-06-27 13:48:12,614
45247,Perdagangan Bahan Bakar,32294,2025-05-18 03:42:44,2025-05-18 03:42:44,750
86007,Penyediaan Akomodasi dan Makan Minum,60634,2025-08-15 20:08:52,2025-09-06 20:08:52,572
2326,Industri Pengolahan,18384,2025-06-24 10:17:32,2025-07-21 10:17:32,210
14664,Jasa Akomodasi,56197,2025-04-22 04:47:49,2025-05-02 04:47:49,820
24158,Jasa Perdagangan,45565,2025-06-23 09:14:09,2025-07-18 09:14:09,799
41814,Jasa Telekomunikasi,32966,2025-05-17 09:16:17,2025-05-29 09:16:17,826
41038,Jasa Real Estate,12956,2025-04-05 12:55:11,2025-04-06 12:55:11,788
32198,Perikanan,58362,2025-09-07 02:50:38,2025-09-14 02:50:38,551
76148,Industri Farmasi,10055,2025-08-11 21:32:22,2025-08-30 21:32:22,444
20289,Informasi dan Komunikasi,52785,2025-06-23 08:27:51,2025-07-13 08:27:51,340
96882,Industri Kertas,88895,2025-05-01 10:19:06,2025-05-28 10:19:06,551
69800,Perdagangan Hasil Pertanian,81011,2025-09-08 11:13:01,2025-09-28 11:13:01,970
70893,Jasa Perdagangan,52035,2025-10-04 01:26:56,2025-10-12 01:26:56,761
58569,Administrasi Pemerintahan,81909,2025-01-01 16:14:27,2025-01-05 16:14:27,827
56802,Industri Kayu,27757,2025-09-24 06:00:12,2025-10-21 06:00:12,824
62720,Kesehatan Manusia dan Aktivitas Sosial,41674,2025-09-03 10:51:06,2025-09-25 10:51:06,982
36541,Perdagangan Tekstil dan Pakaian,9368,2025-08-30 02:02:20,2025-09-25 02:02:20,485
87579,Jasa Pendidikan,45765,2025-07-17 00:54:53,2025-08-12 00:54:53,251
76515,Konstruksi,81595,2025-08-19 11:32:29,2025-08-26 11:32:29,515
98289,Kesehatan Manusia dan Aktivitas Sosial,97579,2025-08-03 10:36:52,2025-08-06 10:36:52,40
649,Penyediaan Akomodasi dan Makan Minum,52184,2025-09-08 18:07:26,2025-10-08 18:07:26,36
57350,Perdagangan Hasil Perkebunan,30380,2025-08-30 12:19:30,2025-09-22 12:19:30,673
77452,"Aktivitas Profesional, Ilmiah dan Teknis",3566,2025-05-02 17:41:39,2025-05-14 17:41:39,124
96880,Real Estate,48479,2025-09-03 10:39:54,2025-09-13 10:39:54,689
83726,Aktivitas Keuangan dan Asuransi,63142,2025-10-02 11:20:04,2025-10-02 11:20:04,363
3323,Penyediaan Akomodasi dan Makan Minum,33742,2025-05-18 20:42:29,2025-05-30 20:42:29,476
27547,Jasa Transportasi,69921,2025-03-22 01:59:25,2025-04-11 01:59:25,692
33909,Jasa Perdagangan,17086,2025-05-24 05:22:25,2025-06-23 05:22:25,318
53511,"Pertanian, Perkebunan dan Peternakan",84696,2025-10-12 21:51:57,2025-10-28 21:51:57,161
70480,Jasa Konstruksi,99585,2025-06-30 06:14:08,2025-07-30 06:14:08,316
81806,Perdagangan Hasil Perkebunan,21484,2025-01-16 07:48:21,2025-01-19 07:48:21,503
63272,Industri Kendaraan,57618,2025-05-11 14:37:10,2025-05-20 14:37:10,207
49616,Jasa Perorangan,89460,2025-04-27 22:20:14,2025-05-19 22:20:14,857
80209,Aktivitas Administrasi dan Dukungan,11970,2025-02-27 08:36:34,2025-03-17 08:36:34,508
63739,Perdagangan Bahan Makanan,97231,2025-05-29 23:45:56,2025-06-17 23:45:56,68
84908,"Pertanian, Perkebunan dan Peternakan",74329,2025-06-15 21:20:56,2025-07-03 21:20:56,951
26736,Jasa Perorangan,97127,2025-09-02 11:32:53,2025-09-09 11:32:53,820
73240,Perdagangan Hasil Peternakan,63231,2025-03-16 18:17:00,2025-03-31 18:17:00,297
92825,Industri Logam,50389,2025-10-13 00:32:57,2025-11-12 00:32:57,598
61181,Kesehatan Manusia dan Aktivitas Sosial,62984,2025-08-09 04:43:02,2025-08-10 04:43:02,615
11439,Jasa Makanan dan Minuman,75381,2025-05-30 15:18:17,2025-06-10 15:18:17,753
6334,Industri Tekstil,4828,2025-10-09 09:16:01,2025-11-01 09:16:01,5
7073,Perikanan,81612,2025-01-26 11:33:21,2025-02-19 11:33:21,809
63765,Industri Minuman,26148,2025-07-05 18:06:40,2025-07-15 18:06:40,74
48401,Aktivitas Keuangan dan Asuransi,84044,2025-06-15 03:58:18,2025-07-05 03:58:18,437
49143,Jasa Akomodasi,50616,2025-09-20 03:14:50,2025-09-29 03:14:50,726
70273,Perdagangan Bahan Bangunan,23788,2025-08-10 03:03:03,2025-08-29 03:03:03,867
19328,Jasa Keuangan,30087,2025-03-09 12:47:39,2025-03-30 12:47:39,766
82637,Jasa Perorangan,73219,2025-10-12 14:22:19,2025-10-30 14:22:19,584
53538,Jasa Pergudangan,52394,2025-06-27 14:07:33,2025-07-15 14:07:33,57
7182,Jasa Lainnya,24650,2025-01-06 18:14:43,2025-01-24 18:14:43,500
57149,Jasa Akomodasi,64264,2025-02-16 02:33:29,2025-03-07 02:33:29,956
24748,Aktivitas Administrasi dan Dukungan,26686,2025-10-04 23:46:37,2025-10-30 23:46:37,646
78211,Perdagangan Umum,84356,2025-07-18 12:27:03,2025-08-06 12:27:03,731
73285,Perdagangan Elektronik,61900,2025-07-29 18:51:57,2025-08-20 18:51:57,1000
81045,Aktivitas Administrasi dan Dukungan,10486,2025-08-28 10:46:31,2025-08-30 10:46:31,530
22691,Jasa Perdagangan,18723,2025-06-26 20:34:33,2025-07-11 20:34:33,674
1079,Perdagangan Hasil Perkebunan,77386,2025-05-11 21:17:41,2025-05-28 21:17:41,949
40522,Industri Mesin,81563,2025-03-19 12:48:42,2025-03-25 12:48:42,929
59204,Perdagangan Elektronik,6796,2025-07-31 08:59:43,2025-08-17 08:59:43,981
16480,Perdagangan Hasil Peternakan,58131,2025-10-11 22:04:22,2025-10-24 22:04:22,454
84931,Industri Minuman,82940,2025-03-17 16:00:00,2025-03-28 16:00:00,255
45947,Jasa Makanan dan Minuman,974,2025-09-22 21:12:14,2025-10-08 21:12:14,741
16359,"Kesenian, Hiburan dan Rekreasi",28083,2025-05-24 13:47:17,2025-06-23 13:47:17,900
31258,Industri Kulit,63864,2025-08-17 22:09:33,2025-09-13 22:09:33,445
37496,Jasa Telekomunikasi,79893,2025-08-10 02:06:33,2025-08-19 02:06:33,651
68195,Perdagangan Hasil Perikanan,19816,2025-04-05 00:05:25,2025-04-10 00:05:25,821
22991,Industri Makanan,13113,2025-09-09 05:34:42,2025-09-09 05:34:42,104
57756,Industri Kimia,73274,2025-09-19 11:41:02,2025-09-27 11:41:02,391
64932,Jasa Kesehatan,54596,2025-01-31 04:35:12,2025-01-31 04:35:12,428
93219,Jasa Perorangan,86937,2025-06-04 17:37:18,2025-06-10 17:37:18,946
66587,Perdagangan Besar dan Eceran,34014,2025-06-20 02:32:46,2025-07-19 02:32:46,201
50117,Industri Tekstil,52970,2025-10-27 03:40:47,2025-10-29 03:40:47,697
66553,Perdagangan Hasil Peternakan,71012,2025-07-05 04:05:36,2025-07-20 04:05:36,51
30614,Perdagangan Hasil Perikanan,26248,2025-03-18 00:05:24,2025-04-12 00:05:24,275
35972,Industri Pengolahan,32210,2025-10-09 01:34:22,2025-10-17 01:34:22,619
5782,Perdagangan Kendaraan,99971,2025-06-28 02:00:42,2025-07-02 02:00:42,949
28731,Industri Pengolahan,390,2025-10-03 05:49:05,2025-10-31 05:49:05,246
20567,Aktivitas Lainnya,6554,2025-04-20 03:09:28,2025-05-15 03:09:28,699
67658,Industri Kertas,78297,2025-02-23 15:17:13,2025-03-02 15:17:13,856
92268,Industri Farmasi,10689,2025-10-14 07:59:12,2025-10-22 07:59:12,131
18274,Industri Pakaian,11582,2025-10-04 19:59:57,2025-10-29 19:59:57,673
54216,Industri Pakaian,83129,2025-09-18 16:45:24,2025-10-09 16:45:24,699
33790,Kesehatan Manusia dan Aktivitas Sosial,82091,2025-04-22 04:28:42,2025-05-01 04:28:42,948
7009,Industri Kayu,17182,2025-09-08 07:02:12,2025-09-20 07:02:12,381
20617,Aktivitas Keuangan dan Asuransi,55145,2025-05-23 20:22:53,2025-05-24 20:22:53,457
45339,Industri Elektronik,63036,2025-08-28 01:20:04,2025-09-09 01:20:04,329
67264,Jasa Perdagangan,94720,2025-10-21 17:04:26,2025-11-03 17:04:26,266
90713,Perikanan,26328,2025-05-30 09:13:00,2025-06-05 09:13:00,639
51423,Industri Furnitur,98130,2025-08-12 23:55:00,2025-08-27 23:55:00,554
4881,Kesehatan Manusia dan Aktivitas Sosial,30217,2025-05-03 16:54:20,2025-05-15 16:54:20,700
50935,Industri Pengolahan,42267,2025-08-22 02:11:35,2025-08-30 02:11:35,554
6179,Jasa Akomodasi,48299,2025-06-30 16:37:27,2025-07-11 16:37:27,103
62244,Kesehatan Manusia dan Aktivitas Sosial,11653,2025-09-12 20:30:40,2025-10-05 20:30:40,565
55769,Transportasi dan Pergudangan,20969,2025-08-05 11:50:59,2025-08-20 11:50:59,729
5760,Administrasi Pemerintahan,17785,2025-01-14 16:10:29,2025-01-31 16:10:29,476
7306,"Pertanian, Perkebunan dan Peternakan",89033,2025-10-09 12:15:31,2025-10-12 12:15:31,104
51091,Aktivitas Lainnya,88045,2025-08-25 16:03:41,2025-09-19 16:03:41,379
51904,Perdagangan Elektronik,81538,2025-07-13 10:49:00,2025-07-19 10:49:00,713
65786,Perdagangan Besar dan Eceran,75924,2025-04-27 03:55:17,2025-05-22 03:55:17,32
61474,Kesehatan Manusia dan Aktivitas Sosial,56892,2025-04-06 22:24:29,2025-04-20 22:24:29,805
769,Perdagangan Tekstil dan Pakaian,30033,2025-01-07 05:24:42,2025-01-09 05:24:42,320
84638,Perikanan,91734,2025-05-05 20:42:00,2025-05-13 20:42:00,929
9451,Perdagangan Tekstil dan Pakaian,82678,2025-10-13 13:09:29,2025-11-01 13:09:29,863
8965,Industri Kertas,61260,2025-01-01 05:22:17,2025-01-31 05:22:17,694
6147,Industri Elektronik,80206,2025-04-19 02:15:42,2025-04-24 02:15:42,711
44090,Perdagangan Elektronik,24195,2025-01-02 17:25:19,2025-01-10 17:25:19,190
21879,Transportasi dan Pergudangan,25915,2025-05-22 03:27:58,2025-05-28 03:27:58,179
64078,Jasa Profesional,50003,2025-02-02 05:57:45,2025-02-09 05:57:45,51
27400,"Pertanian, Perkebunan dan Peternakan",14041,2025-08-20 03:35:15,2025-08-30 03:35:15,104
25417,Industri Karet dan Plastik,48573,2025-06-24 01:09:25,2025-07-08 01:09:25,663
15077,Perdagangan Elektronik,12864,2025-03-11 14:23:17,2025-03-19 14:23:17,815
19018,Industri Logam,65665,2025-04-05 07:33:15,2025-04-16 07:33:15,539
65272,Jasa Perdagangan,15311,2025-10-17 23:10:27,2025-10-31 23:10:27,32
68436,Jasa Akomodasi,77509,2025-08-11 21:29:53,2025-09-01 21:29:53,883
363,Jasa Transportasi,29546,2025-06-10 17:18:43,2025-07-08 17:18:43,346
40477,Industri Karet dan Plastik,46105,2025-04-09 06:54:52,2025-04-13 06:54:52,539
94218,Jasa Informasi,41171,2025-10-15 08:22:31,2025-10-18 08:22:31,49
97687,Konstruksi,47940,2025-08-23 12:37:37,2025-09-05 12:37:37,975
33447,Industri Karet dan Plastik,50496,2025-05-24 11:42:28,2025-06-19 11:42:28,561
47364,Jasa Real Estate,41698,2025-04-17 05:14:49,2025-05-06 05:14:49,956
16650,Informasi dan Komunikasi,5735,2025-04-20 17:45:01,2025-05-04 17:45:01,68
11490,Jasa Transportasi,61739,2025-01-08 07:24:33,2025-01-18 07:24:33,983
64253,Industri Furnitur,5679,2025-01-07 23:52:57,2025-02-01 23:52:57,501
25176,Jasa Perorangan,21089,2025-02-12 03:50:14,2025-03-05 03:50:14,615
7846,Industri Kulit,23191,2025-10-22 11:36:04,2025-11-19 11:36:04,448
42657,Jasa Hiburan,71173,2025-02-17 15:21:27,2025-03-16 15:21:27,780
31568,Perdagangan Umum,15009,2025-03-08 19:40:18,2025-03-30 19:40:18,644
8577,Penyediaan Akomodasi dan Makan Minum,78044,2025-03-05 16:31:18,2025-03-18 16:31:18,385
49675,Jasa Pendidikan,16171,2025-09-21 07:56:39,2025-10-21 07:56:39,96
65383,Jasa Pendidikan,32907,2025-03-06 11:07:50,2025-04-04 11:07:50,112
25594,Perdagangan Hasil Peternakan,92645,2025-04-29 09:57:53,2025-05-12 09:57:53,701
83079,Jasa Konstruksi,57816,2025-08-28 06:21:51,2025-09-09 06:21:51,507
56736,Industri Tekstil,74810,2025-04-20 09:42:00,2025-04-28 09:42:00,822
59657,Administrasi Pemerintahan,78059,2025-07-28 05:26:13,2025-08-25 05:26:13,409
47257,Jasa Perdagangan,30865,2025-04-28 22:09:53,2025-05-07 22:09:53,336
23503,Perdagangan Hasil Pertanian,10697,2025-07-25 07:21:06,2025-08-17 07:21:06,863
55461,Jasa Konstruksi,70738,2025-02-03 05:01:16,2025-02-26 05:01:16,386
3686,Jasa Profesional,65923,2025-06-26 01:05:00,2025-07-16 01:05:00,106
42625,Pendidikan,21000,2025-01-10 19:37:43,2025-02-02 19:37:43,280
11469,Perdagangan Bahan Bakar,58296,2025-05-04 17:57:44,2025-05-04 17:57:44,381
91345,Penyediaan Akomodasi dan Makan Minum,21899,2025-03-05 10:36:22,2025-04-03 10:36:22,515
39336,Industri Farmasi,94062,2025-03-11 06:48:01,2025-04-01 06:48:01,570
47281,Industri Makanan,64873,2025-06-13 10:51:34,2025-06-20 10:51:34,134
39761,Jasa Transportasi,46093,2025-07-10 13:09:30,2025-08-09 13:09:30,481
42897,Perdagangan Elektronik,12807,2025-08-02 13:59:58,2025-08-10 13:59:58,366
81082,"Pertanian, Perkebunan dan Peternakan",93458,2025-02-01 20:51:57,2025-02-04 20:51:57,782
68123,Jasa Keuangan,92900,2025-03-23 03:04:52,2025-04-20 03:04:52,922
23320,Jasa Informasi,30718,2025-05-01 15:42:35,2025-05-12 15:42:35,239
20254,Industri Pakaian,15960,2025-08-23 23:20:28,2025-08-25 23:20:28,944
58871,Industri Kendaraan,31248,2025-04-14 23:26:59,2025-04-30 23:26:59,456
52855,Perdagangan Besar dan Eceran,62792,2025-03-18 12:05:17,2025-04-17 12:05:17,433
19468,Industri Kertas,16995,2025-02-22 17:28:08,2025-03-22 17:28:08,331
85660,Jasa Makanan dan Minuman,24499,2025-03-31 18:12:45,2025-04-05 18:12:45,215
96326,Jasa Makanan dan Minuman,40854,2025-06-04 04:48:37,2025-06-30 04:48:37,499
20273,Jasa Perdagangan,85227,2025-09-25 14:06:32,2025-10-06 14:06:32,428
94322,Jasa Makanan dan Minuman,26987,2025-04-18 23:52:06,2025-05-08 23:52:06,733
92074,Perdagangan Hasil Pertanian,90434,2025-08-10 07:48:29,2025-09-01 07:48:29,83
71958,Perdagangan Hasil Perikanan,97884,2025-09-11 05:38:17,2025-10-11 05:38:17,785
61897,Perdagangan Besar dan Eceran,23994,2025-10-21 09:53:35,2025-11-15 09:53:35,413
83615,Jasa Akomodasi,98838,2025-07-21 04:36:27,2025-08-01 04:36:27,223
13675,Jasa Real Estate,90628,2025-10-16 13:40:23,2025-11-13 13:40:23,522
97814,Industri Furnitur,77156,2025-09-26 00:04:53,2025-10-17 00:04:53,269
42565,Pendidikan,11818,2025-05-18 19:11:52,2025-05-18 19:11:52,198
8129,Industri Makanan,63955,2024-12-28 13:58:18,2025-01-22 13:58:18,712
24906,Perdagangan Hasil Perkebunan,77002,2025-10-01 06:59:33,2025-10-01 06:59:33,311
32401,Industri Elektronik,34899,2025-01-15 02:43:43,2025-01-17 02:43:43,406
23348,"Kesenian, Hiburan dan Rekreasi",86456,2025-08-30 05:27:30,2025-09-26 05:27:30,537
60280,Jasa Konstruksi,96922,2025-02-28 15:49:02,2025-03-17 15:49:02,574
84409,Jasa Perdagangan,60677,2025-10-13 20:55:55,2025-10-24 20:55:55,587
16548,Industri Karet dan Plastik,83408,2025-06-06 10:50:29,2025-06-24 10:50:29,398
73592,Industri Kendaraan,36964,2025-10-31 12:10:39,2025-11-29 12:10:39,318
70184,Jasa Lainnya,94199,2025-01-17 03:08:34,2025-02-03 03:08:34,309
59197,Jasa Lainnya,67560,2025-03-08 18:36:49,2025-04-05 18:36:49,370
32073,Jasa Konstruksi,37623,2025-08-08 10:11:53,2025-08-20 10:11:53,605
98791,Jasa Lainnya,12136,2025-03-29 03:02:31,2025-04-20 03:02:31,248
22452,Industri Kulit,3490,2025-10-28 14:56:19,2025-11-03 14:56:19,702
30560,Perdagangan Besar dan Eceran,25824,2025-07-08 00:12:57,2025-08-04 00:12:57,333
84894,Jasa Perorangan,7448,2025-05-06 04:13:14,2025-05-31 04:13:14,137
58227,Industri Farmasi,90712,2025-09-26 08:35:48,2025-10-16 08:35:48,179
16122,Administrasi Pemerintahan,95504,2025-06-23 16:09:03,2025-07-09 16:09:03,640
38187,Industri Furnitur,10089,2025-08-23 20:21:50,2025-09-13 20:21:50,1000
92805,Jasa Lainnya,67049,2025-03-23 00:10:31,2025-04-22 00:10:31,538
61423,Aktivitas Keuangan dan Asuransi,16834,2025-06-04 10:07:24,2025-07-02 10:07:24,178
84336,Jasa Perorangan,66868,2025-08-13 21:04:30,2025-08-15 21:04:30,338
90233,Industri Pengolahan,57435,2025-09-02 22:04:45,2025-09-08 22:04:45,505
93763,Industri Pakaian,90459,2025-07-19 21:32:13,2025-08-12 21:32:13,861
23877,Kesehatan Manusia dan Aktivitas Sosial,93714,2025-05-22 10:02:11,2025-05-22 10:02:11,822
39445,Jasa Keuangan,44548,2024-12-31 23:35:43,2025-01-12 23:35:43,801
89923,Perdagangan Hasil Pertanian,21662,2025-03-29 09:29:19,2025-04-12 09:29:19,472
88203,Jasa Pergudangan,23981,2025-04-12 05:26:45,2025-05-06 05:26:45,158
36807,Jasa Profesional,59016,2025-09-22 00:39:21,2025-10-17 00:39:21,380
68342,Perdagangan Besar dan Eceran,23615,2025-09-22 13:30:34,2025-10-07 13:30:34,577
62909,Industri Pakaian,2290,2025-04-06 06:36:05,2025-04-13 06:36:05,235
69692,Jasa Keuangan,47236,2025-03-31 00:16:29,2025-04-03 00:16:29,588
2294,Industri Kimia,82443,2025-02-03 11:04:18,2025-02-28 11:04:18,651
96351,Jasa Keuangan,20126,2025-06-26 16:45:51,2025-07-18 16:45:51,901
70661,Industri Farmasi,287,2025-09-20 04:31:18,2025-09-25 04:31:18,88
40994,Perdagangan Kendaraan,11358,2025-01-21 22:21:16,2025-02-04 22:21:16,231
2738,Administrasi Pemerintahan,49145,2025-04-16 12:46:38,2025-05-08 12:46:38,884
35185,Perdagangan Hasil Perkebunan,83516,2025-05-08 05:40:12,2025-06-06 05:40:12,948
95389,Administrasi Pemerintahan,90315,2025-06-22 02:05:42,2025-06-27 02:05:42,7
32585,Jasa Akomodasi,10020,2025-03-28 00:38:52,2025-04-23 00:38:52,467
25960,Jasa Perorangan,42917,2025-02-10 07:23:27,2025-02-13 07:23:27,822
39798,Industri Farmasi,21756,2025-09-25 10:22:04,2025-09-25 10:22:04,436
5730,Real Estate,43642,2025-04-15 23:18:13,2025-05-13 23:18:13,527
70382,Industri Kendaraan,37474,2025-04-29 23:16:18,2025-05-17 23:16:18,970
6022,Jasa Profesional,21620,2025-06-08 19:47:25,2025-06-18 19:47:25,694
57668,Industri Furnitur,79051,2025-09-26 05:42:32,2025-10-17 05:42:32,37
97284,Industri Logam,9267,2025-04-24 13:05:11,2025-05-20 13:05:11,351
26741,Perdagangan Tekstil dan Pakaian,71669,2025-06-28 08:08:40,2025-07-18 08:08:40,75
1882,Industri Elektronik,42922,2025-10-22 00:40:23,2025-11-06 00:40:23,815
26441,Industri Kimia,16054,2025-09-18 01:16:31,2025-09-24 01:16:31,584
94752,Industri Farmasi,30173,2025-02-28 08:52:42,2025-03-20 08:52:42,371
59037,Administrasi Pemerintahan,4751,2025-03-26 00:15:29,2025-04-01 00:15:29,592
97369,Perdagangan Tekstil dan Pakaian,42623,2025-09-03 04:55:44,2025-09-12 04:55:44,181
78979,Perdagangan Hasil Peternakan,32090,2025-06-03 00:55:15,2025-06-11 00:55:15,953
50540,Perdagangan Bahan Bakar,25094,2025-01-04 10:50:16,2025-01-30 10:50:16,459
98209,Perdagangan Elektronik,40532,2025-04-14 14:47:42,2025-04-21 14:47:42,806
98295,Perdagangan Elektronik,85669,2025-07-25 20:08:15,2025-07-29 20:08:15,532
51304,Jasa Telekomunikasi,83639,2025-10-24 01:30:37,2025-11-23 01:30:37,473
13966,"Aktivitas Profesional, Ilmiah dan Teknis",79392,2025-05-06 14:51:45,2025-05-23 14:51:45,817
16097,Informasi dan Komunikasi,54694,2025-06-21 18:03:29,2025-07-05 18:03:29,209
42955,Jasa Perdagangan,66016,2025-02-12 11:07:13,2025-02-22 11:07:13,953
96833,Jasa Real Estate,37973,2025-09-25 08:36:44,2025-09-27 08:36:44,591
91693,"Aktivitas Profesional, Ilmiah dan Teknis",22060,2025-01-03 23:40:11,2025-01-03 23:40:11,97
45797,Jasa Akomodasi,17981,2025-02-06 08:27:44,2025-02-16 08:27:44,169
8261,Perdagangan Hasil Perikanan,95624,2025-10-28 20:30:31,2025-11-12 20:30:31,720
26225,Jasa Real Estate,27154,2025-03-19 17:32:37,2025-03-25 17:32:37,935
56478,Industri Farmasi,79039,2024-12-28 07:29:20,2025-01-04 07:29:20,442
56866,Industri Kertas,49692,2025-05-25 09:53:05,2025-06-03 09:53:05,28
34420,Perdagangan Bahan Bangunan,38995,2025-02-07 05:24:23,2025-02-15 05:24:23,699
74933,Informasi dan Komunikasi,25940,2025-09-24 09:27:03,2025-10-02 09:27:03,640
8156,Jasa Real Estate,689,2025-02-17 17:44:59,2025-03-08 17:44:59,964
91731,Perdagangan Bahan Makanan,46179,2025-03-05 05:07:46,2025-03-18 05:07:46,918
64052,Industri Makanan,2695,2025-07-13 17:03:40,2025-08-07 17:03:40,920
49632,Aktivitas Administrasi dan Dukungan,46106,2025-01-19 15:01:04,2025-02-13 15:01:04,952
21111,Kesehatan Manusia dan Aktivitas Sosial,4821,2025-04-20 18:14:49,2025-05-19 18:14:49,202
92963,"Aktivitas Profesional, Ilmiah dan Teknis",54731,2025-04-15 22:59:11,2025-04-23 22:59:11,243
349,Perdagangan Bahan Bangunan,22314,2025-01-06 15:13:09,2025-01-15 15:13:09,228
23203,Kesehatan Manusia dan Aktivitas Sosial,37537,2025-03-09 14:27:32,2025-03-11 14:27:32,969
26273,Real Estate,91275,2025-07-07 19:10:00,2025-07-11 19:10:00,175
3684,Kesehatan Manusia dan Aktivitas Sosial,93243,2025-02-23 00:41:41,2025-03-03 00:41:41,323
12797,Perdagangan Hasil Perkebunan,97144,2025-02-01 19:54:19,2025-03-03 19:54:19,693
89733,Transportasi dan Pergudangan,23088,2025-05-20 15:46:33,2025-06-04 15:46:33,225
17922,Jasa Pergudangan,51108,2025-06-09 06:13:58,2025-06-27 06:13:58,174
70229,Jasa Asuransi,84646,2025-06-05 04:26:02,2025-06-27 04:26:02,957
51856,Jasa Lainnya,89196,2025-02-16 04:43:10,2025-03-14 04:43:10,992
77097,Aktivitas Administrasi dan Dukungan,81048,2025-07-15 20:51:31,2025-08-01 20:51:31,539
99174,Perdagangan Besar dan Eceran,50842,2025-02-20 01:25:31,2025-03-17 01:25:31,32
30877,Jasa Perdagangan,67873,2025-06-21 18:01:05,2025-07-05 18:01:05,409
50028,Industri Kendaraan,33610,2025-10-18 16:28:40,2025-11-13 16:28:40,207
4364,Perdagangan Besar dan Eceran,55906,2025-01-30 13:16:03,2025-01-31 13:16:03,9
2143,Perdagangan Hasil Perkebunan,54314,2025-04-15 15:19:50,2025-04-28 15:19:50,37
61041,Industri Minuman,75595,2025-08-09 03:51:52,2025-08-21 03:51:52,290
42691,Industri Logam,50295,2025-05-27 09:51:12,2025-06-17 09:51:12,773
92835,Perdagangan Bahan Bangunan,77714,2025-04-28 17:03:44,2025-05-05 17:03:44,627
37791,Industri Elektronik,15903,2025-04-06 09:14:17,2025-04-29 09:14:17,89
21542,Industri Makanan,30185,2025-06-15 06:45:21,2025-07-14 06:45:21,373
56130,Aktivitas Keuangan dan Asuransi,95556,2025-08-18 22:01:04,2025-09-08 22:01:04,951
69752,Industri Kulit,4420,2025-04-06 14:13:41,2025-04-15 14:13:41,863
98446,Industri Kayu,82135,2025-03-23 09:25:23,2025-04-03 09:25:23,867
86796,Perdagangan Hasil Pertanian,16151,2025-02-19 11:31:04,2025-03-20 11:31:04,736
3673,Administrasi Pemerintahan,71170,2025-05-21 13:53:56,2025-06-06 13:53:56,259
90989,Industri Logam,55209,2025-07-28 02:22:22,2025-08-02 02:22:22,256
75030,Perdagangan Bahan Bakar,43257,2025-06-14 00:27:02,2025-06-26 00:27:02,408
86907,Jasa Profesional,5173,2025-03-23 07:04:27,2025-04-19 07:04:27,263
64375,Jasa Konstruksi,81761,2025-08-18 14:11:57,2025-08-22 14:11:57,211
11768,Jasa Profesional,48475,2025-08-18 10:05:36,2025-09-04 10:05:36,941
80101,Jasa Keuangan,84858,2025-10-02 13:57:51,2025-10-25 13:57:51,148
96221,Industri Karet dan Plastik,5460,2025-10-12 21:51:02,2025-11-08 21:51:02,441
17907,Jasa Profesional,58057,2025-03-05 13:01:06,2025-03-21 13:01:06,645
2182,Penyediaan Akomodasi dan Makan Minum,60978,2025-01-21 10:56:11,2025-02-01 10:56:11,741
81012,Jasa Real Estate,17471,2025-03-09 19:05:47,2025-03-17 19:05:47,115
7843,Perdagangan Umum,58595,2025-02-09 07:18:43,2025-02-26 07:18:43,738
86088,Perikanan,77847,2025-04-02 21:39:53,2025-04-29 21:39:53,704
89708,Aktivitas Keuangan dan Asuransi,59452,2025-05-15 10:11:23,2025-05-28 10:11:23,323
35557,Perdagangan Besar dan Eceran,29399,2025-10-08 05:38:14,2025-10-21 05:38:14,980
2621,Informasi dan Komunikasi,54490,2025-08-04 23:11:34,2025-08-10 23:11:34,692
73248,Jasa Konstruksi,84765,2025-09-12 09:43:36,2025-09-30 09:43:36,850
20019,Perdagangan Hasil Perikanan,16134,2025-01-21 22:21:52,2025-02-09 22:21:52,899
95635,Aktivitas Keuangan dan Asuransi,99182,2025-10-26 10:20:37,2025-11-15 10:20:37,294
27293,Perikanan,7802,2025-04-27 18:12:28,2025-05-09 18:12:28,629
92324,Konstruksi,25591,2025-09-19 17:26:32,2025-10-07 17:26:32,647
37744,Perdagangan Bahan Bakar,59584,2025-06-09 16:17:14,2025-06-16 16:17:14,551
76773,Jasa Profesional,56828,2025-08-22 10:49:29,2025-09-03 10:49:29,646
20890,Industri Furnitur,1445,2025-08-21 18:08:07,2025-08-29 18:08:07,288
76993,Perdagangan Umum,55996,2025-02-17 21:56:08,2025-02-28 21:56:08,205
38713,Perdagangan Kendaraan,12761,2025-06-15 05:24:19,2025-07-09 05:24:19,663
99741,Jasa Kesehatan,7462,2025-03-21 00:45:33,2025-04-12 00:45:33,100
31048,Industri Karet dan Plastik,96114,2025-07-24 16:01:00,2025-08-15 16:01:00,542
19041,Perdagangan Bahan Bangunan,82406,2025-08-10 11:06:55,2025-08-16 11:06:55,989
95815,Industri Mesin,98003,2025-08-18 12:58:27,2025-09-06 12:58:27,100
46067,Perdagangan Kendaraan,7687,2025-05-26 20:10:39,2025-06-16 20:10:39,371
58927,Industri Furnitur,35217,2025-04-21 13:25:19,2025-05-10 13:25:19,199
58539,Perdagangan Umum,14541,2025-02-07 04:24:52,2025-02-13 04:24:52,776
63945,Perikanan,62973,2025-07-10 18:07:45,2025-08-06 18:07:45,313
89209,Jasa Lainnya,21720,2025-07-11 08:19:46,2025-07-21 08:19:46,955
53020,Jasa Profesional,97098,2025-01-02 22:47:13,2025-01-19 22:47:13,657
74016,Aktivitas Lainnya,95625,2025-07-30 09:30:22,2025-08-20 09:30:22,100
12867,Industri Logam,84317,2025-07-18 07:28:55,2025-07-26 07:28:55,193
25100,Jasa Transportasi,84730,2025-01-14 18:01:50,2025-02-08 18:01:50,529
61076,Jasa Asuransi,41241,2025-08-23 05:45:19,2025-09-08 05:45:19,148
15945,Jasa Keuangan,40800,2025-02-21 13:26:03,2025-02-22 13:26:03,510
1374,Industri Tekstil,27218,2025-03-13 12:00:05,2025-04-04 12:00:05,909
52148,Industri Kertas,96040,2025-10-22 16:17:24,2025-11-04 16:17:24,428
87245,Perdagangan Hasil Peternakan,98561,2025-02-18 06:40:00,2025-03-01 06:40:00,256
45348,Aktivitas Keuangan dan Asuransi,66201,2025-04-26 10:36:23,2025-05-22 10:36:23,953
32602,Perdagangan Bahan Bangunan,10689,2025-10-17 03:50:20,2025-10-29 03:50:20,927
15911,Kesehatan Manusia dan Aktivitas Sosial,55964,2025-08-30 08:08:30,2025-09-02 08:08:30,73
14433,Industri Minuman,45976,2025-02-01 09:24:36,2025-02-17 09:24:36,980
25797,Perikanan,99774,2025-07-01 03:32:55,2025-07-29 03:32:55,982
65993,Informasi dan Komunikasi,47283,2025-09-25 22:11:31,2025-10-04 22:11:31,896
75436,Perdagangan Bahan Makanan,27330,2025-01-02 16:18:30,2025-01-14 16:18:30,351
28377,Perdagangan Hasil Pertanian,52123,2025-03-30 10:56:34,2025-04-19 10:56:34,662
11015,Aktivitas Keuangan dan Asuransi,29821,2025-10-14 19:44:06,2025-10-15 19:44:06,920
22961,Industri Kimia,69053,2025-10-20 06:24:13,2025-11-12 06:24:13,892
88429,Industri Mesin,44491,2025-01-12 00:13:38,2025-01-20 00:13:38,341
47001,Informasi dan Komunikasi,84327,2025-03-21 08:33:18,2025-03-25 08:33:18,117
79485,Jasa Kesehatan,35724,2025-06-18 20:19:07,2025-07-11 20:19:07,389
83907,Industri Karet dan Plastik,26193,2025-08-04 04:10:08,2025-08-24 04:10:08,505
70711,Jasa Kesehatan,86114,2025-07-08 06:19:28,2025-07-11 06:19:28,852
38763,Jasa Asuransi,80722,2025-02-11 15:59:35,2025-02-24 15:59:35,288
63493,Jasa Kesehatan,70953,2025-07-13 06:05:32,2025-08-02 06:05:32,596
18236,Perdagangan Besar dan Eceran,63559,2025-09-17 18:29:19,2025-09-24 18:29:19,532
85718,Industri Kendaraan,26371,2025-10-21 01:08:45,2025-11-01 01:08:45,199
75128,Industri Mesin,70143,2025-02-21 19:01:09,2025-02-23 19:01:09,448
88429,Jasa Profesional,46699,2025-04-07 13:13:53,2025-04-23 13:13:53,293
25578,"Kesenian, Hiburan dan Rekreasi",42531,2025-07-11 10:13:51,2025-07-23 10:13:51,230
87662,Perdagangan Hasil Perikanan,97355,2024-12-29 17:35:32,2024-12-30 17:35:32,348
87019,Jasa Telekomunikasi,11908,2025-07-13 14:23:34,2025-08-08 14:23:34,740
72316,Industri Pakaian,57228,2025-09-09 13:38:46,2025-10-04 13:38:46,416
28297,Jasa Kesehatan,20108,2025-03-26 05:09:48,2025-03-27 05:09:48,927
18740,Jasa Kesehatan,30519,2025-02-08 19:41:39,2025-02-26 19:41:39,198
96358,Jasa Keuangan,42473,2025-02-22 21:06:36,2025-03-18 21:06:36,312
29414,Perdagangan Hasil Peternakan,23376,2025-07-02 15:38:57,2025-08-01 15:38:57,424
50639,Perdagangan Bahan Bangunan,99107,2025-06-06 01:41:09,2025-06-28 01:41:09,90
16316,Perdagangan Bahan Makanan,87436,2025-05-27 08:03:24,2025-06-21 08:03:24,757
72457,Jasa Lainnya,21822,2025-01-25 15:53:39,2025-01-26 15:53:39,455
8427,Transportasi dan Pergudangan,25456,2025-02-23 23:37:55,2025-02-27 23:37:55,256
37854,Perdagangan Besar dan Eceran,14820,2025-06-05 13:30:03,2025-06-14 13:30:03,776
5811,Perdagangan Tekstil dan Pakaian,49373,2025-06-09 17:33:19,2025-06-09 17:33:19,306
46071,Administrasi Pemerintahan,33833,2025-01-23 04:42:38,2025-02-08 04:42:38,720
76579,Perdagangan Umum,1770,2025-05-10 12:31:45,2025-05-24 12:31:45,419
88832,Real Estate,77271,2025-06-29 09:32:12,2025-07-13 09:32:12,955
36806,Informasi dan Komunikasi,54306,2025-05-26 01:55:06,2025-06-19 01:55:06,642
62929,Perdagangan Kendaraan,95164,2025-03-07 06:01:53,2025-03-28 06:01:53,929
77772,Industri Karet dan Plastik,84015,2025-06-11 18:53:40,2025-07-05 18:53:40,143
47946,Perdagangan Kendaraan,10223,2025-05-28 08:56:49,2025-06-22 08:56:49,900
27161,Jasa Profesional,96986,2025-04-18 14:58:01,2025-04-25 14:58:01,443
86793,Jasa Perdagangan,21688,2025-08-07 23:01:48,2025-08-08 23:01:48,589
34092,Perdagangan Kendaraan,64672,2025-01-09 23:42:48,2025-01-25 23:42:48,793
45083,Perdagangan Tekstil dan Pakaian,87380,2025-02-09 23:46:07,2025-03-10 23:46:07,87
8929,Jasa Real Estate,79056,2025-10-13 23:56:12,2025-10-21 23:56:12,887
43654,Konstruksi,7597,2025-09-11 18:36:06,2025-10-06 18:36:06,819
73562,Perdagangan Bahan Bakar,61636,2025-06-11 23:31:06,2025-06-27 23:31:06,842
8394,Jasa Kesehatan,2912,2025-05-14 22:21:18,2025-05-17 22:21:18,823
33198,Industri Pengolahan,98073,2025-09-18 10:46:31,2025-09-26 10:46:31,620
86836,Aktivitas Keuangan dan Asuransi,90939,2025-04-08 22:44:39,2025-05-02 22:44:39,192
12162,Industri Pakaian,8916,2025-02-14 08:51:59,2025-03-10 08:51:59,263
83323,Perikanan,16955,2025-07-24 12:36:20,2025-08-06 12:36:20,342
33292,Aktivitas Lainnya,34771,2025-06-14 16:01:25,2025-07-04 16:01:25,840
63593,Industri Kimia,24401,2025-10-16 20:23:30,2025-11-10 20:23:30,983
68928,Jasa Keuangan,82761,2025-06-21 02:56:51,2025-06-24 02:56:51,303
12247,Perdagangan Hasil Perkebunan,53766,2025-05-26 18:52:30,2025-06-16 18:52:30,596
74579,Jasa Keuangan,84948,2025-06-15 09:46:37,2025-07-10 09:46:37,441
70764,Industri Minuman,47973,2025-05-13 04:01:37,2025-05-22 04:01:37,865
27147,"Aktivitas Profesional, Ilmiah dan Teknis",19714,2025-06-12 04:03:55,2025-07-06 04:03:55,428
16361,Aktivitas Administrasi dan Dukungan,494,2025-09-22 02:04:39,2025-09-22 02:04:39,451
3918,Industri Pengolahan,91620,2025-09-03 00:53:26,2025-09-19 00:53:26,41
9388,Perdagangan Besar dan Eceran,1575,2025-06-27 02:01:33,2025-07-08 02:01:33,547
74478,Industri Pengolahan,15093,2025-07-04 02:52:45,2025-07-18 02:52:45,738
30979,Perdagangan Hasil Perkebunan,54960,2025-07-06 06:49:06,2025-07-22 06:49:06,584
80654,Perikanan,94599,2025-10-21 15:04:39,2025-11-16 15:04:39,9
82427,Jasa Kesehatan,30771,2025-01-17 23:46:38,2025-02-15 23:46:38,889
39084,Pendidikan,88917,2025-03-09 15:06:15,2025-03-17 15:06:15,411
10551,Jasa Hiburan,2320,2025-02-23 21:55:08,2025-02-27 21:55:08,360
35484,Industri Minuman,41414,2025-05-30 15:17:20,2025-06-17 15:17:20,921
67087,Perdagangan Hasil Peternakan,36788,2025-05-26 17:03:39,2025-06-17 17:03:39,78
13407,Industri Pengolahan,38725,2025-09-28 19:39:15,2025-10-05 19:39:15,330
33949,"Pertanian, Perkebunan dan Peternakan",4688,2025-03-01 19:29:53,2025-03-11 19:29:53,712
4835,Kesehatan Manusia dan Aktivitas Sosial,48304,2025-10-31 06:27:56,2025-11-18 06:27:56,717
22803,Jasa Asuransi,56672,2025-09-14 07:49:44,2025-09-25 07:49:44,401
30584,Perdagangan Elektronik,79650,2025-07-29 11:29:54,2025-08-25 11:29:54,702
5126,Jasa Telekomunikasi,90611,2025-03-27 15:12:23,2025-04-05 15:12:23,225
48869,Perdagangan Hasil Peternakan,74990,2025-02-25 06:19:29,2025-03-07 06:19:29,982
67977,Jasa Informasi,85132,2025-02-05 06:02:26,2025-02-19 06:02:26,285
69068,Jasa Perorangan,68741,2025-06-16 15:19:50,2025-07-13 15:19:50,302
25891,Perdagangan Tekstil dan Pakaian,24650,2025-02-28 11:27:46,2025-03-22 11:27:46,801
20060,Aktivitas Administrasi dan Dukungan,35745,2025-01-26 14:55:02,2025-02-02 14:55:02,790
29571,Jasa Hiburan,46174,2025-09-22 05:27:41,2025-10-15 05:27:41,994
55933,Aktivitas Administrasi dan Dukungan,33723,2025-10-18 22:27:24,2025-10-21 22:27:24,227
76662,Aktivitas Keuangan dan Asuransi,66213,2025-07-31 11:51:34,2025-08-09 11:51:34,704
34847,Industri Elektronik,88280,2025-09-20 17:18:26,2025-10-16 17:18:26,318
3451,Industri Pengolahan,94844,2025-01-30 16:53:23,2025-02-15 16:53:23,876
23013,Industri Kendaraan,77336,2025-07-31 19:38:20,2025-08-20 19:38:20,807
39568,Jasa Hiburan,52265,2025-08-04 18:07:51,2025-08-31 18:07:51,435
6864,Aktivitas Lainnya,8204,2025-03-12 01:33:15,2025-04-01 01:33:15,66
76047,Jasa Hiburan,45947,2025-03-04 10:45:34,2025-03-19 10:45:34,244
66485,Industri Kayu,20619,2025-05-12 03:26:19,2025-06-09 03:26:19,343
66496,"Kesenian, Hiburan dan Rekreasi",80566,2025-09-03 11:02:59,2025-09-20 11:02:59,810
49600,Perdagangan Besar dan Eceran,61590,2025-05-25 21:40:19,2025-06-10 21:40:19,868
43475,Perdagangan Umum,74682,2025-08-15 19:32:57,2025-08-19 19:32:57,775
47053,Perdagangan Hasil Peternakan,83752,2025-02-28 17:58:25,2025-02-28 17:58:25,633
41630,Jasa Hiburan,81048,2025-09-10 20:44:09,2025-09-27 20:44:09,84
56199,Jasa Asuransi,88726,2025-03-06 00:43:54,2025-03-06 00:43:54,92
95612,Aktivitas Lainnya,29004,2025-10-15 18:42:43,2025-10-17 18:42:43,324
86601,Aktivitas Keuangan dan Asuransi,16155,2025-04-12 12:13:54,2025-05-06 12:13:54,207
47294,Industri Furnitur,25474,2025-01-25 15:55:50,2025-01-28 15:55:50,585
14186,Industri Furnitur,20720,2025-10-20 21:57:54,2025-11-03 21:57:54,427
27038,Jasa Keuangan,40766,2025-09-19 21:50:22,2025-10-08 21:50:22,646
7004,Perdagangan Kendaraan,17660,2025-05-07 01:10:10,2025-05-30 01:10:10,248
34228,Industri Furnitur,27910,2025-07-12 08:51:33,2025-08-09 08:51:33,1000
75292,Perdagangan Elektronik,60539,2025-08-01 14:17:50,2025-08-30 14:17:50,309
92252,Informasi dan Komunikasi,53183,2025-06-12 05:15:22,2025-06-19 05:15:22,561
39984,Jasa Akomodasi,77542,2025-06-13 09:23:45,2025-06-22 09:23:45,920
73493,Jasa Perdagangan,50748,2025-05-14 09:22:10,2025-05-20 09:22:10,168
15513,Perdagangan Hasil Perkebunan,4806,2025-07-18 05:10:20,2025-08-06 05:10:20,776
57712,Industri Minuman,90792,2025-04-30 05:21:03,2025-05-01 05:21:03,192
52971,Jasa Informasi,42058,2025-06-03 16:03:30,2025-06-16 16:03:30,258
26678,Perdagangan Hasil Perkebunan,90175,2025-06-25 10:43:30,2025-07-14 10:43:30,135
14835,Jasa Pendidikan,37953,2025-10-16 13:22:42,2025-10-20 13:22:42,337
64606,"Pertanian, Perkebunan dan Peternakan",34279,2025-08-30 01:55:46,2025-09-03 01:55:46,216
68338,Industri Karet dan Plastik,88699,2025-05-22 17:50:02,2025-06-03 17:50:02,664
77190,Industri Kertas,25880,2025-09-16 16:06:22,2025-10-11 16:06:22,198
78645,Jasa Akomodasi,77524,2025-09-14 03:16:46,2025-10-02 03:16:46,70
86679,Aktivitas Keuangan dan Asuransi,94175,2025-08-30 23:21:56,2025-09-27 23:21:56,982
92733,Konstruksi,1083,2025-03-10 19:47:19,2025-04-03 19:47:19,427
38885,Jasa Lainnya,99579,2025-08-22 03:25:07,2025-09-02 03:25:07,79
22307,Jasa Asuransi,77197,2025-05-16 12:24:25,2025-06-09 12:24:25,855
2253,Perdagangan Bahan Bakar,13213,2025-02-28 06:10:18,2025-03-20 06:10:18,739
16876,Jasa Real Estate,11630,2025-01-09 04:33:07,2025-01-15 04:33:07,70
97957,Jasa Makanan dan Minuman,36293,2025-03-20 08:12:43,2025-04-09 08:12:43,540
84043,Konstruksi,49262,2025-04-26 08:24:50,2025-05-08 08:24:50,746
18357,Perdagangan Hasil Pertanian,22347,2025-08-07 21:10:19,2025-08-25 21:10:19,985
85118,Jasa Perdagangan,45965,2025-05-11 12:01:32,2025-06-02 12:01:32,678
43050,Konstruksi,72719,2025-10-13 18:10:20,2025-11-01 18:10:20,154
50569,Industri Pengolahan,44602,2025-06-10 09:58:57,2025-06-13 09:58:57,289
29514,Perdagangan Bahan Bakar,39999,2025-03-22 20:15:42,2025-04-11 20:15:42,811
79625,Industri Farmasi,17910,2025-03-22 14:59:55,2025-04-17 14:59:55,756
43214,Perdagangan Bahan Makanan,1731,2025-09-14 22:44:51,2025-09-14 22:44:51,671
74636,Industri Kendaraan,8272,2025-09-10 02:50:06,2025-10-04 02:50:06,349
25821,Industri Minuman,87167,2025-03-08 12:55:48,2025-04-04 12:55:48,904
24194,Industri Karet dan Plastik,76958,2025-09-25 14:13:30,2025-10-19 14:13:30,466
46146,Jasa Akomodasi,47069,2025-10-18 19:05:47,2025-10-22 19:05:47,974
1935,Industri Karet dan Plastik,85717,2025-01-09 16:48:47,2025-01-22 16:48:47,620
21380,Jasa Keuangan,70803,2025-09-03 18:17:00,2025-09-14 18:17:00,765
99660,Jasa Makanan dan Minuman,24478,2025-04-04 20:46:29,2025-04-04 20:46:29,699
95476,Perdagangan Besar dan Eceran,79308,2025-05-04 08:22:54,2025-05-10 08:22:54,283
30940,Industri Karet dan Plastik,25695,2025-08-06 01:10:09,2025-09-02 01:10:09,995
52560,Industri Karet dan Plastik,18561,2025-10-07 11:04:30,2025-10-15 11:04:30,555
90236,Aktivitas Administrasi dan Dukungan,77274,2025-03-29 09:09:17,2025-04-20 09:09:17,865
82369,Jasa Hiburan,50142,2025-06-23 18:48:45,2025-07-10 18:48:45,180
24963,Perdagangan Besar dan Eceran,13444,2025-02-25 11:07:32,2025-03-23 11:07:32,271
50746,Perdagangan Hasil Perkebunan,33831,2025-05-08 06:43:13,2025-05-30 06:43:13,506
95276,Industri Kayu,6387,2025-01-23 19:31:42,2025-02-11 19:31:42,677
54298,Perdagangan Hasil Perkebunan,14069,2025-07-22 15:07:43,2025-07-26 15:07:43,708
14798,Jasa Informasi,89470,2025-08-17 04:43:03,2025-08-27 04:43:03,291
35750,Industri Pakaian,1007,2025-02-26 03:10:00,2025-03-14 03:10:00,106
43216,Perdagangan Bahan Makanan,41862,2025-09-23 01:41:01,2025-09-24 01:41:01,997
86886,Industri Kendaraan,85659,2025-04-30 09:52:09,2025-05-21 09:52:09,222
55306,Industri Karet dan Plastik,16628,2025-02-03 01:27:34,2025-02-12 01:27:34,726
51532,Industri Kertas,84337,2025-03-19 13:18:51,2025-04-04 13:18:51,343
89060,Perdagangan Tekstil dan Pakaian,25560,2025-07-17 21:10:31,2025-07-19 21:10:31,351
50200,Perdagangan Tekstil dan Pakaian,40444,2025-01-27 23:05:32,2025-01-28 23:05:32,191
68178,Real Estate,75420,2025-10-04 17:41:27,2025-10-16 17:41:27,643
41648,Jasa Konstruksi,46939,2025-01-01 03:56:32,2025-01-26 03:56:32,895
22936,"Kesenian, Hiburan dan Rekreasi",34906,2025-09-15 12:58:22,2025-09-27 12:58:22,101
10858,Transportasi dan Pergudangan,56622,2025-10-30 01:20:21,2025-11-15 01:20:21,76
3199,Industri Kendaraan,6997,2025-04-11 04:14:55,2025-04-18 04:14:55,576
10559,Perdagangan Bahan Bakar,91254,2025-01-04 00:38:12,2025-01-09 00:38:12,716
39805,Perdagangan Umum,9708,2025-10-30 20:33:05,2025-10-31 20:33:05,262
56560,Jasa Lainnya,50939,2025-05-16 04:06:48,2025-06-02 04:06:48,967
78596,Industri Tekstil,23399,2025-07-01 05:54:23,2025-07-09 05:54:23,739
27435,Industri Karet dan Plastik,23755,2025-04-25 22:50:07,2025-05-21 22:50:07,262
18255,Perdagangan Bahan Bangunan,83966,2025-07-20 01:26:38,2025-07-30 01:26:38,433
34637,Industri Farmasi,89759,2025-02-07 12:50:18,2025-03-09 12:50:18,331
54816,Perdagangan Hasil Pertanian,96604,2025-05-07 22:55:48,2025-05-09 22:55:48,784
41074,Perdagangan Besar dan Eceran,70730,2025-05-23 21:28:26,2025-06-03 21:28:26,496
22047,Jasa Perdagangan,775,2025-05-23 21:43:23,2025-06-07 21:43:23,69
96854,Perdagangan Umum,36509,2025-06-05 20:56:13,2025-06-07 20:56:13,333
51644,Jasa Telekomunikasi,80898,2025-07-19 07:11:01,2025-08-16 07:11:01,328
69952,Industri Kimia,4013,2025-10-11 10:52:54,2025-11-09 10:52:54,282
94760,Perdagangan Hasil Pertanian,68807,2025-06-15 17:22:54,2025-06-30 17:22:54,775
82545,Perdagangan Kendaraan,24516,2025-09-30 08:30:49,2025-10-23 08:30:49,427
72461,Aktivitas Keuangan dan Asuransi,16686,2025-10-14 11:07:46,2025-10-22 11:07:46,288
59155,Industri Pengolahan,20853,2024-12-27 17:46:37,2025-01-14 17:46:37,861
55961,Industri Kertas,63034,2025-02-07 11:46:34,2025-03-02 11:46:34,647
57531,Industri Minuman,85966,2025-05-25 10:25:51,2025-06-21 10:25:51,201
70606,Industri Logam,72699,2025-03-11 04:44:32,2025-04-09 04:44:32,631
85667,Jasa Kesehatan,21169,2025-08-26 12:28:11,2025-09-17 12:28:11,394
18142,Informasi dan Komunikasi,89970,2025-06-11 10:31:07,2025-06-11 10:31:07,800
4183,Konstruksi,95621,2025-03-01 11:46:04,2025-03-24 11:46:04,785
13209,Jasa Real Estate,82590,2025-08-11 02:49:57,2025-08-31 02:49:57,364
41704,Administrasi Pemerintahan,27377,2025-08-16 22:50:02,2025-09-01 22:50:02,852
93784,Industri Kimia,42226,2025-08-28 08:47:50,2025-09-22 08:47:50,536
38387,Jasa Lainnya,13384,2025-04-30 00:43:01,2025-05-27 00:43:01,229
60301,Aktivitas Keuangan dan Asuransi,17765,2025-05-25 03:22:34,2025-06-11 03:22:34,63
99423,Perikanan,5070,2025-03-30 06:39:38,2025-04-13 06:39:38,867
50463,Kesehatan Manusia dan Aktivitas Sosial,3715,2025-04-07 10:06:20,2025-04-17 10:06:20,850
94565,Industri Elektronik,11204,2025-10-16 12:20:11,2025-11-08 12:20:11,799
45199,Industri Kayu,13147,2024-12-28 18:57:37,2025-01-21 18:57:37,316
22741,Industri Kendaraan,51584,2025-06-30 17:54:00,2025-07-02 17:54:00,183
19025,Perdagangan Hasil Perkebunan,33262,2025-10-16 20:14:29,2025-11-03 20:14:29,34
86848,Industri Logam,14033,2025-10-17 22:00:28,2025-11-12 22:00:28,189
82300,Jasa Perorangan,59023,2025-01-23 08:52:12,2025-01-24 08:52:12,959
23581,Jasa Informasi,16993,2025-05-30 12:14:31,2025-06-07 12:14:31,466
28312,Perdagangan Bahan Bakar,39042,2025-04-06 05:36:59,2025-04-30 05:36:59,776
31077,Jasa Kesehatan,21363,2025-04-26 06:49:25,2025-04-27 06:49:25,661
42507,Penyediaan Akomodasi dan Makan Minum,50839,2025-03-27 04:41:51,2025-04-13 04:41:51,427
49527,Kesehatan Manusia dan Aktivitas Sosial,76142,2025-06-09 12:41:01,2025-06-24 12:41:01,986
13211,Industri Kayu,6174,2025-09-11 14:05:09,2025-10-06 14:05:09,652
31340,Jasa Keuangan,67442,2025-04-23 12:53:37,2025-04-26 12:53:37,941
4564,Jasa Pendidikan,21103,2025-02-28 08:27:20,2025-03-27 08:27:20,410
47536,Perdagangan Hasil Peternakan,23796,2025-01-14 19:25:37,2025-01-15 19:25:37,68
45888,Industri Kimia,52188,2025-05-27 00:35:53,2025-05-28 00:35:53,999
48147,Kesehatan Manusia dan Aktivitas Sosial,78183,2025-08-12 10:49:27,2025-08-13 10:49:27,696
21772,"Pertanian, Perkebunan dan Peternakan",6076,2025-08-07 10:19:21,2025-08-10 10:19:21,338
73869,Jasa Kesehatan,63693,2025-06-17 23:09:19,2025-06-26 23:09:19,131
95527,Perdagangan Hasil Perikanan,58829,2025-01-24 02:37:56,2025-01-26 02:37:56,241
700,Industri Karet dan Plastik,66350,2025-09-27 13:20:41,2025-10-19 13:20:41,179
3131,Industri Kayu,74003,2025-02-21 12:29:06,2025-03-12 12:29:06,823
83721,Jasa Telekomunikasi,70354,2025-04-04 14:29:26,2025-04-08 14:29:26,37
20889,"Aktivitas Profesional, Ilmiah dan Teknis",65286,2025-03-15 18:14:11,2025-03-17 18:14:11,692
83061,Jasa Pendidikan,58958,2025-06-13 06:03:59,2025-06-21 06:03:59,821
20548,"Pertanian, Perkebunan dan Peternakan",4056,2025-05-13 19:17:58,2025-06-06 19:17:58,742
31737,Perdagangan Besar dan Eceran,49832,2025-01-26 13:20:49,2025-02-01 13:20:49,211
22766,Industri Makanan,33060,2025-03-08 13:07:10,2025-03-19 13:07:10,362
25971,Perdagangan Hasil Perkebunan,71384,2025-03-05 04:58:07,2025-04-02 04:58:07,959
52209,Jasa Hiburan,92622,2025-08-30 17:20:31,2025-09-06 17:20:31,547
90035,Perdagangan Hasil Perikanan,4208,2025-04-11 07:06:13,2025-04-18 07:06:13,635
83885,Industri Tekstil,67439,2025-06-17 02:57:42,2025-07-17 02:57:42,788
421,Industri Karet dan Plastik,75214,2025-07-29 10:48:09,2025-08-15 10:48:09,651
32609,Industri Kertas,89128,2025-01-18 01:49:14,2025-02-06 01:49:14,496
10041,Industri Pengolahan,69778,2025-04-16 05:56:21,2025-05-08 05:56:21,342
81700,Perdagangan Tekstil dan Pakaian,66391,2025-09-20 17:47:22,2025-10-13 17:47:22,365
34592,Jasa Hiburan,91845,2025-06-12 02:47:47,2025-06-25 02:47:47,533
71816,Perdagangan Bahan Bakar,80812,2025-01-02 21:51:00,2025-01-29 21:51:00,157
4123,Penyediaan Akomodasi dan Makan Minum,41288,2025-07-31 02:04:51,2025-08-12 02:04:51,40
15064,Industri Pengolahan,5515,2025-01-03 17:18:11,2025-01-29 17:18:11,370
38931,Perdagangan Umum,44940,2025-03-23 03:59:50,2025-04-13 03:59:50,767
10014,Perdagangan Hasil Perkebunan,36551,2025-07-12 20:39:44,2025-07-30 20:39:44,168
11868,Industri Farmasi,35709,2025-01-10 09:19:33,2025-02-03 09:19:33,781
83585,Perdagangan Hasil Perikanan,67648,2025-01-20 12:44:04,2025-02-12 12:44:04,469
13645,Perdagangan Hasil Perkebunan,91823,2025-03-06 01:30:59,2025-04-01 01:30:59,961
6378,Pendidikan,89435,2025-09-18 03:47:32,2025-09-19 03:47:32,545
24201,Aktivitas Lainnya,85731,2025-06-06 20:18:00,2025-06-10 20:18:00,778
64320,Aktivitas Keuangan dan Asuransi,96446,2024-12-31 22:01:36,2025-01-26 22:01:36,734
15182,Perdagangan Elektronik,75312,2025-03-14 21:37:20,2025-03-15 21:37:20,617
70369,Aktivitas Administrasi dan Dukungan,43934,2025-07-23 10:47:20,2025-08-14 10:47:20,136
94205,Jasa Pendidikan,53062,2025-06-04 06:17:25,2025-06-24 06:17:25,157
49699,Industri Kendaraan,91292,2025-01-26 09:58:32,2025-01-29 09:58:32,620
37028,Jasa Makanan dan Minuman,79634,2025-10-27 14:32:21,2025-11-02 14:32:21,677
86617,Industri Minuman,5360,2025-02-08 13:25:07,2025-02-23 13:25:07,362
51322,Pendidikan,11453,2025-09-11 08:15:24,2025-09-23 08:15:24,506
19408,Jasa Keuangan,56402,2025-03-20 14:56:49,2025-04-01 14:56:49,935
82029,Jasa Konstruksi,21811,2025-09-18 09:09:42,2025-09-18 09:09:42,557
52102,Jasa Perorangan,72446,2025-02-20 00:01:58,2025-03-14 00:01:58,104
70405,Perdagangan Hasil Peternakan,86084,2025-02-16 08:03:54,2025-03-12 08:03:54,487
2883,Perdagangan Hasil Perikanan,11263,2025-07-20 21:18:13,2025-08-14 21:18:13,465
11982,Perdagangan Bahan Bangunan,43433,2025-07-19 00:15:38,2025-08-02 00:15:38,428
99894,Jasa Transportasi,26538,2025-03-05 23:55:56,2025-03-23 23:55:56,984
60619,Aktivitas Keuangan dan Asuransi,2342,2025-08-06 18:37:27,2025-08-15 18:37:27,983
81917,Jasa Telekomunikasi,77543,2025-10-14 13:20:41,2025-11-06 13:20:41,93
24496,Informasi dan Komunikasi,65920,2025-03-27 05:50:04,2025-04-12 05:50:04,838
90859,Jasa Pergudangan,51331,2025-05-01 16:05:57,2025-05-07 16:05:57,567
4430,Jasa Telekomunikasi,38723,2025-08-16 11:52:18,2025-08-23 11:52:18,370
73630,Konstruksi,12902,2025-10-22 20:14:55,2025-11-09 20:14:55,496
36248,Jasa Telekomunikasi,4561,2025-03-16 14:49:44,2025-04-06 14:49:44,82
98576,Aktivitas Lainnya,45931,2025-10-06 16:16:56,2025-10-13 16:16:56,529
82189,Jasa Hiburan,76547,2025-03-12 21:16:43,2025-03-26 21:16:43,648
35094,Transportasi dan Pergudangan,38049,2025-07-26 19:18:43,2025-08-22 19:18:43,352
93737,Industri Kayu,60208,2025-01-28 10:35:05,2025-02-13 10:35:05,408
33874,Industri Elektronik,3514,2025-04-08 00:23:02,2025-04-21 00:23:02,124
99316,Jasa Kesehatan,57770,2025-03-15 00:24:40,2025-03-15 00:24:40,16
7403,Jasa Konstruksi,29942,2025-10-22 08:40:23,2025-10-26 08:40:23,870
3987,Aktivitas Lainnya,55373,2025-09-04 19:13:40,2025-09-26 19:13:40,314
36070,Perdagangan Hasil Perikanan,16352,2025-10-08 10:37:18,2025-10-08 10:37:18,398
5878,Penyediaan Akomodasi dan Makan Minum,6003,2025-06-22 22:11:22,2025-07-08 22:11:22,10
66925,Penyediaan Akomodasi dan Makan Minum,62423,2025-01-09 16:15:23,2025-01-17 16:15:23,956
73945,Industri Pakaian,69401,2025-09-12 00:26:20,2025-09-15 00:26:20,615
17522,Jasa Informasi,27038,2024-12-27 09:28:28,2025-01-24 09:28:28,27
54481,Jasa Hiburan,44772,2025-01-23 22:17:53,2025-01-27 22:17:53,24
49751,Industri Kulit,25439,2025-05-21 09:22:44,2025-06-08 09:22:44,324
23397,Jasa Perdagangan,6714,2025-08-05 17:29:29,2025-08-18 17:29:29,438
8414,Industri Kimia,53674,2025-03-10 07:54:04,2025-03-11 07:54:04,109
41733,Perdagangan Elektronik,43178,2025-03-11 08:02:57,2025-03-24 08:02:57,703
71986,Informasi dan Komunikasi,27777,2025-08-31 04:46:27,2025-09-25 04:46:27,29
26329,Industri Makanan,40334,2025-09-19 00:39:06,2025-10-13 00:39:06,87
7612,Jasa Konstruksi,69178,2025-03-13 17:24:12,2025-03-14 17:24:12,102
81876,Jasa Kesehatan,8679,2025-09-04 04:31:35,2025-09-25 04:31:35,724
86518,Jasa Makanan dan Minuman,59136,2025-08-22 06:26:26,2025-08-24 06:26:26,43
31995,Jasa Hiburan,64070,2025-09-29 12:02:04,2025-10-08 12:02:04,856
37392,Industri Logam,64271,2025-04-26 01:13:08,2025-04-27 01:13:08,728
17970,Perdagangan Hasil Peternakan,74678,2025-04-19 11:40:26,2025-04-22 11:40:26,778
30213,Perdagangan Hasil Peternakan,20569,2025-07-03 10:07:41,2025-08-02 10:07:41,925
51302,Transportasi dan Pergudangan,92921,2025-06-19 01:52:16,2025-06-19 01:52:16,449
15997,Jasa Konstruksi,66955,2025-09-25 05:20:45,2025-09-29 05:20:45,849
93795,Jasa Konstruksi,99465,2025-01-24 18:24:31,2025-01-24 18:24:31,43
2434,Industri Logam,39332,2025-01-30 18:35:04,2025-02-13 18:35:04,907
33981,Industri Pakaian,33227,2025-10-01 21:02:52,2025-10-29 21:02:52,51
68385,Perdagangan Elektronik,30398,2025-01-06 05:03:37,2025-02-04 05:03:37,355
11614,Industri Karet dan Plastik,31171,2025-04-21 23:30:40,2025-05-07 23:30:40,867
40687,Jasa Telekomunikasi,97513,2025-03-24 16:03:05,2025-04-19 16:03:05,740
39572,Jasa Informasi,1319,2025-01-23 10:51:47,2025-01-25 10:51:47,252
54573,Perdagangan Bahan Makanan,93778,2025-05-28 22:27:20,2025-05-30 22:27:20,677
83685,Jasa Keuangan,66223,2025-06-01 13:01:39,2025-06-24 13:01:39,578
57634,Konstruksi,62270,2025-01-17 15:56:29,2025-02-02 15:56:29,389
32726,Jasa Lainnya,3733,2025-10-12 04:24:21,2025-11-03 04:24:21,621
19150,"Pertanian, Perkebunan dan Peternakan",95540,2025-10-19 19:18:52,2025-11-14 19:18:52,310
2254,Industri Kertas,13197,2024-12-29 05:25:38,2025-01-06 05:25:38,374
30829,Industri Kendaraan,76034,2025-03-15 14:50:20,2025-04-10 14:50:20,938
14386,Jasa Telekomunikasi,21157,2025-06-05 11:02:27,2025-06-12 11:02:27,451
49901,Perdagangan Hasil Peternakan,80718,2025-03-13 15:06:01,2025-03-19 15:06:01,761
70170,Industri Pengolahan,34556,2025-09-12 16:18:52,2025-09-17 16:18:52,777
35020,Perdagangan Tekstil dan Pakaian,54648,2025-07-30 14:02:42,2025-08-27 14:02:42,270
2434,Jasa Pergudangan,44687,2025-03-24 10:00:04,2025-03-28 10:00:04,931
36986,Industri Furnitur,48335,2025-05-10 15:17:33,2025-05-11 15:17:33,636
12747,Jasa Pendidikan,43054,2025-05-27 10:41:45,2025-05-28 10:41:45,658
41669,Industri Kulit,66171,2025-10-08 19:07:10,2025-10-12 19:07:10,798
18255,Perdagangan Hasil Perikanan,66599,2025-10-22 04:34:15,2025-11-08 04:34:15,865
17408,Perdagangan Bahan Makanan,8101,2025-09-01 22:49:57,2025-09-09 22:49:57,411
51547,"Kesenian, Hiburan dan Rekreasi",62159,2025-05-12 23:14:40,2025-06-03 23:14:40,763
3539,Jasa Hiburan,1156,2025-08-01 15:05:52,2025-08-11 15:05:52,740
34437,Industri Elektronik,26728,2025-09-08 23:17:32,2025-09-25 23:17:32,802
19803,Jasa Pendidikan,38302,2025-08-04 06:41:41,2025-08-27 06:41:41,656
45262,Industri Pakaian,21879,2025-06-11 18:12:22,2025-06-30 18:12:22,701
4094,"Pertanian, Perkebunan dan Peternakan",50259,2025-01-12 09:37:51,2025-01-25 09:37:51,252
59968,Perdagangan Bahan Bangunan,34448,2025-02-12 19:31:50,2025-02-22 19:31:50,1
82616,Industri Furnitur,7410,2025-10-01 16:17:55,2025-10-08 16:17:55,16
33445,Perdagangan Hasil Perikanan,98033,2025-06-11 02:22:14,2025-06-15 02:22:14,780
41487,Real Estate,24868,2025-03-30 02:23:40,2025-04-07 02:23:40,74
25135,Industri Karet dan Plastik,49898,2025-09-04 10:53:09,2025-09-29 10:53:09,796
44207,Industri Pengolahan,18277,2025-07-27 03:31:19,2025-08-10 03:31:19,256
29962,Perdagangan Tekstil dan Pakaian,98487,2025-03-27 19:26:54,2025-04-24 19:26:54,678
49156,Industri Pengolahan,22037,2025-10-29 03:36:58,2025-11-12 03:36:58,450
76975,Perdagangan Tekstil dan Pakaian,67525,2025-01-05 21:56:41,2025-01-26 21:56:41,549
12752,Perdagangan Tekstil dan Pakaian,24819,2025-04-30 02:33:08,2025-05-18 02:33:08,307
56637,Perdagangan Bahan Makanan,72014,2025-07-12 21:30:28,2025-07-13 21:30:28,211
83097,Jasa Pergudangan,78889,2025-04-28 12:16:22,2025-05-02 12:16:22,934
89697,Aktivitas Keuangan dan Asuransi,12496,2025-01-05 07:38:55,2025-01-14 07:38:55,193
29232,Perdagangan Hasil Perkebunan,20597,2025-08-03 16:00:24,2025-08-13 16:00:24,174
45430,Jasa Real Estate,48505,2025-08-08 02:51:12,2025-08-28 02:51:12,993
72357,Perdagangan Besar dan Eceran,64177,2025-05-22 18:40:40,2025-06-05 18:40:40,168
68207,Industri Kertas,76475,2025-04-16 14:03:35,2025-05-05 14:03:35,571
78675,Perdagangan Hasil Pertanian,50332,2025-07-14 21:07:24,2025-07-23 21:07:24,531
33116,Jasa Informasi,91984,2025-05-23 10:40:29,2025-05-23 10:40:29,4
1820,Administrasi Pemerintahan,98605,2025-07-24 06:59:51,2025-08-10 06:59:51,826
59308,Perdagangan Tekstil dan Pakaian,66772,2025-08-30 09:57:06,2025-09-26 09:57:06,394
64130,Kesehatan Manusia dan Aktivitas Sosial,32621,2025-06-22 07:22:36,2025-07-06 07:22:36,932
47649,Industri Kayu,99109,2025-04-01 09:33:12,2025-04-27 09:33:12,705
5356,Industri Kulit,30982,2025-05-08 05:21:47,2025-05-24 05:21:47,775
24491,Jasa Hiburan,12479,2025-05-31 23:08:02,2025-06-13 23:08:02,123
95240,Jasa Perdagangan,95675,2025-08-21 11:42:49,2025-09-01 11:42:49,877
