talenta_interoperability_history_id,customer_identification_number,ip_address,completion_data,status,error_message,created_at,updated_at
1,PVNKVFSW987,103.78.24.26,JSON,Success,error,2025-06-02 19:58:55,2025-06-21 19:58:55
2,28FNRIMUORU,203.254.234.181,JSON,Pending,error,2025-04-06 08:43:16,2025-05-03 08:43:16
3,Y47TYPWD87A,114.164.226.196,JSON,Pending,error,2025-08-15 13:29:37,2025-08-20 13:29:37
4,IH2FI94VR62,103.163.31.113,JSON,Success,error,2025-02-01 06:12:00,2025-02-27 06:12:00
5,KO76ITF6LO1,202.126.200.6,JSON,Failed,error,2025-04-03 11:03:56,2025-04-09 11:03:56
6,HWT1E936F8O,202.79.185.33,JSON,Success,error,2025-03-26 13:40:16,2025-04-07 13:40:16
7,D1XONW5ZCV0,10.224.234.219,JSON,In-progress,error,2025-07-22 18:33:00,2025-08-03 18:33:00
8,5WQOFYFD2FS,180.162.59.223,JSON,Pending,error,2025-08-14 14:14:24,2025-08-30 14:14:24
9,MZ6Z907I5KX,10.66.180.153,JSON,In-progress,error,2025-01-19 17:20:49,2025-02-09 17:20:49
10,HL9J4INTNTS,202.22.14.2,JSON,Pending,error,2025-08-28 06:29:02,2025-09-09 06:29:02
11,75FBA91MVE0,192.168.216.208,JSON,In-progress,error,2025-05-30 15:42:51,2025-06-03 15:42:51
12,Z5NQ8BEG1WM,103.12.207.56,JSON,In-progress,error,2025-03-26 15:45:04,2025-04-25 15:45:04
13,Y5N39ALN1HF,180.217.234.49,JSON,Pending,error,2025-10-06 15:50:54,2025-10-09 15:50:54
14,AK1OZRUFDBM,103.83.3.49,JSON,Failed,error,2025-10-16 00:19:59,2025-10-16 00:19:59
15,299E0DGYTLO,202.176.136.98,JSON,Failed,error,2025-04-12 12:49:54,2025-04-25 12:49:54
16,KXALUD8BI2Y,202.209.206.61,JSON,Success,error,2024-12-27 21:57:48,2025-01-17 21:57:48
17,Q4NY5XNBQ7T,172.21.57.164,JSON,Pending,error,2025-05-29 19:03:24,2025-06-23 19:03:24
18,RVRV2AU0TJG,192.168.89.64,JSON,Success,error,2025-10-20 00:06:54,2025-10-21 00:06:54
19,GDWBBPGC860,114.93.175.88,JSON,Success,error,2025-06-15 05:33:51,2025-07-04 05:33:51
20,QNCFKA6HV0L,202.152.155.34,JSON,Success,error,2025-08-26 12:15:22,2025-09-18 12:15:22
21,K0SL0CEM1L5,10.235.101.32,JSON,Pending,error,2025-10-22 20:02:15,2025-11-04 20:02:15
22,1AIEKHJTIY8,203.90.248.6,JSON,Pending,error,2025-03-13 23:03:44,2025-03-26 23:03:44
23,67O33WKN1O2,10.72.11.251,JSON,Success,error,2025-02-27 03:49:47,2025-03-19 03:49:47
24,2KQ38EYITPZ,203.55.79.166,JSON,Success,error,2025-10-12 19:09:15,2025-10-18 19:09:15
25,ORY4OY7FQPC,103.127.214.61,JSON,Success,error,2025-08-18 20:57:17,2025-09-17 20:57:17
26,K7I6Z542E5E,192.168.183.74,JSON,Failed,error,2024-12-28 14:21:32,2025-01-02 14:21:32
27,AMKTW7U7F1K,10.161.241.85,JSON,Failed,error,2025-10-26 20:06:48,2025-11-09 20:06:48
28,DTWR1635KO9,10.36.211.187,JSON,In-progress,error,2025-05-12 17:48:39,2025-06-05 17:48:39
29,8UHXV19PE7S,192.168.87.232,JSON,In-progress,error,2025-10-17 02:10:34,2025-11-03 02:10:34
30,8JSHZH0BKIX,203.236.65.27,JSON,In-progress,error,2025-07-15 14:20:09,2025-08-02 14:20:09
31,X585993YGV8,10.213.255.162,JSON,Success,error,2025-06-13 01:16:26,2025-07-01 01:16:26
32,JHHPGEPPEMD,180.41.35.94,JSON,Pending,error,2025-07-20 14:50:30,2025-07-22 14:50:30
33,CHQ7QGB1NM6,172.31.245.210,JSON,Pending,error,2025-07-26 10:55:06,2025-07-26 10:55:06
34,2JN01NPDZAQ,192.168.44.56,JSON,Pending,error,2025-01-17 22:00:08,2025-01-27 22:00:08
35,DHWN971U9OG,10.88.24.79,JSON,Pending,error,2025-02-27 20:08:03,2025-03-05 20:08:03
36,QJ8DTTOQ43A,203.25.24.133,JSON,Success,error,2025-01-04 17:20:16,2025-01-28 17:20:16
37,0L3ASV4Y979,103.27.153.243,JSON,Success,error,2025-09-05 08:26:00,2025-10-01 08:26:00
38,R2UVXZTXE3D,180.96.243.51,JSON,Pending,error,2025-09-17 11:13:00,2025-10-15 11:13:00
39,O6KB3Q66QQL,103.189.162.75,JSON,In-progress,error,2025-06-16 13:22:03,2025-07-08 13:22:03
40,JE26EXF50GA,10.42.29.136,JSON,In-progress,error,2025-09-07 07:02:30,2025-10-04 07:02:30
41,T4K07UMRG1E,180.162.74.95,JSON,Failed,error,2025-10-03 01:27:23,2025-10-22 01:27:23
42,BRE1E69SBUD,10.244.138.38,JSON,Failed,error,2025-06-22 15:03:20,2025-07-02 15:03:20
43,6WX397GBKTQ,103.73.252.66,JSON,In-progress,error,2025-03-19 20:25:50,2025-04-07 20:25:50
44,KTW7NZUDSOG,103.82.118.226,JSON,In-progress,error,2025-06-19 03:21:24,2025-06-22 03:21:24
45,XGYAYGMC7QK,180.123.99.96,JSON,Pending,error,2025-02-28 17:58:04,2025-03-16 17:58:04
46,ZBOWD4PEUQG,10.130.56.98,JSON,In-progress,error,2025-02-06 15:44:47,2025-02-12 15:44:47
47,AVU1A2HFW9W,202.169.22.225,JSON,Pending,error,2025-02-10 22:25:50,2025-03-11 22:25:50
48,2323LG4R73V,103.78.208.115,JSON,Failed,error,2025-05-21 13:31:03,2025-06-14 13:31:03
49,AS0XB6HTTTM,192.168.182.158,JSON,Failed,error,2025-08-26 13:39:18,2025-09-04 13:39:18
50,SSVPKB4I9LQ,192.168.216.245,JSON,In-progress,error,2025-02-22 05:37:11,2025-03-15 05:37:11
51,XBB2K6OAL8Q,192.168.230.142,JSON,Success,error,2025-08-08 00:45:59,2025-08-27 00:45:59
52,A4BCNWYIPKM,10.159.81.249,JSON,Success,error,2025-08-12 05:49:38,2025-08-26 05:49:38
53,RM5X508TK9T,180.24.166.109,JSON,Failed,error,2025-06-23 07:06:27,2025-07-18 07:06:27
54,9SBKCQ5D6LO,192.168.5.205,JSON,Failed,error,2025-09-20 23:18:06,2025-10-15 23:18:06
55,3YY0N0IP00T,10.235.156.190,JSON,Success,error,2025-09-02 06:39:05,2025-09-24 06:39:05
56,1KKQDFZVHLF,103.72.144.183,JSON,Success,error,2025-05-01 12:10:15,2025-05-11 12:10:15
57,L9QMTX94BIZ,172.23.240.175,JSON,In-progress,error,2025-01-24 17:18:19,2025-02-20 17:18:19
58,O680MU29RHK,172.22.35.188,JSON,Failed,error,2025-03-28 09:56:13,2025-04-05 09:56:13
59,9H2E7KZN6RS,10.168.151.142,JSON,Failed,error,2025-03-14 08:09:12,2025-03-20 08:09:12
60,T06VER68UG3,192.168.177.49,JSON,Failed,error,2025-07-20 02:42:04,2025-07-24 02:42:04
61,9I0PBW84EHI,103.202.12.242,JSON,In-progress,error,2024-12-27 00:51:33,2025-01-22 00:51:33
62,V85IZOLVGCS,180.241.153.175,JSON,Failed,error,2025-08-18 19:57:24,2025-09-14 19:57:24
63,25XUDUZF4BI,180.56.115.77,JSON,Success,error,2025-01-28 22:02:12,2025-01-28 22:02:12
64,WAWU6Q81P22,10.162.226.26,JSON,Success,error,2025-06-11 03:49:50,2025-06-18 03:49:50
65,5N9MW96OG3T,192.168.187.244,JSON,Failed,error,2025-07-19 07:27:14,2025-08-18 07:27:14
66,HP4SZCU5HYI,10.233.113.228,JSON,Success,error,2025-06-16 17:20:17,2025-07-10 17:20:17
67,U4NYXS152AS,172.27.85.102,JSON,Pending,error,2025-08-25 14:32:36,2025-08-28 14:32:36
68,LNN1CNJ5U3H,172.31.160.44,JSON,Success,error,2025-04-25 12:21:06,2025-05-13 12:21:06
69,N070LZQWOPI,180.28.1.247,JSON,In-progress,error,2025-02-20 03:41:32,2025-02-26 03:41:32
70,TFDW6M09XC3,180.35.88.227,JSON,In-progress,error,2025-03-20 08:35:23,2025-04-09 08:35:23
71,BJXOHFIX8E6,202.179.231.37,JSON,Failed,error,2025-07-15 07:13:41,2025-07-26 07:13:41
72,SL5K243TY97,202.222.42.192,JSON,In-progress,error,2025-07-30 22:29:25,2025-08-29 22:29:25
73,VC9TRMW2TTW,114.181.190.15,JSON,Failed,error,2025-05-29 20:38:22,2025-06-14 20:38:22
74,TURU5LA0G0T,172.28.222.207,JSON,Success,error,2025-10-26 11:11:56,2025-10-29 11:11:56
75,4GLBI17ED65,114.52.89.49,JSON,Pending,error,2025-05-04 12:43:16,2025-05-06 12:43:16
76,GNZZU2HZGJD,203.222.185.138,JSON,Pending,error,2025-05-29 02:09:17,2025-06-12 02:09:17
77,K06GI4MPST1,203.162.159.43,JSON,In-progress,error,2025-06-25 09:31:37,2025-07-11 09:31:37
78,R4HP91B9YS8,114.233.116.110,JSON,Pending,error,2025-03-04 00:32:53,2025-03-29 00:32:53
79,2FS5I9M15BN,10.119.77.213,JSON,Failed,error,2025-06-11 14:13:16,2025-07-05 14:13:16
80,EZ3BCF75T82,114.185.2.40,JSON,Success,error,2025-07-16 00:09:21,2025-08-06 00:09:21
81,6Y0XKTPCO2G,203.178.46.211,JSON,Pending,error,2025-02-21 12:51:29,2025-03-02 12:51:29
82,IA3DV86ENJ9,203.47.140.109,JSON,Pending,error,2025-03-06 07:00:09,2025-03-09 07:00:09
83,X4BRWDMR6IJ,172.25.175.83,JSON,Pending,error,2025-07-30 22:17:46,2025-08-28 22:17:46
84,XY1VTDZIX5I,172.21.54.106,JSON,Pending,error,2025-10-29 17:20:16,2025-11-28 17:20:16
85,N2T0L88UNJ5,202.114.193.177,JSON,Failed,error,2025-06-23 21:17:42,2025-07-01 21:17:42
86,C0MH97BL5CA,10.230.59.203,JSON,In-progress,error,2025-02-10 10:06:43,2025-02-11 10:06:43
87,GP1UCFLHDJF,103.43.151.253,JSON,Success,error,2025-02-20 20:50:16,2025-03-03 20:50:16
88,GRJH9CSLKQ4,10.111.217.83,JSON,Success,error,2025-09-27 20:26:16,2025-10-06 20:26:16
89,4BSOVG8D1H1,203.171.235.133,JSON,Failed,error,2025-10-02 22:30:42,2025-10-14 22:30:42
90,F0HH6BM4ZZE,180.19.251.135,JSON,Success,error,2025-03-02 16:12:03,2025-03-13 16:12:03
91,PA2T0FKW57B,180.50.20.28,JSON,Pending,error,2025-08-20 21:20:35,2025-09-09 21:20:35
92,3QX7Y1RJ292,172.22.186.10,JSON,Failed,error,2025-01-25 21:57:44,2025-01-25 21:57:44
93,LIVALSZ0GR3,202.150.56.141,JSON,Pending,error,2025-05-14 09:07:09,2025-06-09 09:07:09
94,99RQOI1Z8Q4,180.97.42.64,JSON,Success,error,2025-04-05 12:32:00,2025-04-30 12:32:00
95,98SCMOOQIYI,203.186.124.140,JSON,In-progress,error,2025-01-13 09:04:50,2025-01-22 09:04:50
96,7LOXN6AVRK7,180.238.146.168,JSON,In-progress,error,2025-01-20 23:53:39,2025-01-26 23:53:39
97,N1PTDKCNJXB,202.236.42.79,JSON,In-progress,error,2025-09-15 16:21:33,2025-09-17 16:21:33
98,DOL1TB8XY9R,202.216.82.49,JSON,Pending,error,2025-10-08 06:02:45,2025-10-24 06:02:45
99,HB8YUCHBKLS,103.46.124.28,JSON,Failed,error,2025-08-27 06:06:28,2025-09-15 06:06:28
100,54K7WWD7DCB,180.193.128.55,JSON,Pending,error,2025-09-18 20:31:50,2025-10-14 20:31:50
101,HHIK2SRKJS6,192.168.3.216,JSON,Pending,error,2025-04-10 03:57:54,2025-04-16 03:57:54
102,DSY5H19E0P9,10.27.201.80,JSON,In-progress,error,2025-01-28 16:57:57,2025-02-05 16:57:57
103,H8M7FEUPN8I,114.21.196.221,JSON,Success,error,2025-09-29 19:56:26,2025-10-19 19:56:26
104,JRRDNWE1W7C,202.1.11.214,JSON,Failed,error,2025-01-28 15:23:15,2025-02-04 15:23:15
105,WYBX64Z7L2P,203.254.98.157,JSON,Pending,error,2025-07-08 09:47:38,2025-07-26 09:47:38
106,B2FVXOXXUO3,103.170.136.231,JSON,In-progress,error,2025-04-30 06:44:05,2025-05-15 06:44:05
107,QFQ5JRG97SN,203.169.148.100,JSON,Pending,error,2025-03-16 14:58:51,2025-04-12 14:58:51
108,MF2WDTE4S4Y,192.168.124.93,JSON,In-progress,error,2025-01-06 04:26:42,2025-01-09 04:26:42
109,LNDV03OTCP5,10.38.70.172,JSON,Success,error,2025-09-10 02:10:16,2025-10-08 02:10:16
110,0JTO1O0TMNN,203.124.62.40,JSON,Failed,error,2025-09-03 05:26:42,2025-09-12 05:26:42
111,5Z2VBRVK6C0,180.78.170.122,JSON,In-progress,error,2025-09-28 10:46:08,2025-10-08 10:46:08
112,ZEQBOMLM00B,103.250.22.77,JSON,Success,error,2025-07-06 05:55:02,2025-07-16 05:55:02
113,MWYB6SLSQJA,192.168.32.195,JSON,Success,error,2025-03-15 17:08:21,2025-03-21 17:08:21
114,YP4JI7DZC6N,103.195.35.119,JSON,Failed,error,2025-09-19 23:08:39,2025-10-16 23:08:39
115,RU0N221R4ZE,114.127.245.242,JSON,In-progress,error,2025-06-14 03:49:58,2025-07-10 03:49:58
116,FXJ2UAZ7GOP,202.79.203.245,JSON,Pending,error,2025-09-21 05:15:43,2025-10-05 05:15:43
117,0SJCVO888VF,172.25.149.139,JSON,Failed,error,2025-09-17 13:06:35,2025-09-19 13:06:35
118,28QV4JAA7PV,114.82.236.62,JSON,Failed,error,2025-02-22 22:04:41,2025-02-26 22:04:41
119,5RRPTY65PXN,203.228.216.50,JSON,Pending,error,2025-02-15 19:16:54,2025-03-15 19:16:54
120,VKF5YSSI3PM,202.250.139.191,JSON,In-progress,error,2025-10-14 18:00:26,2025-10-20 18:00:26
121,UH1EI8CAFFF,203.25.47.24,JSON,Failed,error,2025-07-05 12:21:21,2025-07-25 12:21:21
122,RPP0RMCC3YN,172.16.237.49,JSON,In-progress,error,2025-07-21 20:29:21,2025-07-29 20:29:21
123,ZR6IZNY4V8Z,202.182.247.249,JSON,Success,error,2025-10-16 03:10:52,2025-10-26 03:10:52
124,EF0BWCB9VMP,192.168.43.92,JSON,In-progress,error,2025-10-02 03:29:14,2025-10-08 03:29:14
125,02BWTN4QETM,172.21.183.145,JSON,Failed,error,2025-03-25 16:51:23,2025-04-12 16:51:23
126,X6YGGF9BHSF,103.36.250.201,JSON,Failed,error,2025-06-12 23:30:16,2025-06-17 23:30:16
127,45M1VYIJ9J1,203.33.29.8,JSON,In-progress,error,2025-01-12 23:23:51,2025-02-05 23:23:51
128,067LUE6ETBW,114.199.48.138,JSON,Success,error,2025-07-24 17:00:49,2025-08-23 17:00:49
129,SKZK8YNPKGC,203.16.190.10,JSON,Pending,error,2025-10-11 00:20:12,2025-11-05 00:20:12
130,JJBQ9T5QCZT,202.223.110.157,JSON,Success,error,2025-09-03 12:59:10,2025-09-21 12:59:10
131,6YRBEQ9Z7CG,114.15.87.146,JSON,In-progress,error,2025-01-15 16:11:09,2025-01-26 16:11:09
132,ZSGQ8LEA7LG,180.27.25.38,JSON,Success,error,2025-08-28 15:51:10,2025-09-02 15:51:10
133,K3P8R1CZNR3,192.168.81.84,JSON,Failed,error,2025-02-23 22:25:08,2025-03-17 22:25:08
134,87LS3SYKW9R,192.168.3.161,JSON,Failed,error,2025-06-07 04:44:43,2025-06-29 04:44:43
135,7048DFO5QLQ,180.193.134.74,JSON,Failed,error,2025-03-09 18:36:51,2025-03-12 18:36:51
136,EZAY514WJ6T,172.28.2.43,JSON,Pending,error,2025-02-03 21:04:50,2025-02-15 21:04:50
137,4Y3QPEAKVVI,180.205.45.30,JSON,Failed,error,2025-08-28 01:36:01,2025-09-25 01:36:01
138,98HRC037OW3,10.115.101.92,JSON,Success,error,2025-09-16 05:51:16,2025-10-02 05:51:16
139,T8Z4804IFXG,114.104.226.198,JSON,Failed,error,2025-08-25 20:38:00,2025-09-04 20:38:00
140,KJ8Y0H9Q025,114.56.108.65,JSON,Success,error,2025-01-12 18:01:42,2025-01-27 18:01:42
141,W1TN1B4T3Y4,172.28.136.107,JSON,Pending,error,2025-03-11 01:16:05,2025-03-19 01:16:05
142,CLL12M1OYNU,203.94.213.176,JSON,In-progress,error,2025-06-03 07:48:32,2025-06-22 07:48:32
143,CT36FXOLH0S,114.151.177.171,JSON,Success,error,2025-05-14 03:23:21,2025-06-11 03:23:21
144,B4UMYYSF07C,114.171.207.139,JSON,Failed,error,2025-03-05 09:31:19,2025-03-30 09:31:19
145,9Y6ZGWGIXMB,203.222.103.226,JSON,Failed,error,2025-05-31 17:04:36,2025-06-26 17:04:36
146,LK64QSVVF2M,114.46.211.214,JSON,Pending,error,2025-02-16 18:28:49,2025-03-10 18:28:49
147,GJ6PYC72PE4,203.108.65.92,JSON,Failed,error,2025-04-12 09:25:03,2025-04-12 09:25:03
148,AYWJ5PPXVVC,103.79.62.220,JSON,In-progress,error,2025-04-05 18:50:20,2025-04-07 18:50:20
149,7FW2X4B2AJ7,192.168.12.243,JSON,In-progress,error,2025-08-30 12:20:41,2025-09-11 12:20:41
150,HGF7161ZKR2,202.115.16.143,JSON,Success,error,2025-06-23 14:56:49,2025-07-18 14:56:49
151,J6XJZHEMBIS,114.47.87.252,JSON,Pending,error,2025-03-09 23:26:01,2025-03-15 23:26:01
152,4JRHG2HRQE1,103.21.190.153,JSON,Failed,error,2025-06-22 23:09:39,2025-07-19 23:09:39
153,831R3YB51L6,192.168.78.139,JSON,Pending,error,2025-06-27 14:38:50,2025-07-10 14:38:50
154,T6FO7N0K4T3,202.182.231.66,JSON,Success,error,2025-09-14 13:22:22,2025-09-24 13:22:22
155,EZ93TAWBPZW,180.13.85.231,JSON,Failed,error,2025-03-03 10:54:38,2025-03-25 10:54:38
156,Q2TB52N0FY4,172.31.3.23,JSON,Pending,error,2025-06-11 15:40:30,2025-06-14 15:40:30
157,J16OEE06UOP,172.28.118.185,JSON,Failed,error,2025-09-19 16:35:16,2025-10-12 16:35:16
158,9S2QID4BDK2,10.57.145.42,JSON,Failed,error,2025-03-02 00:37:08,2025-03-11 00:37:08
159,8ZB1BOG9MYL,180.19.230.247,JSON,Failed,error,2025-08-22 12:33:36,2025-09-08 12:33:36
160,BFG36FZJENB,202.119.114.96,JSON,Failed,error,2025-02-16 00:56:31,2025-02-19 00:56:31
161,INNPMZJZUWU,103.61.41.244,JSON,Failed,error,2025-03-25 14:52:06,2025-04-18 14:52:06
162,QQE06ONTQHG,203.82.42.235,JSON,Success,error,2025-03-09 04:21:18,2025-04-02 04:21:18
163,UZGZCQCLASV,103.145.244.32,JSON,Pending,error,2025-09-12 04:20:28,2025-09-22 04:20:28
164,3PODJW20IOP,10.75.245.111,JSON,Failed,error,2025-09-06 14:53:25,2025-09-26 14:53:25
165,K9H8VHWL6TV,103.179.182.182,JSON,Success,error,2025-06-17 23:34:01,2025-07-14 23:34:01
166,71CBVP1I8LR,103.54.234.89,JSON,In-progress,error,2025-04-27 00:08:36,2025-05-23 00:08:36
167,ED75RGKJMK9,203.207.69.81,JSON,Pending,error,2025-01-16 19:19:43,2025-02-15 19:19:43
168,ITVYLIUU849,192.168.189.83,JSON,Success,error,2025-09-09 06:23:46,2025-09-18 06:23:46
169,0SWJK746YZK,202.209.213.177,JSON,Success,error,2025-01-24 13:32:45,2025-02-19 13:32:45
170,TC6BISL95AU,180.120.165.29,JSON,In-progress,error,2025-02-05 11:01:59,2025-02-06 11:01:59
171,VSUUYGMKM0Z,114.201.234.213,JSON,Pending,error,2025-02-28 12:38:57,2025-03-06 12:38:57
172,8FZ02PH4G7T,172.25.97.43,JSON,In-progress,error,2025-05-01 13:07:42,2025-05-17 13:07:42
173,W8G550CP7RG,203.55.17.40,JSON,Pending,error,2025-06-06 00:00:55,2025-06-24 00:00:55
174,4HRIQQDLWJ4,203.232.111.120,JSON,Pending,error,2025-04-04 22:35:52,2025-04-28 22:35:52
175,Y4HYTYVZFWM,202.205.49.236,JSON,In-progress,error,2025-04-09 16:28:58,2025-04-10 16:28:58
176,995Y35ERWSO,180.62.188.55,JSON,Success,error,2025-05-20 11:04:02,2025-05-28 11:04:02
177,D18EPEWY0LD,10.146.111.136,JSON,Failed,error,2025-01-27 19:38:39,2025-02-07 19:38:39
178,GOXG3SYFHUX,114.87.57.156,JSON,In-progress,error,2025-08-13 15:32:12,2025-09-10 15:32:12
179,5IL6CDCATNK,192.168.190.155,JSON,Failed,error,2025-10-26 21:57:03,2025-11-23 21:57:03
180,8ADBXFBG0H5,180.250.81.64,JSON,In-progress,error,2025-06-19 01:48:47,2025-07-07 01:48:47
181,QWK0GRS3GZS,114.105.251.4,JSON,Failed,error,2025-09-23 05:25:40,2025-10-22 05:25:40
182,MUJIEAVMROS,10.191.81.244,JSON,Success,error,2025-03-13 15:59:22,2025-03-29 15:59:22
183,AQ7OUEZFJUE,192.168.78.125,JSON,Pending,error,2025-02-20 15:27:08,2025-03-01 15:27:08
184,9E8CXGILW94,103.82.49.123,JSON,In-progress,error,2025-01-16 05:47:53,2025-02-11 05:47:53
185,U5PMXAUBWSD,180.81.66.25,JSON,Pending,error,2025-10-20 15:03:30,2025-10-30 15:03:30
186,C61SHS7TP0U,172.19.132.16,JSON,Failed,error,2025-04-30 12:24:59,2025-05-09 12:24:59
187,ODER7K7IMCX,202.87.182.171,JSON,In-progress,error,2025-08-26 08:42:34,2025-09-19 08:42:34
188,JJPSQEYTRX3,103.43.158.148,JSON,Failed,error,2025-09-27 00:25:08,2025-10-21 00:25:08
189,SX6KX4OJJRP,192.168.27.199,JSON,Pending,error,2025-07-22 01:23:14,2025-08-11 01:23:14
190,E0NVBL0MXJR,203.183.2.226,JSON,Pending,error,2025-07-21 18:14:46,2025-08-10 18:14:46
191,T9J7X58GBO2,103.216.144.139,JSON,In-progress,error,2025-05-10 15:42:06,2025-05-25 15:42:06
192,GFQZI8PYI95,180.73.20.178,JSON,Success,error,2025-02-01 15:49:08,2025-02-09 15:49:08
193,4G4W4DDQTXK,10.163.99.142,JSON,Pending,error,2025-01-24 08:35:20,2025-02-11 08:35:20
194,IGQ2H3CKMTL,180.129.244.93,JSON,Failed,error,2025-06-02 16:30:13,2025-06-07 16:30:13
195,JDQ8T6QCU45,114.121.154.108,JSON,Failed,error,2025-03-16 11:06:01,2025-04-03 11:06:01
196,GHRGQWVM8H1,172.20.168.83,JSON,Failed,error,2025-04-06 18:24:16,2025-04-06 18:24:16
197,UX3CD8D1YTK,180.237.226.66,JSON,Failed,error,2025-05-07 08:12:02,2025-05-27 08:12:02
198,MQWQP4ZVKFZ,192.168.17.11,JSON,In-progress,error,2025-05-02 16:43:48,2025-05-22 16:43:48
199,R9JRI3Q5QCS,203.140.90.204,JSON,Failed,error,2025-03-10 07:20:30,2025-04-08 07:20:30
200,6850QNM50E5,103.93.163.184,JSON,In-progress,error,2025-01-27 11:08:00,2025-01-30 11:08:00
201,WK2PQBT09K5,203.130.87.29,JSON,In-progress,error,2025-02-11 14:07:37,2025-02-21 14:07:37
202,L1RWZOH8U25,172.25.180.79,JSON,In-progress,error,2025-06-18 14:46:39,2025-06-20 14:46:39
203,KJFBLLQG98I,172.22.67.225,JSON,In-progress,error,2025-05-29 19:04:27,2025-06-21 19:04:27
204,CTB2H7WXWX8,114.81.133.234,JSON,Success,error,2025-04-28 17:11:51,2025-05-10 17:11:51
205,4ZM6WM20BDL,192.168.161.172,JSON,Pending,error,2025-03-18 00:22:36,2025-03-30 00:22:36
206,S7WUXHWUC11,114.207.103.140,JSON,Success,error,2025-03-02 22:16:39,2025-03-03 22:16:39
207,7AAYW43VEWR,192.168.249.205,JSON,In-progress,error,2025-09-08 17:51:29,2025-09-24 17:51:29
208,F8IHS5AEC0O,180.84.217.74,JSON,Pending,error,2025-07-28 02:13:19,2025-08-06 02:13:19
209,QE5TP765KPA,103.131.9.193,JSON,Failed,error,2025-03-14 17:56:33,2025-04-02 17:56:33
210,ICTDXOJC354,202.246.42.191,JSON,Failed,error,2025-04-07 05:10:35,2025-04-20 05:10:35
211,RDRHJ6NL9J5,10.216.27.179,JSON,Failed,error,2025-01-26 18:30:51,2025-02-07 18:30:51
212,8JQL01J1GQC,172.19.173.171,JSON,In-progress,error,2025-08-21 23:57:45,2025-09-06 23:57:45
213,RS4H6J6XARX,203.229.175.117,JSON,Failed,error,2025-10-28 00:34:49,2025-11-15 00:34:49
214,K0AUOV8EKQU,192.168.178.18,JSON,In-progress,error,2025-06-12 08:42:34,2025-06-25 08:42:34
215,5LGGP2G3W2V,203.218.84.208,JSON,In-progress,error,2025-07-20 00:44:57,2025-08-14 00:44:57
216,NFULHJSUPWN,172.29.246.98,JSON,Success,error,2025-03-18 02:59:13,2025-04-12 02:59:13
217,KVQGKSGAU25,10.204.20.57,JSON,Success,error,2025-05-31 09:38:55,2025-06-22 09:38:55
218,OVZI71IIJSV,114.108.141.35,JSON,Success,error,2025-05-26 23:44:33,2025-06-12 23:44:33
219,VPS8QIRO1OG,10.72.141.40,JSON,Failed,error,2025-07-04 20:02:20,2025-07-30 20:02:20
220,31SIQ8DS3XR,192.168.10.32,JSON,Pending,error,2025-02-21 03:31:58,2025-03-13 03:31:58
221,H5W50SRK0ZT,192.168.132.71,JSON,Pending,error,2025-10-11 12:06:50,2025-10-16 12:06:50
222,C58YD74N6Y7,103.211.19.207,JSON,In-progress,error,2025-05-27 12:26:21,2025-06-06 12:26:21
223,QGYJSTAL3OV,192.168.160.36,JSON,Pending,error,2025-06-01 22:04:00,2025-06-19 22:04:00
224,45LLLPM3TXJ,202.159.122.38,JSON,In-progress,error,2024-12-30 19:56:08,2025-01-28 19:56:08
225,MM4XDE0UFEX,103.16.40.227,JSON,In-progress,error,2025-06-04 02:06:57,2025-07-04 02:06:57
226,MJGXTKWS72F,180.236.150.47,JSON,Failed,error,2025-09-10 15:30:13,2025-09-24 15:30:13
227,N74EM6CTYB9,103.228.158.41,JSON,Pending,error,2025-10-07 20:58:14,2025-10-19 20:58:14
228,3RQY3KO3M52,103.136.119.245,JSON,Pending,error,2025-01-02 21:15:30,2025-01-26 21:15:30
229,UW8IPODVPRK,172.29.22.3,JSON,Success,error,2025-04-20 13:54:55,2025-04-23 13:54:55
230,1ZWCF9RZ1I9,172.22.51.76,JSON,In-progress,error,2025-06-02 06:42:53,2025-06-16 06:42:53
231,BRP1EDW41DD,202.57.123.231,JSON,In-progress,error,2025-05-02 04:48:56,2025-05-23 04:48:56
232,K2SCD25JOAQ,172.29.91.177,JSON,Failed,error,2025-04-30 06:16:22,2025-05-08 06:16:22
233,OHZ51Y9K865,114.90.244.61,JSON,Success,error,2024-12-31 22:17:28,2025-01-26 22:17:28
234,ME0M0UVG1NN,203.129.18.91,JSON,In-progress,error,2025-09-19 09:03:02,2025-10-19 09:03:02
235,H49WDP62DQF,202.51.140.242,JSON,Failed,error,2025-03-21 04:51:23,2025-04-10 04:51:23
236,7ISCXYC5HCS,192.168.239.11,JSON,Failed,error,2025-08-23 00:15:29,2025-09-19 00:15:29
237,AGDU2R2K5UE,202.141.181.102,JSON,Success,error,2025-04-27 19:41:48,2025-05-11 19:41:48
238,Z3LWSJ38NLA,192.168.100.16,JSON,Failed,error,2025-10-08 11:23:01,2025-10-20 11:23:01
239,5WHV4IYP5S1,10.243.139.139,JSON,Success,error,2025-08-29 12:52:33,2025-09-03 12:52:33
240,RA8DPOUI2P7,10.98.93.74,JSON,In-progress,error,2025-03-17 06:02:54,2025-04-14 06:02:54
241,21IBH7JZGG6,114.98.81.99,JSON,Pending,error,2025-08-16 09:39:31,2025-09-06 09:39:31
242,CYOP7ZEB0HU,192.168.192.64,JSON,Pending,error,2025-09-12 19:53:12,2025-09-14 19:53:12
243,QV1M0QSV3DU,180.69.195.101,JSON,Pending,error,2025-05-21 08:50:55,2025-05-31 08:50:55
244,FNF4Q3IKHKQ,180.22.107.138,JSON,Success,error,2025-03-08 10:38:47,2025-04-05 10:38:47
245,XCNZIF27XXV,203.165.19.56,JSON,Failed,error,2025-09-03 16:29:07,2025-09-18 16:29:07
246,SIXV74J782S,202.198.166.60,JSON,Success,error,2025-10-16 20:47:27,2025-11-03 20:47:27
247,VXCB48YVPMP,180.214.38.116,JSON,Failed,error,2025-07-25 01:37:15,2025-08-15 01:37:15
248,FX5KTPPZLR5,180.164.203.151,JSON,Pending,error,2024-12-30 00:12:47,2025-01-08 00:12:47
249,IV3Z7RMS0HW,202.244.247.227,JSON,Pending,error,2025-10-10 15:46:53,2025-10-21 15:46:53
250,ZYU1HMI0FK8,114.26.148.194,JSON,Failed,error,2025-07-20 13:20:09,2025-07-30 13:20:09
251,N25VT3EXYJ6,114.98.208.58,JSON,Pending,error,2025-10-07 01:57:44,2025-10-27 01:57:44
252,DOQ383HNISY,180.252.129.182,JSON,In-progress,error,2025-03-27 03:33:56,2025-04-08 03:33:56
253,K30SD6EGE3O,180.254.24.237,JSON,In-progress,error,2024-12-31 08:36:21,2025-01-05 08:36:21
254,UI3CCSBS1QO,10.170.213.6,JSON,Success,error,2024-12-31 19:55:18,2025-01-10 19:55:18
255,BLW4PKCIJ1E,203.162.120.73,JSON,Pending,error,2025-01-27 19:26:12,2025-02-26 19:26:12
256,35HNUNAG88W,114.238.231.51,JSON,Success,error,2025-06-14 05:24:08,2025-07-11 05:24:08
257,TW2AUQP1HC3,192.168.242.19,JSON,In-progress,error,2025-10-08 00:55:17,2025-10-25 00:55:17
258,23SDAZD49XN,10.18.171.199,JSON,Success,error,2025-10-10 05:23:13,2025-11-04 05:23:13
259,PSQJRH2E5JU,10.33.46.38,JSON,In-progress,error,2025-06-27 08:44:22,2025-07-01 08:44:22
260,4SWF86T9L0N,114.39.213.75,JSON,Success,error,2025-05-01 05:43:05,2025-05-01 05:43:05
261,I1KYKYELTE1,203.14.243.147,JSON,Success,error,2025-08-11 14:20:25,2025-08-18 14:20:25
262,FOIRMTNHLFN,10.75.12.127,JSON,Failed,error,2025-05-02 05:39:17,2025-05-08 05:39:17
263,T77EXP2E4Y7,103.56.58.29,JSON,Failed,error,2025-07-22 04:28:09,2025-08-20 04:28:09
264,RE9K4R4WJEQ,202.177.49.46,JSON,In-progress,error,2025-04-03 04:15:36,2025-04-29 04:15:36
265,ONC3WHFQXUN,10.236.73.111,JSON,Success,error,2025-06-25 12:57:04,2025-07-21 12:57:04
266,KFS63A6JPRB,202.167.22.84,JSON,Pending,error,2025-03-13 20:51:23,2025-03-29 20:51:23
267,CD1AV2NGICD,203.204.137.15,JSON,In-progress,error,2025-06-24 20:34:18,2025-07-11 20:34:18
268,X28735ZT81F,172.19.164.115,JSON,Failed,error,2025-06-20 03:04:00,2025-07-11 03:04:00
269,25R2NWN76F8,172.29.95.87,JSON,In-progress,error,2025-02-03 06:17:59,2025-02-20 06:17:59
270,ZOBORN3VZFY,202.15.224.121,JSON,Pending,error,2025-05-21 09:53:03,2025-05-23 09:53:03
271,9S3DTDC2FR2,202.198.86.109,JSON,In-progress,error,2025-08-05 22:48:39,2025-08-20 22:48:39
272,RDOAH1PTQ5I,10.249.126.225,JSON,Success,error,2025-07-15 03:28:14,2025-07-22 03:28:14
273,5ZBZBNVK69L,103.6.169.9,JSON,Pending,error,2025-02-02 09:48:40,2025-03-01 09:48:40
274,B7LH8WH0MBY,103.68.174.142,JSON,Success,error,2025-04-09 04:37:23,2025-05-07 04:37:23
275,BNZ976FN8JH,202.114.3.126,JSON,In-progress,error,2025-08-15 05:50:43,2025-09-02 05:50:43
276,XPPK0F1F3Y0,10.171.220.240,JSON,Failed,error,2025-02-03 22:16:34,2025-02-10 22:16:34
277,NYY21G2KYW2,103.140.145.212,JSON,Success,error,2025-08-14 10:13:05,2025-09-10 10:13:05
278,QRCX8CON429,202.119.180.231,JSON,In-progress,error,2025-06-29 04:47:49,2025-07-01 04:47:49
279,3VDLYTFBKUB,203.200.195.5,JSON,Pending,error,2025-08-19 21:54:24,2025-08-26 21:54:24
280,9I8FTJTQ6IG,172.27.124.98,JSON,Failed,error,2025-09-11 10:14:26,2025-09-16 10:14:26
281,F9FW309ENE1,103.79.221.12,JSON,Failed,error,2025-01-02 12:02:41,2025-01-07 12:02:41
282,0HD8IF0O72P,103.14.188.99,JSON,Pending,error,2025-01-24 22:27:51,2025-02-08 22:27:51
283,HVDZW395NTW,192.168.192.211,JSON,Failed,error,2025-10-14 03:00:46,2025-10-18 03:00:46
284,Q75Z8FIWHQ2,103.99.211.99,JSON,Failed,error,2025-05-17 10:06:46,2025-06-14 10:06:46
285,1N3ODEUN94X,203.20.123.78,JSON,Failed,error,2025-09-15 19:01:36,2025-10-04 19:01:36
286,0OUCW1BKZKM,203.211.110.74,JSON,Pending,error,2025-05-29 19:48:06,2025-06-15 19:48:06
287,05B6IAEZK7B,10.86.153.30,JSON,In-progress,error,2025-06-24 13:19:10,2025-06-24 13:19:10
288,QGFGP82TYLX,180.181.98.242,JSON,Failed,error,2025-04-02 10:36:12,2025-04-02 10:36:12
289,IEOQXBC0ZH6,114.148.57.51,JSON,Failed,error,2025-04-07 22:16:01,2025-04-20 22:16:01
290,I62864B46W4,180.15.218.221,JSON,Failed,error,2025-02-27 14:28:02,2025-03-07 14:28:02
291,KYB9KKB82YK,202.85.186.225,JSON,Pending,error,2025-05-05 16:39:17,2025-05-09 16:39:17
292,U8NZ6AZ9XGB,192.168.220.40,JSON,Pending,error,2025-02-12 10:38:41,2025-03-03 10:38:41
293,IBUTP7BFX5L,114.5.97.114,JSON,Failed,error,2025-02-24 15:55:21,2025-03-21 15:55:21
294,ZPWR4T2LJ5T,103.23.184.57,JSON,Success,error,2025-10-04 09:16:14,2025-10-04 09:16:14
295,GT8QSU92YBV,203.162.197.74,JSON,Failed,error,2025-08-27 20:18:53,2025-09-02 20:18:53
296,OTRYXCTD0DI,180.111.78.132,JSON,Failed,error,2025-10-05 11:11:53,2025-10-30 11:11:53
297,01E7HJNUVFL,103.65.230.184,JSON,Pending,error,2025-07-31 07:46:36,2025-08-26 07:46:36
298,2K90IK8OFZT,202.57.29.16,JSON,Pending,error,2025-05-01 03:39:29,2025-05-26 03:39:29
299,EJO998V3HLU,180.157.139.119,JSON,Success,error,2025-05-21 09:34:27,2025-06-06 09:34:27
300,NU5GGWKQVO1,10.221.49.121,JSON,Success,error,2025-06-28 11:45:42,2025-07-24 11:45:42
301,U7U8ASZ0JJH,114.223.130.80,JSON,Failed,error,2025-06-26 20:34:04,2025-07-08 20:34:04
302,KOLDLWT08G8,202.54.63.27,JSON,Success,error,2025-08-29 10:27:56,2025-09-07 10:27:56
303,SZNX7XC5NHZ,172.23.21.200,JSON,Success,error,2025-02-09 18:55:01,2025-02-17 18:55:01
304,LIT0965EH08,180.68.154.36,JSON,Pending,error,2025-06-15 13:42:20,2025-07-11 13:42:20
305,I4WF0DH3UGV,114.132.123.93,JSON,Failed,error,2025-05-12 19:42:35,2025-05-21 19:42:35
306,C4YIOJ8M7WN,103.101.66.103,JSON,Failed,error,2025-02-07 08:03:08,2025-02-10 08:03:08
307,TGJKUGPVBYS,10.249.82.107,JSON,In-progress,error,2025-10-11 04:32:37,2025-11-02 04:32:37
308,2E3NDX50CG0,203.168.147.226,JSON,Pending,error,2025-01-12 18:17:12,2025-02-11 18:17:12
309,MWYOBI0C6LH,114.92.34.141,JSON,Failed,error,2025-01-23 12:48:44,2025-01-25 12:48:44
310,ZTURKB515WZ,202.201.232.186,JSON,In-progress,error,2025-02-03 21:15:12,2025-02-10 21:15:12
311,UXHFSCI4SFQ,203.247.228.225,JSON,Pending,error,2025-06-04 22:27:31,2025-06-23 22:27:31
312,Z99FWYBJL6K,10.226.210.191,JSON,Pending,error,2025-03-26 10:10:13,2025-04-16 10:10:13
313,LMVO5B40VHH,172.17.153.87,JSON,Pending,error,2025-02-14 11:38:11,2025-03-09 11:38:11
314,ELG5NNFIJ4A,192.168.88.207,JSON,Success,error,2025-09-24 15:58:14,2025-09-26 15:58:14
315,X0UEU98CIW7,192.168.191.150,JSON,Success,error,2025-03-30 14:53:48,2025-04-27 14:53:48
316,5E61BOZ8YQ1,10.133.136.71,JSON,Failed,error,2025-02-12 22:06:23,2025-02-15 22:06:23
317,XQAAG1E8SBM,172.24.132.175,JSON,Success,error,2025-07-22 03:54:23,2025-07-24 03:54:23
318,8FVR7SQLCEG,203.89.97.122,JSON,Failed,error,2025-02-10 09:50:43,2025-03-10 09:50:43
319,YBKZZ695OBX,203.182.6.186,JSON,In-progress,error,2025-07-26 17:38:35,2025-08-06 17:38:35
320,T8E7R0TOQCY,10.197.58.177,JSON,In-progress,error,2025-07-14 20:29:34,2025-07-25 20:29:34
321,40T2DEJQEWD,172.19.15.254,JSON,In-progress,error,2025-03-14 05:07:59,2025-03-31 05:07:59
322,1PVKT48QT4F,103.12.172.207,JSON,In-progress,error,2025-01-16 19:28:11,2025-02-15 19:28:11
323,9L72F6W8WNE,114.35.151.211,JSON,Pending,error,2025-06-05 17:55:55,2025-06-20 17:55:55
324,GF67S4OWNJW,114.101.54.240,JSON,Failed,error,2025-01-19 10:58:40,2025-02-15 10:58:40
325,KUPREDW2T01,103.226.28.63,JSON,Success,error,2025-08-14 16:51:28,2025-08-21 16:51:28
326,NSM3GCZNMFU,202.229.9.106,JSON,Failed,error,2025-06-15 16:32:58,2025-07-08 16:32:58
327,AL9735IBRFK,180.35.254.185,JSON,Success,error,2025-07-07 15:29:15,2025-08-02 15:29:15
328,56NGLTCMH2S,114.143.75.245,JSON,Success,error,2025-01-16 19:01:39,2025-02-15 19:01:39
329,RQCHM2DVDD7,10.211.109.167,JSON,Success,error,2025-02-16 20:24:09,2025-03-01 20:24:09
330,5KHLO3ZW3FN,192.168.164.139,JSON,In-progress,error,2025-05-15 14:32:40,2025-05-17 14:32:40
331,3A075FPX2LZ,203.189.202.231,JSON,Failed,error,2025-10-16 23:35:45,2025-10-18 23:35:45
332,P4BS5VUC90L,114.37.38.189,JSON,Pending,error,2025-05-19 15:21:35,2025-05-25 15:21:35
333,VXA900B8FYM,114.143.164.240,JSON,Success,error,2025-08-24 22:27:43,2025-08-24 22:27:43
334,4BR4RKUVJ5W,180.129.148.119,JSON,Pending,error,2025-04-07 05:41:17,2025-04-14 05:41:17
335,BO55QZGT6T9,10.86.193.81,JSON,Failed,error,2025-07-11 02:22:55,2025-07-27 02:22:55
336,4TEF8GS36LL,103.174.80.154,JSON,Success,error,2025-08-31 14:32:01,2025-09-03 14:32:01
337,Y4FVVBA14VG,114.155.95.72,JSON,Pending,error,2025-09-29 18:31:46,2025-10-24 18:31:46
338,3L9KU00VJBQ,103.17.40.58,JSON,In-progress,error,2025-03-09 09:49:17,2025-03-16 09:49:17
339,R9SXVELCFM3,114.78.40.140,JSON,Success,error,2025-08-20 18:52:39,2025-08-23 18:52:39
340,UM7HF9DCVGW,192.168.94.251,JSON,In-progress,error,2025-01-23 11:21:57,2025-02-17 11:21:57
341,OGBZ5MDG6ZH,180.160.210.209,JSON,Success,error,2025-03-19 04:26:37,2025-04-02 04:26:37
342,I80WGBRD20B,114.34.6.102,JSON,Failed,error,2025-03-10 23:20:18,2025-04-06 23:20:18
343,8PKK7H2IDB1,114.254.28.4,JSON,In-progress,error,2025-07-16 21:54:55,2025-08-01 21:54:55
344,C57FN9A5NX8,203.150.160.115,JSON,Success,error,2025-05-06 07:53:58,2025-05-27 07:53:58
345,3XMQ874MWVL,10.82.122.99,JSON,Failed,error,2025-08-27 17:23:12,2025-08-27 17:23:12
346,6QR2KH5UD71,172.19.65.147,JSON,Success,error,2025-09-26 07:41:16,2025-09-29 07:41:16
347,54I865Z0UQY,203.210.169.208,JSON,Success,error,2025-07-20 11:52:01,2025-08-03 11:52:01
348,EN513TRZOLV,192.168.244.43,JSON,Success,error,2025-03-21 02:54:00,2025-04-03 02:54:00
349,5TOZG4G8ZS7,180.31.180.118,JSON,Pending,error,2025-02-11 00:47:13,2025-03-10 00:47:13
350,NLJNA00L7XU,10.187.44.213,JSON,Failed,error,2025-05-27 19:17:51,2025-06-10 19:17:51
351,P6LPN6TQ1FW,172.27.71.230,JSON,Pending,error,2025-07-10 23:39:51,2025-08-08 23:39:51
352,NEXTLJO6LOX,192.168.219.211,JSON,Success,error,2025-08-24 23:06:37,2025-08-24 23:06:37
353,YE9NO0V83UY,10.36.240.62,JSON,Failed,error,2025-08-23 21:47:38,2025-09-16 21:47:38
354,I68DV8IV155,172.30.165.220,JSON,In-progress,error,2025-02-19 22:01:24,2025-02-20 22:01:24
355,L8UMQITJIV0,10.83.176.212,JSON,Failed,error,2025-07-26 23:15:58,2025-08-11 23:15:58
356,MKIM2R8NW7H,10.183.191.149,JSON,Pending,error,2025-06-12 14:11:16,2025-06-24 14:11:16
357,2WKNHUQZJR6,114.251.232.238,JSON,Failed,error,2025-10-10 13:01:45,2025-11-07 13:01:45
358,0VCPLYY6AS9,114.77.79.36,JSON,Success,error,2025-03-18 07:28:46,2025-03-22 07:28:46
359,GL2D6O99D6H,180.205.150.4,JSON,Success,error,2025-06-02 12:48:05,2025-06-29 12:48:05
360,8VOGKP8M64L,203.128.23.192,JSON,In-progress,error,2025-04-20 03:21:20,2025-05-10 03:21:20
361,XYG8FUL9VHX,114.32.136.224,JSON,In-progress,error,2025-04-21 10:45:43,2025-05-15 10:45:43
362,4QSVC1Z44OV,203.177.135.52,JSON,Failed,error,2025-10-09 01:28:11,2025-11-02 01:28:11
363,8OWOR0BF4QY,114.20.164.25,JSON,In-progress,error,2025-08-05 12:25:03,2025-08-12 12:25:03
364,3MX5BFNBHUJ,180.237.200.72,JSON,In-progress,error,2025-01-18 06:53:35,2025-02-06 06:53:35
365,QGTNV18FH6Y,114.102.209.157,JSON,Failed,error,2025-01-22 09:24:07,2025-01-30 09:24:07
366,FKB0Z38PQXL,202.230.78.10,JSON,Failed,error,2025-02-04 17:28:30,2025-02-15 17:28:30
367,VMQEB8Z7FU4,114.9.154.174,JSON,Pending,error,2025-06-23 11:50:01,2025-07-02 11:50:01
368,GPVFJ9W17D4,10.53.177.91,JSON,Failed,error,2025-07-24 07:08:36,2025-08-19 07:08:36
369,8MLBXN8JBUG,172.27.67.84,JSON,In-progress,error,2025-07-13 09:09:27,2025-08-11 09:09:27
370,SXVN14MT1L3,180.110.250.8,JSON,In-progress,error,2025-10-02 21:22:09,2025-10-24 21:22:09
371,YZV3ZH4UHNZ,172.26.59.130,JSON,Success,error,2025-10-25 18:14:51,2025-10-31 18:14:51
372,ZAOAGXK0TD4,172.25.219.38,JSON,In-progress,error,2025-07-06 13:51:11,2025-07-24 13:51:11
373,5QTNSYCEMGV,114.62.227.156,JSON,Success,error,2024-12-27 02:15:05,2025-01-08 02:15:05
374,3QQ9KQ82BK8,203.28.101.48,JSON,Failed,error,2025-05-12 11:10:33,2025-05-18 11:10:33
375,CTJF861H04A,203.94.163.75,JSON,Pending,error,2025-03-09 00:20:34,2025-03-26 00:20:34
376,IC1OJXWJE2V,192.168.212.235,JSON,Pending,error,2025-07-06 17:53:23,2025-07-18 17:53:23
377,L7LE1MPQ1EM,114.192.233.97,JSON,Pending,error,2025-10-26 05:17:46,2025-11-25 05:17:46
378,Y9R25FMJSKU,172.24.51.182,JSON,Failed,error,2025-06-27 02:55:05,2025-06-29 02:55:05
379,UYP6HZANJ4D,203.164.103.168,JSON,Pending,error,2025-03-16 18:29:46,2025-04-07 18:29:46
380,CGRRGO3UHWZ,114.104.3.202,JSON,In-progress,error,2025-07-16 10:26:45,2025-07-21 10:26:45
381,423HNH0SXCZ,203.35.248.216,JSON,Success,error,2025-08-14 21:29:45,2025-09-01 21:29:45
382,F399E3STKZY,172.29.118.143,JSON,Success,error,2025-04-07 13:10:01,2025-04-12 13:10:01
383,8OZPUZMPC0N,203.6.16.44,JSON,Success,error,2025-04-17 19:06:30,2025-04-23 19:06:30
384,BBZ5877C5M0,172.28.107.151,JSON,Pending,error,2025-03-30 17:26:48,2025-04-06 17:26:48
385,NFSRLXSU3PD,202.113.147.108,JSON,In-progress,error,2025-03-21 20:18:19,2025-03-24 20:18:19
386,QA16LCXG2VW,203.55.217.215,JSON,Failed,error,2025-04-12 21:36:31,2025-05-08 21:36:31
387,DO6E3ASED7K,202.156.227.196,JSON,In-progress,error,2025-08-03 12:39:33,2025-08-19 12:39:33
388,U3Y7KF7BP23,172.17.181.186,JSON,Pending,error,2025-05-12 01:50:06,2025-05-31 01:50:06
389,CP5DZKKXCYE,192.168.222.234,JSON,In-progress,error,2025-02-28 15:47:50,2025-03-29 15:47:50
390,KTQJ0CGFG82,202.219.35.88,JSON,Success,error,2025-04-22 19:38:04,2025-04-23 19:38:04
391,R8UNOOI7ZM9,180.25.36.28,JSON,Success,error,2025-06-25 03:25:32,2025-07-01 03:25:32
392,89KPTAA0UDF,172.25.237.132,JSON,Success,error,2025-08-25 09:03:50,2025-09-12 09:03:50
393,FPP9OHWXFWU,192.168.81.59,JSON,In-progress,error,2025-05-29 03:09:24,2025-06-05 03:09:24
394,WL3RBSNNCCC,114.77.239.188,JSON,Failed,error,2025-08-23 13:13:43,2025-09-05 13:13:43
395,720PIUYNJMP,202.14.26.14,JSON,Pending,error,2025-03-03 00:21:19,2025-03-31 00:21:19
396,CKBAXN452AZ,103.150.59.173,JSON,In-progress,error,2025-03-11 13:50:34,2025-03-17 13:50:34
397,5WE26LGWW4E,202.195.123.103,JSON,In-progress,error,2025-03-05 11:50:27,2025-04-02 11:50:27
398,QO0L0G0O93Z,180.114.106.33,JSON,Pending,error,2025-04-01 09:33:59,2025-04-18 09:33:59
399,Z8U6Z2G3U6F,202.133.23.212,JSON,Pending,error,2025-06-05 23:47:47,2025-06-13 23:47:47
400,5CY3EHV8C1N,203.18.131.61,JSON,Pending,error,2025-03-24 02:57:15,2025-03-30 02:57:15
401,S7XHRRQUXSW,10.220.190.12,JSON,Success,error,2025-05-03 17:00:49,2025-05-20 17:00:49
402,3Q1SAFW91WL,114.37.169.20,JSON,Pending,error,2025-01-17 01:45:05,2025-01-19 01:45:05
403,JZX7Q1E3P0D,192.168.110.146,JSON,In-progress,error,2025-10-11 17:13:12,2025-10-17 17:13:12
404,32D1YWK0M55,180.186.171.228,JSON,Failed,error,2025-10-15 10:08:14,2025-11-03 10:08:14
405,J3SMTRNB2XT,202.121.79.203,JSON,Failed,error,2025-05-21 06:29:35,2025-06-02 06:29:35
406,I0OWMRG7U6C,172.21.175.20,JSON,Success,error,2025-04-10 09:39:35,2025-05-09 09:39:35
407,8JKZ0VOFJ67,10.117.139.2,JSON,Failed,error,2025-03-08 15:36:17,2025-04-03 15:36:17
408,U8ESD0HVGRI,103.176.141.35,JSON,Failed,error,2025-02-27 06:45:20,2025-03-24 06:45:20
409,Z8D2I8OIO3D,172.27.60.198,JSON,Pending,error,2025-06-03 21:55:10,2025-06-11 21:55:10
410,CABFJJHZLUE,180.235.32.163,JSON,Failed,error,2025-02-10 11:30:28,2025-03-11 11:30:28
411,HUXXN9EP99T,203.10.52.44,JSON,Failed,error,2025-06-12 17:58:14,2025-06-16 17:58:14
412,ZCJ1LLR84JD,103.19.216.144,JSON,Success,error,2025-02-08 06:56:41,2025-02-28 06:56:41
413,U4V3K3JZASU,114.206.77.244,JSON,Failed,error,2025-07-14 14:07:21,2025-07-20 14:07:21
414,XYRWYO2NEFV,192.168.156.111,JSON,Pending,error,2025-07-06 07:20:21,2025-08-05 07:20:21
415,5WQOG49UYM3,192.168.221.165,JSON,Success,error,2025-09-10 10:53:50,2025-10-05 10:53:50
416,T5RL0MIQWN2,172.23.18.124,JSON,Failed,error,2025-03-12 13:56:33,2025-03-14 13:56:33
417,Y1VNP9ZU8YH,202.183.43.14,JSON,Failed,error,2025-09-20 12:40:21,2025-10-07 12:40:21
418,ORY418XYILZ,172.31.69.230,JSON,Pending,error,2025-01-26 13:02:11,2025-02-04 13:02:11
419,ZJUZ94DDB3B,202.190.198.183,JSON,Pending,error,2025-05-31 13:20:27,2025-05-31 13:20:27
420,T1JE4E4KYHY,103.96.141.19,JSON,Pending,error,2025-08-16 12:56:59,2025-09-02 12:56:59
421,UY0KYFR9L0G,10.180.41.159,JSON,Pending,error,2025-07-14 02:39:39,2025-07-23 02:39:39
422,5S6AZDZS4BC,114.157.76.221,JSON,In-progress,error,2025-06-06 12:07:53,2025-06-24 12:07:53
423,J03XI2RZF8S,202.194.253.62,JSON,Failed,error,2025-01-18 16:37:46,2025-01-23 16:37:46
424,9QPHNW3AESU,114.192.160.42,JSON,Pending,error,2025-05-28 10:01:42,2025-06-27 10:01:42
425,1PMMEZSW0HL,10.202.133.42,JSON,Failed,error,2025-08-23 18:57:23,2025-09-15 18:57:23
426,ZL7XZR6H914,114.221.179.169,JSON,Pending,error,2025-08-10 23:03:34,2025-08-29 23:03:34
427,3ZINOR3X1PP,180.141.21.116,JSON,Success,error,2025-01-14 09:28:37,2025-01-20 09:28:37
428,5VJ4NEK3VPS,10.63.45.44,JSON,Success,error,2025-06-23 19:22:24,2025-07-07 19:22:24
429,1WIPSYZIAEQ,192.168.250.73,JSON,Failed,error,2025-10-27 02:06:26,2025-11-13 02:06:26
430,QMRJYYNF02Y,114.156.109.98,JSON,In-progress,error,2025-06-10 07:39:33,2025-07-09 07:39:33
431,T7AAAXRGLU9,202.247.196.200,JSON,In-progress,error,2025-09-16 14:09:13,2025-09-22 14:09:13
432,9BGFY6PVC55,172.18.183.183,JSON,In-progress,error,2025-09-07 15:33:50,2025-09-23 15:33:50
433,F995H8WPKXP,10.109.51.183,JSON,Failed,error,2025-04-12 13:38:09,2025-04-14 13:38:09
434,SLXUTFNHUZY,203.52.29.25,JSON,Success,error,2025-07-24 08:47:32,2025-08-17 08:47:32
435,EPXT3JGBGPM,202.38.113.107,JSON,In-progress,error,2025-03-27 18:35:29,2025-04-18 18:35:29
436,VVDDG9GMNIO,172.20.73.249,JSON,Pending,error,2025-10-16 17:25:33,2025-10-19 17:25:33
437,II0LZWMWGDQ,203.254.115.208,JSON,Failed,error,2025-10-09 11:06:51,2025-10-22 11:06:51
438,J81WN8AUJA9,172.18.138.172,JSON,Success,error,2025-03-08 04:05:36,2025-03-12 04:05:36
439,KEO2UAMHLWS,114.232.102.16,JSON,Failed,error,2025-09-07 14:20:28,2025-09-11 14:20:28
440,ALDGH047WMF,202.89.176.203,JSON,Success,error,2025-06-27 10:45:21,2025-07-27 10:45:21
441,JF1SMH2F07Z,10.95.51.56,JSON,In-progress,error,2025-06-18 05:13:28,2025-07-02 05:13:28
442,X5MZ5EGNU19,202.176.195.99,JSON,Pending,error,2025-01-17 11:58:58,2025-01-21 11:58:58
443,V1R6HUZG61A,10.113.251.50,JSON,Pending,error,2025-04-27 05:40:54,2025-05-21 05:40:54
444,FKYFFPV61PK,203.127.134.122,JSON,Failed,error,2025-05-22 15:39:54,2025-06-21 15:39:54
445,D1RANGYZEU1,192.168.32.245,JSON,Success,error,2025-04-08 13:25:17,2025-04-28 13:25:17
446,KKSVFF4QZCV,172.21.216.198,JSON,Pending,error,2025-07-24 08:28:02,2025-08-14 08:28:02
447,S0S6MR5Z9V2,192.168.215.66,JSON,Pending,error,2025-05-16 19:06:43,2025-06-13 19:06:43
448,TE7SM3ZJCW1,172.28.58.119,JSON,Pending,error,2025-09-01 19:33:10,2025-09-19 19:33:10
449,84952KLC5RL,203.219.208.160,JSON,Pending,error,2025-03-31 11:35:05,2025-04-07 11:35:05
450,XQ11VJHHX74,180.23.164.254,JSON,Failed,error,2025-08-16 07:49:18,2025-08-31 07:49:18
451,NA1IZMSBRO9,203.174.62.167,JSON,Failed,error,2025-06-10 22:12:55,2025-07-01 22:12:55
452,N7PHWADNLZV,192.168.65.12,JSON,In-progress,error,2025-08-11 19:06:06,2025-09-10 19:06:06
453,PQ51947XFSN,203.54.224.210,JSON,Pending,error,2025-01-05 14:59:18,2025-01-12 14:59:18
454,Y47U8DG9SBU,180.169.205.118,JSON,Success,error,2025-09-28 10:18:32,2025-10-14 10:18:32
455,50JC9NMH8CG,10.216.246.246,JSON,In-progress,error,2025-03-08 05:38:43,2025-04-05 05:38:43
456,ONBSI0SI7XN,203.252.97.202,JSON,Failed,error,2025-07-11 01:21:18,2025-07-20 01:21:18
457,1QZ6PRQF8BP,114.194.120.205,JSON,In-progress,error,2025-05-28 13:46:34,2025-06-11 13:46:34
458,C9BHHGP95M2,203.128.74.103,JSON,Success,error,2025-02-03 03:18:40,2025-02-07 03:18:40
459,YKFJR1C2JIN,10.209.199.242,JSON,Failed,error,2025-03-16 14:33:47,2025-04-06 14:33:47
460,DQVI7GWAFMU,203.172.253.58,JSON,Success,error,2025-09-21 13:51:04,2025-10-14 13:51:04
461,C2Z0RHS9IHN,180.254.205.84,JSON,Success,error,2025-10-19 02:22:12,2025-11-15 02:22:12
462,YWAPJ9XIFV7,180.16.124.133,JSON,In-progress,error,2025-02-25 07:18:58,2025-02-27 07:18:58
463,GXZHIEKQROS,114.220.187.188,JSON,Pending,error,2025-07-12 08:35:09,2025-07-18 08:35:09
464,VRVDW393GUK,114.154.71.235,JSON,Failed,error,2025-07-27 00:21:39,2025-08-05 00:21:39
465,CFN7K9XWK9E,103.156.98.8,JSON,Success,error,2025-09-14 15:56:18,2025-09-21 15:56:18
466,7J5RS012E2W,180.2.252.77,JSON,Success,error,2025-08-20 22:16:43,2025-09-11 22:16:43
467,DWWDPHO931H,103.122.28.190,JSON,Pending,error,2025-05-20 04:16:47,2025-06-10 04:16:47
468,8T2RCW871JX,114.111.25.168,JSON,Success,error,2025-10-26 22:41:53,2025-10-31 22:41:53
469,KQIEY578RM2,202.97.228.241,JSON,Failed,error,2025-01-29 07:09:51,2025-02-02 07:09:51
470,HXPKZUPPAW8,103.109.28.31,JSON,Pending,error,2025-02-17 12:08:47,2025-03-09 12:08:47
471,H8UPM4LGDWW,10.188.226.48,JSON,In-progress,error,2025-07-09 22:39:01,2025-07-11 22:39:01
472,AZAIMBAU6NO,172.29.209.142,JSON,Success,error,2025-07-16 17:47:40,2025-08-14 17:47:40
473,D8PDO0ZRFYB,180.104.48.92,JSON,In-progress,error,2025-09-08 18:59:24,2025-09-30 18:59:24
474,BFOTX6IWUE4,114.183.160.176,JSON,In-progress,error,2025-08-23 03:26:07,2025-08-30 03:26:07
475,NK5MHQ7PVL5,192.168.214.146,JSON,Success,error,2025-10-18 01:28:25,2025-11-07 01:28:25
476,WI4LV02W0XJ,114.204.123.144,JSON,Success,error,2025-10-04 13:53:15,2025-10-30 13:53:15
477,S5S07BA8F6H,202.10.160.115,JSON,Pending,error,2025-07-23 23:10:51,2025-08-12 23:10:51
478,Y4VNOU4CNPN,10.18.243.243,JSON,Failed,error,2025-08-16 13:26:49,2025-08-18 13:26:49
479,FC7Y70JGCLJ,202.52.251.161,JSON,Success,error,2025-09-25 11:18:10,2025-09-27 11:18:10
480,CR0RA3CY29P,202.12.81.113,JSON,Pending,error,2025-04-02 05:01:02,2025-04-28 05:01:02
481,36S7L7HDP3U,192.168.233.192,JSON,Pending,error,2025-03-06 08:46:19,2025-04-01 08:46:19
482,VZXZWT7WPIT,202.11.64.206,JSON,Success,error,2025-08-05 04:57:55,2025-08-17 04:57:55
483,ACRO738WW8O,114.254.100.181,JSON,Pending,error,2025-03-21 20:56:15,2025-04-12 20:56:15
484,VC5IP94MFHK,172.26.175.215,JSON,Pending,error,2025-01-09 17:29:42,2025-02-06 17:29:42
485,CY7L38MDI75,103.95.220.227,JSON,Success,error,2025-06-08 19:09:59,2025-07-03 19:09:59
486,3WQHWOV3GPD,203.91.177.240,JSON,In-progress,error,2025-10-13 18:04:12,2025-10-23 18:04:12
487,EVUJQRNFLR0,180.2.98.224,JSON,Pending,error,2025-01-26 04:13:21,2025-02-20 04:13:21
488,VWVUQZEZFHH,103.238.128.105,JSON,Failed,error,2025-07-17 00:21:31,2025-07-29 00:21:31
489,G754FZIXE3R,172.21.30.102,JSON,Pending,error,2025-05-18 00:02:59,2025-05-21 00:02:59
490,LKXKH6XKCC8,180.17.137.95,JSON,In-progress,error,2025-03-11 15:54:51,2025-04-02 15:54:51
491,0GEQI6HBNDL,192.168.54.3,JSON,Failed,error,2025-05-26 21:06:10,2025-06-16 21:06:10
492,LP15XZDN7W7,180.254.189.87,JSON,Failed,error,2025-05-02 00:04:13,2025-05-22 00:04:13
493,MN01BUH2SVX,114.250.180.42,JSON,Success,error,2025-10-08 07:11:43,2025-10-23 07:11:43
494,CAXEAU8C1RG,114.46.159.218,JSON,Success,error,2025-02-06 11:00:14,2025-02-20 11:00:14
495,26TXI5SCG4B,172.24.197.53,JSON,Pending,error,2025-05-30 00:17:24,2025-05-31 00:17:24
496,SSK2S62HLXV,203.121.182.109,JSON,Pending,error,2025-01-24 15:05:48,2025-02-20 15:05:48
497,9MRUXPATVXY,180.166.244.103,JSON,Failed,error,2025-09-12 22:39:01,2025-10-10 22:39:01
498,QPZS3HB1GX6,10.246.144.36,JSON,Success,error,2025-03-23 00:22:01,2025-03-31 00:22:01
499,F8OG5704SD0,192.168.33.69,JSON,Pending,error,2025-06-25 10:10:29,2025-07-20 10:10:29
500,RE9XK3B9EUO,114.154.107.184,JSON,Pending,error,2025-10-24 00:22:29,2025-11-08 00:22:29
501,779N1DZ7JOT,10.230.17.200,JSON,In-progress,error,2025-04-14 05:28:04,2025-05-14 05:28:04
502,78BAZVJZ5MK,172.18.179.102,JSON,Success,error,2025-04-15 18:29:42,2025-04-16 18:29:42
503,C2ARI7EKA8S,192.168.5.238,JSON,Success,error,2025-10-31 23:14:36,2025-11-17 23:14:36
504,EKMG12WDSXC,180.240.160.145,JSON,Failed,error,2025-08-27 17:15:44,2025-09-15 17:15:44
505,SGGEDK55WH6,203.87.111.138,JSON,In-progress,error,2025-10-08 11:49:41,2025-10-31 11:49:41
506,OZPVACSACRF,192.168.170.207,JSON,Pending,error,2025-06-01 05:39:56,2025-06-13 05:39:56
507,SXAZW479VJS,203.129.87.182,JSON,Pending,error,2025-02-11 14:53:13,2025-02-12 14:53:13
508,Q7EIGBXREEO,10.209.127.206,JSON,Pending,error,2025-01-11 11:19:23,2025-01-25 11:19:23
509,3WAHNP7F5C9,103.103.212.220,JSON,In-progress,error,2025-09-23 10:29:53,2025-10-21 10:29:53
510,1UGS6VGQF6N,192.168.161.175,JSON,Success,error,2025-03-12 20:34:46,2025-04-10 20:34:46
511,XK22YRJV38O,103.68.109.24,JSON,In-progress,error,2025-01-23 00:23:04,2025-02-12 00:23:04
512,YLPB6SFWAOK,114.15.237.105,JSON,Failed,error,2025-03-07 00:30:41,2025-03-13 00:30:41
513,L8XHNA6QMF4,103.65.253.112,JSON,Failed,error,2025-08-16 14:50:24,2025-08-30 14:50:24
514,ENLXMN039YC,180.226.168.213,JSON,Success,error,2025-05-22 21:28:31,2025-06-05 21:28:31
515,7Q4HMBVY41G,203.136.137.72,JSON,Pending,error,2025-05-06 14:20:12,2025-05-28 14:20:12
516,IOZHLRDXKG0,114.124.67.132,JSON,Failed,error,2024-12-28 17:29:05,2025-01-06 17:29:05
517,LQW0179QPYO,180.158.113.110,JSON,Success,error,2025-07-05 22:26:54,2025-07-10 22:26:54
518,9SCQ2LNEKV3,203.96.150.153,JSON,Pending,error,2025-03-29 20:28:57,2025-04-07 20:28:57
519,CD76BRPKUZJ,103.208.10.152,JSON,In-progress,error,2025-05-04 04:43:48,2025-05-16 04:43:48
520,6DC6IN0D6RZ,180.137.44.167,JSON,Failed,error,2025-04-01 08:43:29,2025-04-21 08:43:29
521,B94YZ0ZBOBS,180.51.87.74,JSON,Success,error,2025-10-14 17:18:10,2025-11-07 17:18:10
522,FNAPTWS7HVB,114.208.107.196,JSON,In-progress,error,2025-07-14 07:35:25,2025-07-20 07:35:25
523,QJNNEDEQ8P7,114.247.235.92,JSON,Pending,error,2025-10-09 13:45:44,2025-10-27 13:45:44
524,Y3F3KSSI7C8,172.25.199.180,JSON,In-progress,error,2025-10-09 14:19:01,2025-10-12 14:19:01
525,RXHKWBBEYJF,192.168.161.52,JSON,Success,error,2025-07-21 09:06:57,2025-08-17 09:06:57
526,ABN65MY0G4M,172.29.222.41,JSON,In-progress,error,2025-08-31 15:22:02,2025-09-20 15:22:02
527,22ND05REQ2J,180.52.188.50,JSON,Success,error,2025-02-10 03:59:27,2025-03-06 03:59:27
528,OX0MA7LE8GC,192.168.136.87,JSON,In-progress,error,2025-03-25 22:57:38,2025-03-29 22:57:38
529,O0E84CKUV4K,203.50.134.78,JSON,Success,error,2025-01-27 09:27:25,2025-02-03 09:27:25
530,YHTNCX643MP,103.25.226.219,JSON,Success,error,2025-07-26 19:11:49,2025-08-02 19:11:49
531,YWLO452AJLF,114.215.145.101,JSON,Pending,error,2025-10-21 12:25:27,2025-10-22 12:25:27
532,2XUONDMVPEU,103.124.201.33,JSON,Success,error,2025-09-27 14:41:50,2025-09-27 14:41:50
533,G3I779VKIVR,192.168.91.172,JSON,In-progress,error,2025-03-02 08:52:29,2025-03-03 08:52:29
534,S9C1A3EG163,10.34.95.180,JSON,Failed,error,2025-05-28 21:44:00,2025-05-30 21:44:00
535,LXBQM4YKOIQ,114.126.238.102,JSON,Failed,error,2025-09-30 19:10:47,2025-10-29 19:10:47
536,3H1TEPQWTRK,114.156.130.148,JSON,Pending,error,2025-03-25 13:16:19,2025-04-07 13:16:19
537,SYPL7DI53PB,114.153.21.28,JSON,Pending,error,2024-12-31 16:50:04,2025-01-16 16:50:04
538,J240EM42TDR,192.168.221.110,JSON,Success,error,2025-03-16 18:13:30,2025-03-28 18:13:30
539,UTEUEIQG386,10.114.249.181,JSON,Pending,error,2025-04-13 08:42:50,2025-05-13 08:42:50
540,QJQM9AVNZX8,172.30.213.212,JSON,Pending,error,2025-10-30 14:16:57,2025-11-01 14:16:57
541,M9QMABWMI6P,202.243.28.81,JSON,Success,error,2025-05-16 01:20:19,2025-05-18 01:20:19
542,ZSMHW0IQYNZ,114.43.66.44,JSON,Failed,error,2025-08-21 01:20:15,2025-09-02 01:20:15
543,GSYY24JD79Z,103.85.202.232,JSON,In-progress,error,2025-08-18 18:47:37,2025-09-01 18:47:37
544,7BM58XTQXUJ,203.106.183.187,JSON,Success,error,2025-09-06 11:36:58,2025-09-20 11:36:58
545,X5JFWK4RR31,202.120.101.100,JSON,Failed,error,2025-02-04 13:25:24,2025-02-06 13:25:24
546,5B8I05PJOZW,103.131.49.243,JSON,In-progress,error,2025-10-16 01:04:35,2025-10-24 01:04:35
547,7YTGDIUDY3P,114.82.62.36,JSON,Pending,error,2025-02-02 21:04:33,2025-02-07 21:04:33
548,B24LY5IT5YZ,172.20.47.127,JSON,Failed,error,2025-08-21 18:24:28,2025-09-12 18:24:28
549,6DJ3UJRZXOE,203.23.217.39,JSON,Failed,error,2025-06-15 00:18:33,2025-06-27 00:18:33
550,MQZQZYCZ7TX,192.168.14.118,JSON,Success,error,2025-04-20 02:06:28,2025-05-08 02:06:28
551,NJMC4EPD91R,10.155.242.141,JSON,In-progress,error,2025-02-06 20:13:28,2025-03-05 20:13:28
552,LVDR0KEAKTI,114.193.96.186,JSON,Success,error,2025-10-07 03:23:52,2025-10-16 03:23:52
553,TTMIFQRZ04D,114.125.128.183,JSON,Failed,error,2025-02-11 22:39:30,2025-03-07 22:39:30
554,BBDBJLUXJ2X,103.160.191.188,JSON,In-progress,error,2025-07-08 09:49:31,2025-08-05 09:49:31
555,TT3CWKA2XHL,192.168.153.167,JSON,Success,error,2025-03-18 13:33:35,2025-04-01 13:33:35
556,C8XGT2HRU7C,180.21.66.199,JSON,In-progress,error,2025-10-16 15:24:41,2025-10-30 15:24:41
557,UK0MY9WE7H7,114.134.99.13,JSON,Failed,error,2025-07-03 22:17:54,2025-07-07 22:17:54
558,FAPULT72RIF,172.22.13.44,JSON,Success,error,2025-10-04 21:00:06,2025-10-24 21:00:06
559,0XADQ49XRPV,103.213.41.95,JSON,Failed,error,2025-07-20 20:03:08,2025-08-09 20:03:08
560,R4CEP11BXWD,180.121.152.3,JSON,Success,error,2025-08-07 10:13:20,2025-08-08 10:13:20
561,V20L8FOUQ86,203.149.201.60,JSON,Success,error,2025-03-30 19:21:04,2025-04-13 19:21:04
562,M6QSSSFPH1C,172.21.102.250,JSON,Success,error,2024-12-30 01:46:32,2025-01-18 01:46:32
563,XY6H4DALDOJ,203.96.249.54,JSON,Success,error,2025-08-19 20:15:14,2025-09-02 20:15:14
564,RAR7ET9VG9D,202.113.118.45,JSON,Success,error,2025-09-13 10:26:59,2025-10-12 10:26:59
565,ZM58T06B1BG,202.105.151.188,JSON,Failed,error,2025-07-07 10:05:11,2025-07-29 10:05:11
566,7ESIJKRWC5K,10.167.111.150,JSON,In-progress,error,2025-08-08 20:22:21,2025-08-22 20:22:21
567,B6K6NNFNGS1,202.222.245.87,JSON,Pending,error,2025-02-18 07:45:11,2025-03-02 07:45:11
568,F8WNCCXEWJL,203.99.92.170,JSON,Pending,error,2025-09-07 21:58:41,2025-09-15 21:58:41
569,8O44HOC1ZXN,192.168.236.171,JSON,In-progress,error,2025-02-04 10:57:01,2025-02-28 10:57:01
570,1PLKV5AD1UD,103.15.137.174,JSON,In-progress,error,2025-03-01 13:29:37,2025-03-06 13:29:37
571,V0OYA3L8PPP,180.136.32.39,JSON,Success,error,2025-04-05 18:07:43,2025-04-14 18:07:43
572,6YTYA51AAG8,203.214.159.138,JSON,Success,error,2025-04-05 23:50:53,2025-04-09 23:50:53
573,DOB7JT5UUQZ,172.27.226.233,JSON,Pending,error,2025-06-17 00:04:39,2025-07-05 00:04:39
574,GJYHB2L5QW1,103.201.90.42,JSON,Failed,error,2025-05-16 06:15:51,2025-06-07 06:15:51
575,QPELKA7EWZC,192.168.135.134,JSON,Failed,error,2025-01-30 08:25:39,2025-02-28 08:25:39
576,Y1JUW1RWISX,192.168.117.29,JSON,Pending,error,2025-01-27 03:36:34,2025-02-07 03:36:34
577,BMX8NRZKI1P,103.203.213.96,JSON,Pending,error,2025-04-21 21:06:32,2025-04-30 21:06:32
578,9PPN02WTCNY,202.168.88.126,JSON,Failed,error,2025-09-06 21:42:53,2025-09-09 21:42:53
579,NKWT8JT29CG,172.20.30.110,JSON,Pending,error,2025-08-25 12:13:15,2025-09-19 12:13:15
580,VX8CEK6T7OI,10.241.144.99,JSON,Failed,error,2025-05-22 12:35:26,2025-06-03 12:35:26
581,26RUOSY4J96,180.191.254.78,JSON,Success,error,2025-02-07 23:36:35,2025-02-17 23:36:35
582,VAP4IPYBJU9,202.14.251.190,JSON,Success,error,2025-02-08 16:37:25,2025-02-26 16:37:25
583,27ICZZJKNVX,10.33.255.163,JSON,Pending,error,2025-04-21 01:45:31,2025-05-20 01:45:31
584,B1ZSDTY70IV,172.30.72.170,JSON,Success,error,2025-05-21 10:56:19,2025-05-24 10:56:19
585,UVE49SMJOAD,114.217.189.238,JSON,Success,error,2025-06-04 11:10:28,2025-06-24 11:10:28
586,BNVY2DR301R,192.168.204.67,JSON,Success,error,2025-06-05 14:18:01,2025-06-15 14:18:01
587,KIDDXFCT7KY,114.20.87.211,JSON,In-progress,error,2025-07-04 20:50:30,2025-07-29 20:50:30
588,K78LCXJYQHQ,192.168.213.19,JSON,In-progress,error,2025-06-16 21:57:57,2025-07-08 21:57:57
589,J4DRU2K53NE,202.215.135.237,JSON,Failed,error,2025-08-08 19:26:17,2025-08-15 19:26:17
590,M0RNGHLCEW7,10.129.230.210,JSON,Success,error,2025-01-03 17:56:29,2025-02-02 17:56:29
591,IEX0QRRCJWN,10.155.0.34,JSON,In-progress,error,2025-09-06 14:22:17,2025-09-19 14:22:17
592,TXIJ8PW5GCB,180.159.142.70,JSON,Success,error,2025-01-18 14:10:25,2025-02-05 14:10:25
593,UI6DCFLV51T,10.228.119.217,JSON,In-progress,error,2025-05-30 11:43:24,2025-05-30 11:43:24
594,Y8NFCMAHGDQ,103.85.221.175,JSON,Pending,error,2025-04-30 05:31:57,2025-05-05 05:31:57
595,O18WC6MU27O,202.183.181.173,JSON,Failed,error,2025-10-03 02:30:19,2025-10-29 02:30:19
596,SPUHCCJS7ZV,192.168.219.23,JSON,Success,error,2025-04-18 11:37:26,2025-04-27 11:37:26
597,0YIKIE3NG6D,172.16.92.82,JSON,Pending,error,2025-08-12 13:40:51,2025-09-02 13:40:51
598,0IIIRIFIM0K,180.227.252.22,JSON,Pending,error,2025-04-23 14:13:22,2025-05-22 14:13:22
599,XBWDJ2QHKHX,192.168.29.133,JSON,In-progress,error,2025-07-13 05:55:47,2025-07-30 05:55:47
600,HHTPN1BBWW0,172.23.210.128,JSON,In-progress,error,2025-05-01 11:03:19,2025-05-06 11:03:19
601,1SVDPKL8S5Q,180.46.15.14,JSON,Success,error,2025-02-15 06:14:23,2025-03-16 06:14:23
602,P3I7I1QBQX1,10.92.21.126,JSON,Pending,error,2025-01-01 12:37:44,2025-01-28 12:37:44
603,IIBN6AY7AXF,10.81.216.113,JSON,In-progress,error,2025-05-01 22:44:51,2025-05-26 22:44:51
604,OPZIXOHX467,10.158.198.48,JSON,Success,error,2025-03-28 01:31:28,2025-03-29 01:31:28
605,105A7SFYNM0,114.112.135.117,JSON,Failed,error,2025-06-04 05:19:07,2025-06-05 05:19:07
606,7PCB672A8F6,172.18.188.210,JSON,Failed,error,2025-05-29 09:26:45,2025-06-27 09:26:45
607,VNDL8FMEE6G,103.53.173.127,JSON,Pending,error,2025-08-07 23:35:22,2025-08-13 23:35:22
608,82J8ZQ18RIW,172.26.173.9,JSON,Success,error,2025-05-26 06:20:38,2025-06-07 06:20:38
609,M24HU0D85ZC,10.136.40.254,JSON,In-progress,error,2025-07-31 00:44:48,2025-08-17 00:44:48
610,QDM6HW1WKKM,172.28.254.43,JSON,In-progress,error,2025-01-15 18:32:18,2025-01-19 18:32:18
611,Z8OKNDZT0RO,103.84.11.23,JSON,Failed,error,2025-03-10 23:24:20,2025-04-02 23:24:20
612,C2BB10APYZ5,103.68.186.65,JSON,Failed,error,2025-10-15 12:38:36,2025-10-26 12:38:36
613,0O986FLMYUC,202.180.211.132,JSON,Success,error,2025-02-04 02:29:25,2025-02-18 02:29:25
614,TBIBKZWD3XF,114.70.24.104,JSON,Success,error,2025-05-04 21:00:43,2025-05-26 21:00:43
615,LO1N1UFRH5V,103.39.39.168,JSON,Pending,error,2025-07-03 19:31:38,2025-07-30 19:31:38
616,3J16MN346S9,192.168.35.154,JSON,Failed,error,2025-08-11 02:07:15,2025-08-13 02:07:15
617,4BHVZQIVUEY,203.127.59.27,JSON,Pending,error,2025-07-07 19:07:29,2025-08-04 19:07:29
618,AAWAZETA58O,202.217.93.67,JSON,In-progress,error,2025-07-31 23:03:29,2025-08-03 23:03:29
619,A301RIJM2ZT,10.148.157.208,JSON,In-progress,error,2025-02-02 06:33:51,2025-02-18 06:33:51
620,48AZ0YSQTYH,10.92.213.71,JSON,Failed,error,2025-07-05 15:27:21,2025-08-04 15:27:21
621,K8PR1AADZTJ,202.253.9.200,JSON,Pending,error,2025-02-06 18:44:08,2025-02-24 18:44:08
622,2QHC0YAVEY1,103.114.33.223,JSON,Failed,error,2025-08-04 05:17:08,2025-08-16 05:17:08
623,SAGHWVUG6C8,103.106.117.179,JSON,Pending,error,2025-03-13 00:36:09,2025-04-08 00:36:09
624,328GUDHN28C,192.168.36.171,JSON,Pending,error,2025-04-02 22:39:57,2025-04-27 22:39:57
625,7Z49VTAWS5K,192.168.196.114,JSON,In-progress,error,2025-07-06 09:11:28,2025-07-16 09:11:28
626,20IIBG2P1F3,103.158.67.100,JSON,Success,error,2025-07-18 09:52:59,2025-07-24 09:52:59
627,6SV8PZ1FV25,114.33.98.31,JSON,Failed,error,2025-07-25 00:43:52,2025-08-11 00:43:52
628,4DIR91AMBGE,202.25.130.60,JSON,In-progress,error,2025-02-19 15:14:03,2025-02-19 15:14:03
629,8A7J55QJ17H,202.218.249.103,JSON,Pending,error,2025-09-30 06:35:28,2025-10-17 06:35:28
630,EF2T27CEBMY,172.24.196.6,JSON,Success,error,2025-02-06 01:32:17,2025-03-02 01:32:17
631,9N26CCKU1I8,202.214.182.168,JSON,Pending,error,2025-07-24 15:00:17,2025-08-11 15:00:17
632,G2FT6YN11TH,103.226.195.51,JSON,Success,error,2025-06-02 16:01:04,2025-06-08 16:01:04
633,BO6BUHIXQTR,202.5.223.230,JSON,Pending,error,2025-08-26 22:28:45,2025-09-08 22:28:45
634,UTFEQ47WSPP,192.168.154.134,JSON,Failed,error,2025-06-13 05:50:50,2025-06-27 05:50:50
635,8LM6NKXO8U7,114.212.148.73,JSON,Success,error,2025-09-19 15:23:53,2025-09-21 15:23:53
636,T3UCLCSIZ4K,180.175.180.218,JSON,Pending,error,2025-07-17 15:04:19,2025-08-15 15:04:19
637,T7MGDY525LI,203.44.56.5,JSON,Failed,error,2024-12-28 01:59:38,2025-01-10 01:59:38
638,2P0QIFZFDWE,114.157.16.96,JSON,Success,error,2025-04-27 10:37:38,2025-05-24 10:37:38
639,8708OPU9AXZ,114.198.227.34,JSON,Pending,error,2025-06-28 01:31:48,2025-07-27 01:31:48
640,7XC460MWMIB,103.103.185.177,JSON,Failed,error,2025-08-21 13:10:38,2025-09-03 13:10:38
641,4ANASR5OICN,10.173.217.177,JSON,Success,error,2025-03-20 21:32:53,2025-04-01 21:32:53
642,JQEQ5Z0VD4T,172.16.211.170,JSON,Failed,error,2025-02-13 07:54:31,2025-02-18 07:54:31
643,0GUO3U44WB2,114.136.3.114,JSON,In-progress,error,2025-06-12 22:14:36,2025-06-29 22:14:36
644,FC71BV8RKRR,10.141.43.147,JSON,Pending,error,2025-06-08 12:56:44,2025-06-17 12:56:44
645,PBRGTRPWQ6Q,114.88.35.237,JSON,Pending,error,2025-02-09 23:04:41,2025-02-11 23:04:41
646,QUZ692U4A81,203.116.65.146,JSON,In-progress,error,2024-12-27 04:07:43,2024-12-31 04:07:43
647,Y3PMV7Z7WWF,192.168.162.252,JSON,Success,error,2025-07-06 08:31:34,2025-07-30 08:31:34
648,TXIJOL6HVLX,180.80.128.184,JSON,In-progress,error,2025-10-01 02:39:24,2025-10-26 02:39:24
649,NSDIZKA1LP5,202.128.166.111,JSON,Failed,error,2025-08-18 03:42:51,2025-08-25 03:42:51
650,OUETQO6QSF2,103.96.163.155,JSON,Success,error,2025-01-25 16:50:58,2025-01-28 16:50:58
651,XO1FEV9PENB,180.123.156.5,JSON,Pending,error,2025-08-25 10:06:23,2025-09-05 10:06:23
652,L8OB6L3QMQ7,103.65.214.29,JSON,Success,error,2025-02-10 01:18:41,2025-02-20 01:18:41
653,1DT8XMF62MR,10.131.98.193,JSON,Pending,error,2025-03-19 05:24:24,2025-03-25 05:24:24
654,Z31N9253FJG,192.168.3.134,JSON,Pending,error,2025-01-14 23:21:52,2025-01-14 23:21:52
655,6CWU1UURLXX,103.8.105.66,JSON,In-progress,error,2025-04-12 21:06:03,2025-04-13 21:06:03
656,W9OGZCRHDA4,192.168.111.21,JSON,Success,error,2025-08-03 06:36:08,2025-08-19 06:36:08
657,TQ4XL4030SY,180.154.31.89,JSON,Success,error,2025-10-26 22:39:22,2025-11-08 22:39:22
658,JJ3T1CFN9IC,192.168.29.223,JSON,Pending,error,2025-03-15 03:45:42,2025-03-19 03:45:42
659,IHN0EPYL14O,180.251.39.140,JSON,Failed,error,2025-05-12 08:20:57,2025-05-28 08:20:57
660,05HW9S6F9C7,10.48.124.216,JSON,Failed,error,2025-09-04 07:40:39,2025-09-19 07:40:39
661,L9E1FFGLBMQ,203.253.210.14,JSON,Failed,error,2025-01-15 09:52:08,2025-01-20 09:52:08
662,PQBDECQQH7E,10.181.141.217,JSON,Success,error,2025-08-22 03:48:50,2025-09-07 03:48:50
663,SJS5JL8WKTX,202.54.232.189,JSON,Failed,error,2025-04-22 03:44:46,2025-05-22 03:44:46
664,Q7STZCGTNDB,192.168.223.140,JSON,Pending,error,2025-07-09 18:31:08,2025-07-27 18:31:08
665,ROCSDMDA2PM,103.246.21.107,JSON,Success,error,2025-08-23 14:31:46,2025-09-04 14:31:46
666,0S0QDHEDT01,192.168.147.87,JSON,Success,error,2025-03-27 10:53:23,2025-04-12 10:53:23
667,61R87FADDDK,114.201.249.8,JSON,In-progress,error,2025-07-04 19:50:12,2025-07-05 19:50:12
668,LAM483LL2M8,114.254.91.23,JSON,In-progress,error,2025-04-22 19:39:16,2025-04-26 19:39:16
669,DV819GM8ZWR,103.146.142.45,JSON,Failed,error,2025-08-07 18:43:16,2025-08-12 18:43:16
670,W388OL3KGIM,114.45.63.187,JSON,Success,error,2025-06-16 12:45:35,2025-06-17 12:45:35
671,N6DTQE4CP3C,202.222.201.150,JSON,Pending,error,2025-02-25 23:37:42,2025-03-07 23:37:42
672,YGXV9C8IHCM,180.175.13.184,JSON,In-progress,error,2025-10-23 23:58:41,2025-10-24 23:58:41
673,2B1BVWTG14B,10.41.92.212,JSON,Failed,error,2025-02-08 22:08:16,2025-02-22 22:08:16
674,R2EONQLZ21R,172.20.68.23,JSON,In-progress,error,2025-03-27 21:46:28,2025-04-25 21:46:28
675,03M9LQLTQUG,203.154.170.152,JSON,In-progress,error,2025-02-05 06:45:37,2025-03-06 06:45:37
676,IH2SB4OOE0U,114.70.178.125,JSON,Failed,error,2025-02-11 05:44:13,2025-03-13 05:44:13
677,EOOCBO17F1J,180.127.32.205,JSON,Success,error,2025-02-07 18:27:19,2025-02-13 18:27:19
678,ZAIKXVIF9XP,180.34.79.89,JSON,Failed,error,2025-02-07 08:47:01,2025-03-08 08:47:01
679,DHSWZ8V1E7U,103.10.219.219,JSON,Failed,error,2025-04-21 09:34:40,2025-05-02 09:34:40
680,LEKMBFKYZTB,202.16.48.149,JSON,Pending,error,2025-10-16 20:59:50,2025-10-17 20:59:50
681,VELBCRK5WGY,180.211.62.167,JSON,Failed,error,2025-04-18 04:06:11,2025-04-30 04:06:11
682,T11J5ZNEFHL,203.11.40.252,JSON,In-progress,error,2025-07-05 02:43:56,2025-07-29 02:43:56
683,QOT69X8NU0Q,103.169.210.45,JSON,Pending,error,2025-01-22 01:51:52,2025-02-02 01:51:52
684,JNU62E5RRTI,103.242.2.210,JSON,Success,error,2025-07-09 21:20:13,2025-08-01 21:20:13
685,FGBZG6KN1VE,180.29.179.133,JSON,Success,error,2025-08-21 18:35:53,2025-09-04 18:35:53
686,7J7JK1L0F54,10.16.215.45,JSON,Success,error,2025-08-07 12:32:16,2025-08-28 12:32:16
687,YZI89JDF9K1,203.185.30.27,JSON,Failed,error,2025-07-27 15:46:49,2025-08-09 15:46:49
688,7CQDIGGLVUJ,114.91.147.132,JSON,Failed,error,2025-03-06 14:55:09,2025-03-12 14:55:09
689,TTXUJMG2X8V,114.195.217.174,JSON,In-progress,error,2025-01-19 02:55:12,2025-02-04 02:55:12
690,3EN4Y9O0OKB,10.217.76.22,JSON,Failed,error,2025-08-31 09:35:10,2025-09-03 09:35:10
691,O3UJIDO3RYC,203.166.97.195,JSON,Success,error,2025-07-23 15:06:03,2025-08-02 15:06:03
692,SUO7XHHKN3I,114.122.52.42,JSON,Pending,error,2025-09-10 15:53:12,2025-09-22 15:53:12
693,8L32TWTQKAK,202.214.136.232,JSON,Pending,error,2025-01-22 21:36:44,2025-02-08 21:36:44
694,A68TZ9C831E,192.168.58.7,JSON,Pending,error,2025-04-10 04:46:24,2025-04-13 04:46:24
695,4IMT3THVXAA,10.85.145.91,JSON,Pending,error,2025-06-22 22:01:43,2025-07-08 22:01:43
696,5J7GSRKF1PH,180.14.2.221,JSON,Pending,error,2025-10-25 02:37:10,2025-10-30 02:37:10
697,IJGYX5DRXD8,10.68.114.90,JSON,In-progress,error,2025-03-06 20:13:05,2025-03-26 20:13:05
698,737ETU1CPQ7,202.78.153.27,JSON,Success,error,2025-06-10 09:02:06,2025-06-18 09:02:06
699,SROZYXN5MI4,180.59.147.191,JSON,Success,error,2025-04-03 00:53:26,2025-04-19 00:53:26
700,HLFAJHRZZBT,203.254.102.60,JSON,In-progress,error,2025-01-25 08:18:18,2025-02-23 08:18:18
701,QCB1J9H1DNH,203.221.251.131,JSON,In-progress,error,2025-10-16 16:10:40,2025-10-17 16:10:40
702,E4JUH3J93PD,114.140.171.107,JSON,Failed,error,2025-10-23 15:55:37,2025-10-30 15:55:37
703,8ZPOL3TYY7I,10.211.53.140,JSON,Failed,error,2025-09-13 21:20:31,2025-10-06 21:20:31
704,0IJC3397R7J,202.198.171.153,JSON,Pending,error,2025-01-28 20:00:04,2025-02-01 20:00:04
705,IXZLO1DMQ0M,180.167.158.175,JSON,Pending,error,2025-01-12 10:02:41,2025-01-25 10:02:41
706,9UGHEQR7CY3,202.226.206.227,JSON,Failed,error,2025-09-25 06:53:18,2025-10-13 06:53:18
707,EBFLAOQUXZC,203.233.83.179,JSON,Success,error,2025-09-06 08:55:15,2025-09-13 08:55:15
708,M4AECMV04C9,114.138.148.120,JSON,Pending,error,2025-05-24 12:43:24,2025-06-13 12:43:24
709,WRF6FUOGR97,192.168.87.55,JSON,Failed,error,2025-03-29 06:41:03,2025-04-10 06:41:03
710,TRCT4C90S5H,192.168.87.194,JSON,In-progress,error,2025-08-12 08:14:54,2025-08-12 08:14:54
711,I9QDTYI9N8J,202.227.241.11,JSON,Failed,error,2025-08-17 06:25:23,2025-09-12 06:25:23
712,YU8O6U7PDT7,180.215.208.34,JSON,Pending,error,2025-09-27 08:39:13,2025-10-03 08:39:13
713,BOC3KA43TZ7,103.23.201.35,JSON,In-progress,error,2025-06-22 09:43:41,2025-06-30 09:43:41
714,EU07531UL64,10.17.9.55,JSON,Failed,error,2025-07-29 17:29:45,2025-08-08 17:29:45
715,AAVI065I96U,192.168.19.113,JSON,Pending,error,2025-06-09 00:58:00,2025-06-21 00:58:00
716,9QWOPYDZOE6,10.235.59.214,JSON,Failed,error,2025-07-20 22:10:46,2025-08-03 22:10:46
717,2T3JP4QVT7F,103.167.193.135,JSON,In-progress,error,2025-10-18 05:12:17,2025-11-16 05:12:17
718,EVULOH1QGV7,10.109.166.182,JSON,Success,error,2025-05-19 10:49:11,2025-05-28 10:49:11
719,W2PMHIKUDDG,203.95.92.223,JSON,Success,error,2025-06-08 13:23:21,2025-06-27 13:23:21
720,VDJ0KOS27YS,202.79.221.106,JSON,In-progress,error,2025-06-22 23:29:14,2025-07-16 23:29:14
721,ZAJV7KA15VY,180.64.101.56,JSON,Pending,error,2025-03-04 10:08:15,2025-03-09 10:08:15
722,XD5XIDZQFYP,103.149.15.197,JSON,Pending,error,2025-01-04 03:28:57,2025-01-14 03:28:57
723,L3LHEQZPERW,172.19.29.124,JSON,In-progress,error,2025-03-04 20:06:11,2025-03-28 20:06:11
724,XC3C6VSSGWJ,10.19.22.185,JSON,In-progress,error,2025-01-25 13:10:29,2025-02-23 13:10:29
725,22IUE864RYD,202.230.195.148,JSON,In-progress,error,2025-02-20 16:01:13,2025-03-19 16:01:13
726,EFD36OJ96OD,202.133.246.165,JSON,In-progress,error,2025-08-22 19:56:26,2025-09-05 19:56:26
727,BKCAOU1K9RM,192.168.221.30,JSON,Failed,error,2025-03-21 13:48:26,2025-04-04 13:48:26
728,KDGTGFI8142,10.225.229.102,JSON,In-progress,error,2025-01-06 23:50:51,2025-01-12 23:50:51
729,C0OC8PGTBFD,172.19.253.84,JSON,Pending,error,2025-01-14 13:53:46,2025-02-07 13:53:46
730,HUTPDV6O2RR,103.59.204.118,JSON,In-progress,error,2025-06-22 03:57:00,2025-07-12 03:57:00
731,MDW4WB59OPN,172.25.53.254,JSON,Pending,error,2025-07-22 17:09:35,2025-08-09 17:09:35
732,TCKK7P2WJP0,203.78.136.139,JSON,In-progress,error,2025-10-20 01:13:11,2025-11-09 01:13:11
733,ZLKPJ9S46I4,202.128.107.49,JSON,Success,error,2025-09-13 23:28:28,2025-09-19 23:28:28
734,X5ZPECC7ZEQ,203.232.12.151,JSON,Pending,error,2025-02-27 03:57:27,2025-03-02 03:57:27
735,TXNP9YJP2NM,10.178.142.204,JSON,Failed,error,2025-04-13 03:49:20,2025-05-06 03:49:20
736,WAHR3PKWFDC,203.56.236.78,JSON,Pending,error,2025-01-01 16:45:43,2025-01-12 16:45:43
737,CRL65QGH2XT,202.55.156.104,JSON,Success,error,2025-01-09 05:40:00,2025-01-30 05:40:00
738,YOA3J9FZU7F,10.0.49.202,JSON,In-progress,error,2025-06-08 13:59:39,2025-07-07 13:59:39
739,A9ILU5ERTLO,203.213.104.189,JSON,Success,error,2025-09-01 15:47:35,2025-09-11 15:47:35
740,4O75K3K61E4,180.118.32.196,JSON,Failed,error,2025-01-06 23:36:38,2025-01-22 23:36:38
741,T9EUA45O75D,203.73.165.4,JSON,Success,error,2025-06-02 16:39:02,2025-06-08 16:39:02
742,0XJBMK7A8HN,203.225.147.106,JSON,Failed,error,2025-01-01 16:50:25,2025-01-23 16:50:25
743,RYF8S75IPOF,192.168.60.207,JSON,Pending,error,2025-08-21 00:37:46,2025-08-28 00:37:46
744,G3NZPVN9GLS,10.11.5.119,JSON,Failed,error,2025-08-28 11:45:07,2025-09-08 11:45:07
745,ZM5SEFHFBO1,192.168.32.179,JSON,Pending,error,2025-01-11 04:16:18,2025-02-04 04:16:18
746,3N7O7IMA3LJ,103.83.153.64,JSON,Success,error,2025-03-03 14:49:58,2025-03-10 14:49:58
747,FP1DQL3MLJ7,103.44.237.182,JSON,Pending,error,2025-04-03 19:50:44,2025-05-03 19:50:44
748,3G01EEBYU8G,10.211.119.140,JSON,In-progress,error,2025-03-21 23:04:21,2025-04-20 23:04:21
749,N9YO9TQPTMF,172.20.185.14,JSON,In-progress,error,2025-05-12 05:35:46,2025-05-13 05:35:46
750,B92S10W1KKE,180.156.137.116,JSON,Pending,error,2025-08-19 17:39:06,2025-09-07 17:39:06
751,Q9VWAU1S7D2,203.114.113.133,JSON,Failed,error,2025-09-29 21:27:53,2025-10-26 21:27:53
752,C8E44834RZG,192.168.34.96,JSON,Success,error,2025-02-07 11:26:14,2025-02-12 11:26:14
753,DVTY41QR793,203.250.149.84,JSON,Pending,error,2025-07-08 06:29:46,2025-07-08 06:29:46
754,9M2EVI50CQN,172.24.77.195,JSON,In-progress,error,2025-10-27 16:15:17,2025-10-30 16:15:17
755,B76WO29HHDK,10.207.160.152,JSON,Success,error,2025-02-02 08:02:27,2025-03-03 08:02:27
756,7EJNHS96OPX,114.172.92.98,JSON,Pending,error,2025-03-08 11:08:33,2025-03-19 11:08:33
757,EDXJ161WFDU,114.236.143.100,JSON,Success,error,2025-01-02 01:44:52,2025-01-26 01:44:52
758,XK9OX7FPWU4,180.20.248.240,JSON,Failed,error,2025-10-06 03:46:27,2025-10-24 03:46:27
759,H47WADA5IHZ,10.24.7.186,JSON,Failed,error,2025-04-27 09:13:53,2025-05-12 09:13:53
760,5XAOZETLELU,203.163.94.249,JSON,Success,error,2025-07-04 12:50:25,2025-07-18 12:50:25
761,MA3U7W1J11C,114.97.74.208,JSON,Success,error,2025-06-29 06:59:50,2025-07-27 06:59:50
762,SK2V8FMU1QG,203.138.93.192,JSON,In-progress,error,2025-06-30 23:09:14,2025-07-05 23:09:14
763,XN23BO6OF33,192.168.196.37,JSON,In-progress,error,2025-03-29 16:33:16,2025-04-20 16:33:16
764,HAFT6XYIBU3,180.76.15.4,JSON,Failed,error,2025-05-04 06:15:15,2025-05-08 06:15:15
765,RNS8TMWMVKX,202.230.249.50,JSON,In-progress,error,2025-09-05 06:42:07,2025-09-19 06:42:07
766,NU6GFOP7XYX,114.225.4.24,JSON,In-progress,error,2025-09-18 11:22:23,2025-09-30 11:22:23
767,IR4GLX0FGZS,192.168.61.149,JSON,Failed,error,2025-02-17 16:07:37,2025-03-04 16:07:37
768,13ZQ4ZGALSV,192.168.53.52,JSON,Success,error,2025-09-07 11:51:48,2025-09-23 11:51:48
769,QMPDZXG8O58,203.166.103.155,JSON,Pending,error,2025-01-28 09:50:26,2025-02-06 09:50:26
770,LAIZQWBPKLJ,202.232.221.152,JSON,Failed,error,2025-03-26 16:50:54,2025-04-14 16:50:54
771,7SF8S7O5ZA8,10.98.219.79,JSON,Success,error,2025-02-22 18:53:29,2025-03-19 18:53:29
772,9BWU2NO9KPG,10.172.206.8,JSON,Success,error,2025-09-15 02:35:51,2025-10-02 02:35:51
773,S4P5H5H4B96,202.59.142.41,JSON,Failed,error,2025-03-10 14:33:10,2025-04-08 14:33:10
774,VEP2FO258T0,180.120.52.17,JSON,Success,error,2025-01-21 18:00:10,2025-02-19 18:00:10
775,F1036AYJSGK,103.130.91.58,JSON,In-progress,error,2025-06-17 22:07:26,2025-06-29 22:07:26
776,7HPZ4T05FU0,103.113.144.141,JSON,Failed,error,2025-10-17 01:48:00,2025-11-14 01:48:00
777,01QQ9O8WE1K,192.168.61.233,JSON,Pending,error,2025-10-28 12:29:52,2025-11-06 12:29:52
778,SRWIW1K91N7,10.183.10.185,JSON,Success,error,2025-09-20 15:10:36,2025-10-10 15:10:36
779,MC9O6J5DHAO,202.223.116.121,JSON,In-progress,error,2025-06-27 00:15:24,2025-07-14 00:15:24
780,PFW9UY4V20J,10.148.19.203,JSON,Failed,error,2025-03-27 11:54:53,2025-04-26 11:54:53
781,BTFTMI6SVWZ,202.203.113.178,JSON,Pending,error,2025-03-09 01:25:19,2025-04-05 01:25:19
782,HLY9Q7SFI9Q,180.15.67.70,JSON,Failed,error,2025-04-13 05:37:54,2025-05-07 05:37:54
783,FIRHUZC6484,203.129.196.134,JSON,Success,error,2025-01-15 10:05:50,2025-01-23 10:05:50
784,CQZBKVVJY72,10.103.155.176,JSON,In-progress,error,2025-04-21 12:56:46,2025-04-28 12:56:46
785,OC60BI7BH6I,103.38.89.149,JSON,Pending,error,2025-04-09 02:14:30,2025-04-23 02:14:30
786,73HWATV8ARH,203.118.106.46,JSON,Pending,error,2025-01-12 18:50:16,2025-01-13 18:50:16
787,SHYXCO7Y0KE,172.31.235.33,JSON,Success,error,2025-07-23 09:14:13,2025-08-09 09:14:13
788,KQWQ26M39DW,203.202.252.204,JSON,Success,error,2025-07-12 18:11:56,2025-08-02 18:11:56
789,8FNE23LCGEA,203.183.91.12,JSON,Failed,error,2025-07-31 21:20:05,2025-08-23 21:20:05
790,W6SYMBV2772,192.168.249.126,JSON,Pending,error,2025-03-28 08:28:30,2025-04-08 08:28:30
791,7YCUT0G11U7,172.22.161.145,JSON,In-progress,error,2025-07-09 05:19:48,2025-07-30 05:19:48
792,0JLZTNR3J95,202.104.117.58,JSON,In-progress,error,2025-06-09 18:53:37,2025-06-28 18:53:37
793,UZZ69040MNQ,114.58.111.88,JSON,Success,error,2025-05-20 01:47:39,2025-05-22 01:47:39
794,10HYHEAT6FC,10.189.102.174,JSON,Pending,error,2025-06-22 07:18:27,2025-07-19 07:18:27
795,5M5R1OS1CQK,192.168.144.49,JSON,In-progress,error,2025-01-06 02:05:57,2025-02-03 02:05:57
796,XP7GEJ5A9JP,203.229.155.30,JSON,Failed,error,2025-07-28 15:04:48,2025-08-18 15:04:48
797,KOBH0B7MPK8,202.112.1.44,JSON,Pending,error,2025-02-18 20:05:07,2025-02-22 20:05:07
798,HNM3TFD3RN2,192.168.110.244,JSON,Failed,error,2025-03-26 13:20:29,2025-04-13 13:20:29
799,P4RQGPD9WBL,192.168.212.168,JSON,Success,error,2025-05-13 16:13:03,2025-06-03 16:13:03
800,IS7OY6IXMYL,180.172.103.117,JSON,In-progress,error,2025-06-17 05:35:41,2025-07-16 05:35:41
801,M8G6O7KUB3G,203.164.134.114,JSON,Success,error,2025-03-02 13:13:21,2025-03-26 13:13:21
802,MK8XOO40TF1,103.14.187.19,JSON,Pending,error,2025-10-29 18:17:11,2025-11-08 18:17:11
803,N67M0ILE8V8,172.23.180.179,JSON,Success,error,2025-08-17 03:36:17,2025-08-25 03:36:17
804,QAQL5O7712C,203.110.53.233,JSON,Pending,error,2025-07-01 07:04:20,2025-07-17 07:04:20
805,VFBC4BM8ITP,103.105.7.71,JSON,Failed,error,2025-06-04 10:10:04,2025-06-15 10:10:04
806,7VFXQ8VKWP0,180.46.16.20,JSON,In-progress,error,2025-10-17 14:14:06,2025-11-03 14:14:06
807,E8FOACIM6V4,114.237.6.53,JSON,In-progress,error,2025-02-22 13:03:12,2025-02-24 13:03:12
808,PITAO78COBO,203.119.159.164,JSON,Pending,error,2025-04-30 17:32:34,2025-05-15 17:32:34
809,JXH67KD31H7,172.19.158.176,JSON,Failed,error,2025-05-24 02:28:47,2025-06-21 02:28:47
810,UFOGOKCSCG9,114.203.66.127,JSON,Success,error,2025-04-30 06:02:14,2025-05-27 06:02:14
811,NLCPG0A0KEU,192.168.10.98,JSON,Success,error,2025-01-21 06:18:45,2025-02-16 06:18:45
812,TQBY9SUAN9U,172.18.182.30,JSON,Success,error,2025-08-31 12:21:50,2025-09-19 12:21:50
813,GO9O5WTQYXA,172.20.86.231,JSON,Success,error,2025-01-06 22:42:14,2025-01-14 22:42:14
814,KVG8WNRX63S,172.22.87.187,JSON,Success,error,2025-10-05 00:37:59,2025-10-26 00:37:59
815,B1V5UIOWM2H,103.51.88.124,JSON,Success,error,2025-06-30 11:19:45,2025-07-18 11:19:45
816,PC0KKITIZ0P,10.178.242.175,JSON,Failed,error,2025-03-12 15:58:41,2025-04-04 15:58:41
817,E6V584TW1X4,103.65.58.71,JSON,In-progress,error,2025-09-16 22:11:38,2025-09-19 22:11:38
818,PFKWH62N4R9,203.207.239.63,JSON,Failed,error,2025-05-22 13:21:32,2025-06-03 13:21:32
819,TLDNH5LOTNX,114.244.50.43,JSON,Success,error,2025-09-20 08:52:53,2025-10-02 08:52:53
820,F5F6EUR9WDX,203.76.15.61,JSON,In-progress,error,2025-06-26 11:28:56,2025-07-14 11:28:56
821,23O22UZ5830,192.168.71.147,JSON,Pending,error,2025-07-18 15:56:07,2025-08-04 15:56:07
822,VCGWJ9SWSBT,114.254.198.4,JSON,In-progress,error,2025-05-22 07:14:43,2025-06-07 07:14:43
823,FNW503EHYAZ,10.0.118.119,JSON,Success,error,2025-06-09 16:12:49,2025-06-22 16:12:49
824,919K8TBDRC7,180.2.76.3,JSON,Pending,error,2025-02-15 04:12:57,2025-03-04 04:12:57
825,R9L3GBOL51J,203.177.165.169,JSON,Success,error,2025-02-17 13:23:42,2025-03-06 13:23:42
826,187R18JXGZL,203.108.120.145,JSON,In-progress,error,2025-04-05 06:34:29,2025-04-24 06:34:29
827,QTTMDGR7I4P,180.129.20.137,JSON,Failed,error,2025-03-18 21:58:26,2025-03-25 21:58:26
828,H376DL4NKFJ,202.203.28.86,JSON,In-progress,error,2025-10-28 07:50:29,2025-10-31 07:50:29
829,D1UIQ3V64KZ,203.130.243.91,JSON,Success,error,2025-02-28 01:48:24,2025-03-02 01:48:24
830,ELVX9B2237E,203.33.18.2,JSON,In-progress,error,2025-06-13 08:01:37,2025-06-23 08:01:37
831,TDLGDPC8II1,192.168.246.214,JSON,In-progress,error,2025-09-23 15:49:24,2025-10-19 15:49:24
832,O36MFQZ9C9T,10.76.88.10,JSON,Success,error,2025-06-21 12:30:51,2025-07-07 12:30:51
833,OS5SNACV939,103.57.123.131,JSON,Pending,error,2025-04-08 01:04:11,2025-04-12 01:04:11
834,XBQRVMHO8VL,203.225.102.50,JSON,In-progress,error,2025-09-05 14:36:39,2025-10-02 14:36:39
835,O22OHGP99ZA,10.86.252.228,JSON,Pending,error,2025-08-28 11:54:50,2025-08-31 11:54:50
836,I3C84OVARJ6,180.83.125.195,JSON,Success,error,2025-04-29 19:14:33,2025-05-06 19:14:33
837,QYLGLU5ZT9W,192.168.44.63,JSON,In-progress,error,2025-09-24 12:50:09,2025-10-07 12:50:09
838,ZUCDENS7JSQ,203.158.239.96,JSON,Failed,error,2025-02-17 22:32:35,2025-03-18 22:32:35
839,RYKNDAG940S,202.29.89.149,JSON,In-progress,error,2025-06-11 00:29:59,2025-06-21 00:29:59
840,OZE8EFJ93BP,203.48.189.161,JSON,Success,error,2025-06-23 18:16:21,2025-06-29 18:16:21
841,FNC3SXBO2RT,114.250.96.29,JSON,Success,error,2025-05-11 17:11:10,2025-05-19 17:11:10
842,ASDO66N9Y91,172.21.117.40,JSON,In-progress,error,2025-08-08 13:39:44,2025-08-19 13:39:44
843,C35U0P8XSCR,172.24.177.109,JSON,Success,error,2025-02-17 11:13:06,2025-02-17 11:13:06
844,GZFZ7W7ZNC7,192.168.168.141,JSON,Pending,error,2025-10-23 19:33:50,2025-11-03 19:33:50
845,RBYT2DSFDKV,203.108.182.212,JSON,Failed,error,2025-01-08 08:43:31,2025-02-02 08:43:31
846,3TVSDNELNX2,203.78.174.247,JSON,Failed,error,2025-04-17 04:57:17,2025-04-26 04:57:17
847,WCJGS9E3C14,10.245.142.129,JSON,Pending,error,2025-05-21 17:07:32,2025-05-23 17:07:32
848,E2UZQSXFLA1,202.48.197.243,JSON,Pending,error,2025-09-03 08:02:17,2025-10-02 08:02:17
849,L50WVO45TER,180.54.159.70,JSON,Failed,error,2025-01-31 11:34:37,2025-02-26 11:34:37
850,8EAXX32SG06,202.64.30.175,JSON,Success,error,2025-07-07 02:56:51,2025-07-28 02:56:51
851,4ZS7E7L4KOX,114.85.155.232,JSON,Success,error,2025-04-03 16:25:46,2025-04-22 16:25:46
852,86M6TYJBJ1J,10.218.220.9,JSON,In-progress,error,2025-03-31 04:41:05,2025-04-18 04:41:05
853,ZD6FO2LE3SI,203.199.153.53,JSON,Pending,error,2025-01-29 15:13:02,2025-02-26 15:13:02
854,6XMHJMGZGZA,103.35.27.245,JSON,In-progress,error,2025-03-15 12:46:20,2025-04-02 12:46:20
855,UVLPQBFQSVW,10.202.220.152,JSON,Success,error,2025-10-07 21:08:23,2025-10-26 21:08:23
856,HCCVRWO9N2D,172.28.255.67,JSON,Failed,error,2025-03-06 15:02:11,2025-03-28 15:02:11
857,E24CG62TCXB,203.130.242.248,JSON,Success,error,2025-05-07 08:22:04,2025-06-04 08:22:04
858,4UK7W6KM0IG,203.35.136.42,JSON,In-progress,error,2025-03-21 17:29:12,2025-03-28 17:29:12
859,AKFMY6HCPZW,103.162.247.53,JSON,Failed,error,2025-06-04 16:06:00,2025-06-25 16:06:00
860,X7VO2AMBBCA,10.248.43.91,JSON,In-progress,error,2025-01-18 18:35:42,2025-02-12 18:35:42
861,STYP93NISB7,202.188.178.152,JSON,Failed,error,2025-08-15 22:53:26,2025-09-14 22:53:26
862,AAE2GMDZU5B,103.83.196.223,JSON,Failed,error,2025-02-13 02:00:54,2025-03-02 02:00:54
863,OQ3QO9EPNBK,103.51.82.183,JSON,In-progress,error,2025-04-28 14:36:52,2025-05-14 14:36:52
864,PH2O16GFGI8,172.17.198.141,JSON,Pending,error,2025-03-25 12:38:59,2025-04-14 12:38:59
865,7CVYQMFG0AW,180.115.211.221,JSON,Pending,error,2025-03-14 02:39:22,2025-04-02 02:39:22
866,LHP8RSTGDLV,114.205.175.1,JSON,Pending,error,2025-05-11 08:15:53,2025-05-22 08:15:53
867,5RCZ5092MLA,103.152.167.138,JSON,Success,error,2025-05-20 21:22:26,2025-06-18 21:22:26
868,O2JUSUDRPXC,103.79.170.207,JSON,Pending,error,2025-07-04 20:42:30,2025-07-05 20:42:30
869,ULWOIRAVOY6,114.111.50.143,JSON,Success,error,2025-08-31 18:54:44,2025-09-26 18:54:44
870,VQXJUX9RXQ5,202.2.85.226,JSON,Pending,error,2025-01-01 11:03:02,2025-01-24 11:03:02
871,3RQ8FH462J6,203.12.37.54,JSON,Success,error,2025-10-22 14:56:54,2025-11-12 14:56:54
872,B0TEP9810Y2,180.95.127.70,JSON,Failed,error,2025-09-19 23:26:39,2025-10-15 23:26:39
873,TRXDWKHYJ6Q,203.13.74.102,JSON,Failed,error,2025-02-08 06:50:45,2025-02-21 06:50:45
874,DQ3JO6EVGQC,180.52.162.52,JSON,Pending,error,2025-07-19 23:07:47,2025-08-03 23:07:47
875,NJYGQ10Y11Y,192.168.36.254,JSON,Failed,error,2025-05-22 09:07:03,2025-06-17 09:07:03
876,F354GD11JGC,172.19.170.123,JSON,Success,error,2025-05-25 07:41:06,2025-06-03 07:41:06
877,BTLTUJQOIIP,192.168.233.119,JSON,Pending,error,2025-01-11 12:52:59,2025-01-19 12:52:59
878,L0AF8POPJ62,10.183.26.119,JSON,Pending,error,2025-03-02 13:42:48,2025-03-20 13:42:48
879,QSQQGFQ5LKO,203.155.233.58,JSON,Success,error,2025-06-17 06:32:12,2025-06-24 06:32:12
880,453UM6V7H4N,192.168.175.117,JSON,In-progress,error,2025-07-06 02:41:01,2025-07-20 02:41:01
881,J2QV1SWLNCB,203.240.12.136,JSON,Success,error,2025-07-27 01:32:35,2025-08-03 01:32:35
882,Z7UR19I9NPB,103.52.88.48,JSON,In-progress,error,2025-09-28 04:37:40,2025-09-28 04:37:40
883,ZL1ZMKDP8RG,10.101.210.56,JSON,Success,error,2025-02-05 06:46:39,2025-02-22 06:46:39
884,P7WV1X2TNV4,192.168.30.203,JSON,In-progress,error,2025-01-25 05:52:33,2025-01-30 05:52:33
885,8318NFND1HG,203.90.6.147,JSON,Failed,error,2025-09-26 06:59:09,2025-09-26 06:59:09
886,8KDAK3WD55H,10.22.31.106,JSON,In-progress,error,2025-01-25 21:26:50,2025-02-18 21:26:50
887,1TRRKCTXWKU,114.4.120.171,JSON,Success,error,2025-08-01 12:51:38,2025-08-26 12:51:38
888,YT6R7UIA5ZP,114.41.205.229,JSON,Success,error,2025-04-16 15:42:09,2025-05-12 15:42:09
889,RH8Z96P8O9T,103.200.93.3,JSON,Failed,error,2025-06-19 22:20:36,2025-07-15 22:20:36
890,LREHGKGSC3N,180.240.203.24,JSON,Failed,error,2025-02-09 06:13:39,2025-03-03 06:13:39
891,IDAJFUQH90S,10.52.7.176,JSON,Failed,error,2025-05-22 00:43:47,2025-05-23 00:43:47
892,GLLEVHN1K5S,203.250.94.145,JSON,In-progress,error,2025-06-04 17:08:42,2025-06-30 17:08:42
893,CS484O8ABK2,180.226.233.177,JSON,In-progress,error,2025-10-07 18:43:59,2025-10-24 18:43:59
894,OPU81Z5RC3Z,192.168.90.197,JSON,Pending,error,2025-10-05 20:44:29,2025-10-12 20:44:29
895,AGJA5G54Y3N,172.24.247.107,JSON,In-progress,error,2025-08-22 19:58:27,2025-08-24 19:58:27
896,DVHTKNFFLYS,180.112.97.247,JSON,Success,error,2025-06-08 04:48:56,2025-06-09 04:48:56
897,H14IFR116UI,192.168.185.94,JSON,Pending,error,2025-07-30 18:27:15,2025-08-05 18:27:15
898,YLJUP36U3M4,192.168.40.56,JSON,Pending,error,2025-10-24 20:26:04,2025-10-30 20:26:04
899,E80A0Z563S9,180.211.135.36,JSON,Pending,error,2025-03-10 18:33:19,2025-03-29 18:33:19
900,O184ICXUB05,10.174.144.154,JSON,Success,error,2025-01-05 12:26:36,2025-01-19 12:26:36
901,RD0P9JXG3OI,172.30.57.222,JSON,Success,error,2024-12-27 07:06:37,2025-01-22 07:06:37
902,DQCXNM7STM4,103.108.17.189,JSON,Failed,error,2025-07-07 19:29:41,2025-07-27 19:29:41
903,GJA03LX80PZ,10.36.148.208,JSON,Success,error,2025-08-01 01:59:27,2025-08-17 01:59:27
904,C8YJKHXBS3R,103.109.112.229,JSON,Success,error,2025-04-23 11:11:31,2025-04-26 11:11:31
905,OTEI2LN4C1A,114.69.148.31,JSON,Pending,error,2025-03-28 22:05:54,2025-04-10 22:05:54
906,S5DO6908PQG,192.168.80.130,JSON,In-progress,error,2025-08-20 07:47:18,2025-09-19 07:47:18
907,0P2SQXT3VTH,103.215.174.108,JSON,Success,error,2025-10-29 19:24:36,2025-11-08 19:24:36
908,KPGW9GR99CW,203.11.88.171,JSON,In-progress,error,2025-07-24 20:57:43,2025-08-11 20:57:43
909,RJGVIT2SDR9,192.168.244.76,JSON,Success,error,2025-06-18 06:01:33,2025-06-24 06:01:33
910,MZ1VCVL7VYN,202.102.104.101,JSON,Failed,error,2025-02-16 02:40:28,2025-03-08 02:40:28
911,613W3NR4FG6,10.83.250.113,JSON,Success,error,2025-10-23 05:51:31,2025-11-01 05:51:31
912,5ETJNYPIF06,203.99.39.26,JSON,Failed,error,2025-02-22 03:57:56,2025-03-07 03:57:56
913,6FBZCYEPSFS,203.195.69.5,JSON,Pending,error,2025-06-09 10:56:36,2025-06-14 10:56:36
914,96C0CXXXD1M,202.121.151.206,JSON,In-progress,error,2025-02-11 01:30:41,2025-03-03 01:30:41
915,8BRGK3FWC5X,180.202.165.18,JSON,Success,error,2025-08-30 22:14:20,2025-09-09 22:14:20
916,TDIVTAXK4XA,202.147.46.83,JSON,Success,error,2025-03-24 01:39:13,2025-03-29 01:39:13
917,ZMO74V9A8M0,202.74.44.143,JSON,Pending,error,2025-03-26 12:38:40,2025-04-04 12:38:40
918,HEPYSP2PPYD,192.168.119.91,JSON,Pending,error,2025-05-17 03:15:28,2025-05-31 03:15:28
919,N0ZYM1W7359,10.19.118.218,JSON,In-progress,error,2025-02-12 21:54:25,2025-03-10 21:54:25
920,YV0SBUY496U,180.109.192.210,JSON,Success,error,2025-04-17 16:51:47,2025-05-01 16:51:47
921,CQ4P5O4TGEJ,10.77.239.165,JSON,In-progress,error,2025-03-18 05:30:16,2025-04-08 05:30:16
922,WOWTP0ASXOL,192.168.124.96,JSON,Pending,error,2025-08-06 01:00:44,2025-08-17 01:00:44
923,4CQC0FLJEVA,192.168.136.51,JSON,Success,error,2025-05-27 06:48:55,2025-05-27 06:48:55
924,YT0W1GLIHQA,192.168.213.40,JSON,Pending,error,2025-04-22 15:09:47,2025-05-22 15:09:47
925,VHD71PONOC2,203.214.177.4,JSON,Failed,error,2025-07-23 11:35:33,2025-08-22 11:35:33
926,3SP1CHK5ZX7,180.176.109.173,JSON,Success,error,2025-10-12 22:48:27,2025-10-12 22:48:27
927,B00YAADNXHD,180.111.71.230,JSON,Success,error,2025-06-21 02:26:00,2025-06-25 02:26:00
928,M5NF6ORGYJK,114.41.181.101,JSON,Pending,error,2025-01-19 09:12:51,2025-02-05 09:12:51
929,V5PO11GN4JU,202.84.173.199,JSON,Pending,error,2025-04-18 18:32:21,2025-04-22 18:32:21
930,WTD1T0T45GT,10.48.34.140,JSON,Pending,error,2025-04-16 05:57:41,2025-05-16 05:57:41
931,ODPEE8E5BNM,192.168.85.231,JSON,Failed,error,2025-10-06 14:14:14,2025-10-11 14:14:14
932,H4JK8LDES7Q,172.26.17.178,JSON,Success,error,2025-08-20 16:42:30,2025-09-01 16:42:30
933,VTJMEVN1Q3X,172.30.22.106,JSON,Failed,error,2025-02-04 02:25:46,2025-02-06 02:25:46
934,D8Z9TAL0QMR,103.182.108.52,JSON,Failed,error,2025-06-06 21:08:19,2025-06-17 21:08:19
935,P88WR0QVDZZ,202.82.229.175,JSON,In-progress,error,2025-09-14 11:54:49,2025-10-03 11:54:49
936,K74EO7B1BS8,10.75.0.137,JSON,In-progress,error,2025-08-26 02:17:08,2025-08-29 02:17:08
937,T816O8FPDFW,180.145.159.73,JSON,Pending,error,2025-08-12 22:49:46,2025-09-04 22:49:46
938,WOELMA9VGLX,192.168.89.217,JSON,Pending,error,2025-04-29 18:06:30,2025-05-04 18:06:30
939,RLPQM2LJE43,172.16.71.254,JSON,Pending,error,2025-03-24 14:31:04,2025-04-07 14:31:04
940,T6ZARX49NGG,192.168.69.33,JSON,Success,error,2025-06-21 15:17:56,2025-07-07 15:17:56
941,Q3QNVY30ZMZ,180.156.4.100,JSON,Pending,error,2025-02-26 02:24:06,2025-03-11 02:24:06
942,ODKCCVHFFNU,192.168.180.188,JSON,Success,error,2025-07-01 16:15:36,2025-07-04 16:15:36
943,CXSHH9HTERC,10.150.17.6,JSON,Success,error,2025-09-09 15:53:01,2025-09-16 15:53:01
944,MMQGGOL1F0T,172.17.84.179,JSON,Pending,error,2025-06-10 09:30:53,2025-06-19 09:30:53
945,WL6S8KJCNYU,203.143.36.215,JSON,Failed,error,2025-10-23 02:38:41,2025-11-15 02:38:41
946,1PTLJ6YOUHK,172.16.217.69,JSON,Failed,error,2025-01-15 17:23:45,2025-02-03 17:23:45
947,B1IB1ZXM6X6,203.111.253.60,JSON,Pending,error,2025-09-05 01:01:20,2025-09-28 01:01:20
948,BXO2S7JFQ3M,103.237.121.166,JSON,Pending,error,2025-06-30 06:07:06,2025-07-28 06:07:06
949,IZI0LTOFGQA,203.150.60.195,JSON,In-progress,error,2025-06-26 03:34:05,2025-07-21 03:34:05
950,LPV2N4WC5W7,180.60.13.50,JSON,Failed,error,2025-02-15 02:08:08,2025-03-17 02:08:08
951,A8B1TPBY73U,114.236.120.6,JSON,Pending,error,2025-01-02 20:41:00,2025-01-17 20:41:00
952,FKHIMZUYNCZ,203.68.191.162,JSON,Success,error,2025-06-29 08:43:53,2025-07-09 08:43:53
953,TGP9Y10WQ4O,172.21.1.157,JSON,In-progress,error,2025-05-22 09:05:31,2025-06-11 09:05:31
954,X7OT8J0YEJH,202.33.23.176,JSON,Failed,error,2025-04-01 22:49:43,2025-05-01 22:49:43
955,W0XBE8K3GNE,202.172.175.240,JSON,Failed,error,2025-02-08 13:13:50,2025-02-24 13:13:50
956,R1WOMT2LHOX,202.43.25.200,JSON,Pending,error,2025-06-01 00:48:42,2025-06-06 00:48:42
957,WTVBXUCUNT1,103.154.37.148,JSON,Pending,error,2025-05-13 09:39:00,2025-06-01 09:39:00
958,A626Y01VOKQ,114.169.222.203,JSON,In-progress,error,2025-02-17 08:40:27,2025-03-06 08:40:27
959,8AWECLWMRU7,114.213.244.253,JSON,In-progress,error,2025-09-21 10:46:29,2025-09-22 10:46:29
960,K5OCJ8H08BZ,203.32.134.63,JSON,In-progress,error,2025-04-17 07:46:01,2025-05-13 07:46:01
961,DTCNQ8PY5DK,172.23.6.246,JSON,In-progress,error,2025-09-15 02:53:38,2025-09-15 02:53:38
962,YL0DMYQTC6F,10.200.120.59,JSON,Failed,error,2025-07-13 20:51:35,2025-07-20 20:51:35
963,C5ZPET82ENM,114.130.205.167,JSON,Pending,error,2025-04-22 20:30:31,2025-05-01 20:30:31
964,OJ6K4LKJAEX,114.133.63.254,JSON,Pending,error,2025-02-14 17:54:09,2025-02-20 17:54:09
965,V79WHM7Z44C,172.30.10.18,JSON,Pending,error,2025-10-14 16:49:38,2025-10-15 16:49:38
966,B6MX5CG4X1D,172.26.185.1,JSON,Success,error,2025-01-13 21:13:10,2025-02-03 21:13:10
967,4U3NI4QMKRO,192.168.207.68,JSON,Failed,error,2025-05-14 12:07:37,2025-06-04 12:07:37
968,ALB9SQZZ4AH,103.116.187.109,JSON,In-progress,error,2025-05-29 03:25:22,2025-06-03 03:25:22
969,DQXW6A9N4OH,203.70.9.7,JSON,Success,error,2025-04-06 12:22:25,2025-04-09 12:22:25
970,FS4FDH30REI,202.147.53.195,JSON,Pending,error,2025-03-22 16:31:14,2025-04-20 16:31:14
971,QWDY7OI984D,202.75.117.95,JSON,In-progress,error,2025-09-26 15:44:40,2025-10-22 15:44:40
972,OUHLUREA0QP,180.229.108.147,JSON,In-progress,error,2025-05-18 15:37:16,2025-05-22 15:37:16
973,0EIWAKBXFQU,114.16.78.202,JSON,Failed,error,2025-03-04 12:10:39,2025-03-19 12:10:39
974,I2CG8I01F67,172.21.254.96,JSON,Failed,error,2025-08-19 22:42:58,2025-08-21 22:42:58
975,HCRQ7J3LM58,10.42.152.143,JSON,In-progress,error,2025-02-12 11:54:04,2025-02-14 11:54:04
976,WYOAK7REBC2,203.68.1.218,JSON,Pending,error,2025-07-07 18:52:21,2025-07-23 18:52:21
977,EDWC2ZPKWLO,172.28.240.206,JSON,Failed,error,2025-07-10 16:16:35,2025-07-26 16:16:35
978,2QXK1WZF3LA,202.172.190.21,JSON,Failed,error,2025-03-16 20:17:24,2025-03-23 20:17:24
979,ISCX9WZ5XHQ,103.4.80.132,JSON,In-progress,error,2024-12-28 14:23:47,2024-12-30 14:23:47
980,3M7SV344D3P,103.121.82.218,JSON,Failed,error,2025-08-18 06:03:18,2025-09-01 06:03:18
981,H3ALXQE8TMC,203.247.155.211,JSON,Success,error,2025-08-25 10:01:37,2025-08-26 10:01:37
982,0DBT2M417HY,10.170.200.52,JSON,In-progress,error,2025-03-05 11:15:29,2025-03-25 11:15:29
983,QB9O1W9TL6T,202.4.10.114,JSON,Success,error,2025-04-27 20:43:27,2025-05-25 20:43:27
984,PTEGUT0DB77,202.101.113.62,JSON,Failed,error,2025-09-24 02:26:28,2025-10-06 02:26:28
985,BLJ7WXVL8ZK,192.168.95.202,JSON,Success,error,2025-02-28 03:27:32,2025-03-25 03:27:32
986,D0P8QBJY5NP,172.31.208.20,JSON,Pending,error,2025-01-17 00:19:26,2025-01-28 00:19:26
987,U89EIT3OVDE,114.55.144.80,JSON,In-progress,error,2025-09-03 09:21:44,2025-09-13 09:21:44
988,3LWBZTNY8PU,103.123.185.24,JSON,Failed,error,2025-03-03 13:48:20,2025-03-21 13:48:20
989,12IAFCFGEYS,103.204.140.163,JSON,Failed,error,2025-04-01 12:55:59,2025-04-05 12:55:59
990,GQ03W2PO1HM,180.68.148.227,JSON,In-progress,error,2025-05-29 07:20:43,2025-06-10 07:20:43
991,CKQLMJWU62O,203.82.107.241,JSON,Pending,error,2025-03-08 01:00:30,2025-03-16 01:00:30
992,WP8KRKC0BWD,203.105.70.41,JSON,In-progress,error,2025-10-14 14:54:48,2025-10-30 14:54:48
993,0B69F41Z10R,203.45.38.62,JSON,Pending,error,2025-01-25 22:14:18,2025-02-13 22:14:18
994,U5XULNOFO3S,203.140.113.185,JSON,Pending,error,2025-10-16 18:28:17,2025-11-11 18:28:17
995,M131NL1V80V,10.228.171.31,JSON,Success,error,2025-01-20 21:41:34,2025-02-11 21:41:34
996,FZEXRX80NL0,202.207.119.156,JSON,In-progress,error,2025-09-27 19:17:51,2025-10-09 19:17:51
997,3TMBH5JDBPX,192.168.139.50,JSON,In-progress,error,2025-05-06 08:18:35,2025-05-19 08:18:35
998,FSNOVZT7DH5,114.144.88.155,JSON,Pending,error,2025-03-04 03:33:41,2025-03-15 03:33:41
999,ITGUJHNX566,172.31.44.119,JSON,In-progress,error,2025-08-28 22:00:16,2025-09-06 22:00:16
1000,UMIHLILYLRA,192.168.4.161,JSON,In-progress,error,2025-09-08 10:04:29,2025-10-04 10:04:29
