village_commodities_id,village_id,village_code,name,created_at,updated_at
1,1,11.08.13.2017,Cengkeh,2025-04-16 17:54:42,2025-04-20 17:54:42
2,2,11.08.13.2017,Ikan Nila,2025-07-06 02:43:20,2025-07-28 02:43:20
3,3,11.08.13.2017,Manggis,2025-07-22 18:18:18,2025-07-28 18:18:18
4,4,11.08.13.2017,Kerupuk,2025-06-11 12:12:34,2025-07-08 12:12:34
5,5,11.08.13.2017,Kerupuk,2025-01-26 07:21:12,2025-02-21 07:21:12
6,6,11.08.13.2017,Kapas,2025-03-30 13:59:47,2025-04-11 13:59:47
7,7,11.08.13.2017,Ikan Nila,2025-04-28 14:32:52,2025-05-11 14:32:52
8,8,11.08.13.2017,Rotan,2025-09-08 02:42:41,2025-09-09 02:42:41
9,9,11.08.13.2017,Jambu Biji,2025-07-29 18:34:14,2025-08-05 18:34:14
10,10,11.08.13.2017,Pala,2025-03-26 22:06:58,2025-03-30 22:06:58
11,11,11.08.13.2017,Vanili,2025-08-02 13:01:58,2025-08-31 13:01:58
12,12,11.08.13.2017,Kopi Bubuk,2025-10-15 18:55:02,2025-11-03 18:55:02
13,13,11.08.13.2017,Gula Aren,2025-01-05 01:28:10,2025-01-16 01:28:10
14,14,11.08.13.2017,Kerupuk,2025-07-18 12:13:08,2025-08-12 12:13:08
15,15,11.08.13.2017,Kerbau,2025-03-06 06:54:21,2025-03-27 06:54:21
16,16,11.08.13.2017,Wajik,2025-07-28 05:33:19,2025-08-27 05:33:19
17,17,11.08.13.2017,Bawang Merah,2025-01-11 10:54:24,2025-01-31 10:54:24
18,18,11.08.13.2017,Jeruk,2025-01-09 21:51:43,2025-01-10 21:51:43
19,19,11.08.13.2017,Babi,2025-08-10 06:21:29,2025-08-20 06:21:29
20,20,11.08.13.2017,Kopi,2025-01-29 23:48:55,2025-02-13 23:48:55
21,21,11.08.13.2017,Itik,2025-07-14 18:58:01,2025-08-03 18:58:01
22,22,11.08.13.2017,Jambu Air,2025-03-29 07:35:05,2025-04-11 07:35:05
23,23,11.08.13.2017,Tomat,2025-03-28 19:05:03,2025-04-01 19:05:03
24,24,11.08.13.2017,Emping,2024-12-28 05:55:44,2025-01-01 05:55:44
25,25,11.08.13.2017,Kopi Bubuk,2025-02-07 05:28:54,2025-02-10 05:28:54
26,26,11.08.13.2017,Nanas,2025-04-05 13:30:42,2025-04-11 13:30:42
27,27,11.08.13.2017,Kayu Manis,2025-07-11 19:25:51,2025-07-25 19:25:51
28,28,11.08.13.2017,Tembakau,2025-02-25 17:49:38,2025-03-21 17:49:38
29,29,11.08.13.2017,Kakao,2025-02-19 04:02:45,2025-02-22 04:02:45
30,30,11.08.13.2017,Lengkeng,2025-03-14 13:01:37,2025-03-15 13:01:37
31,31,11.08.13.2017,Kerajinan Rotan,2025-06-06 00:33:18,2025-06-13 00:33:18
32,32,11.08.13.2017,Tenun,2025-04-03 15:31:52,2025-04-25 15:31:52
33,33,11.08.13.2017,Ikan Mas,2025-02-24 00:25:38,2025-03-10 00:25:38
34,34,11.08.13.2017,Teh,2025-01-12 18:04:20,2025-02-02 18:04:20
35,35,11.08.13.2017,Sawi,2025-04-06 11:38:49,2025-04-26 11:38:49
36,36,11.08.13.2017,Keramik,2025-03-04 18:24:42,2025-03-05 18:24:42
37,37,11.08.13.2017,Gula Merah,2025-10-02 12:26:57,2025-10-12 12:26:57
38,38,11.08.13.2017,Tebu,2025-05-31 02:03:12,2025-06-03 02:03:12
39,39,11.08.13.2017,Sawi,2025-05-30 22:10:13,2025-06-02 22:10:13
40,40,11.08.13.2017,Jeruk,2025-04-23 04:46:24,2025-04-26 04:46:24
41,41,11.08.13.2017,Burung Puyuh,2025-09-11 21:42:07,2025-09-19 21:42:07
42,42,11.08.13.2017,Kacang Panjang,2025-05-26 01:09:03,2025-06-15 01:09:03
43,43,11.08.13.2017,Pala,2025-10-22 03:48:20,2025-11-21 03:48:20
44,44,11.08.13.2017,Ikan Nila,2025-03-19 03:36:09,2025-03-25 03:36:09
45,45,11.08.13.2017,Kayu Jati,2025-08-20 11:04:56,2025-09-14 11:04:56
46,46,11.08.13.2017,Melon,2025-02-06 01:18:12,2025-03-01 01:18:12
47,47,11.08.13.2017,Pala,2025-01-20 13:41:31,2025-01-23 13:41:31
48,48,11.08.13.2017,Kemiri,2025-03-27 21:31:34,2025-04-15 21:31:34
49,49,11.08.13.2017,Terong,2025-06-13 06:53:46,2025-06-14 06:53:46
50,50,11.08.13.2017,Rotan,2025-09-21 16:03:13,2025-10-03 16:03:13
51,51,11.08.13.2017,Cabai,2025-04-06 04:27:07,2025-05-05 04:27:07
52,52,11.08.13.2017,Manggis,2025-06-16 18:40:23,2025-06-18 18:40:23
53,53,11.08.13.2017,Kelapa,2025-10-07 12:40:02,2025-10-31 12:40:02
54,54,11.08.13.2017,Salak,2025-04-07 03:46:31,2025-04-17 03:46:31
55,55,11.08.13.2017,Lada,2025-03-19 11:50:16,2025-04-09 11:50:16
56,56,11.08.13.2017,Jambu Biji,2025-01-07 00:53:25,2025-02-05 00:53:25
57,57,11.08.13.2017,Manggis,2025-08-21 19:53:52,2025-09-02 19:53:52
58,58,11.08.13.2017,Labu,2025-06-07 07:43:34,2025-06-14 07:43:34
59,59,11.08.13.2017,Kemiri,2025-08-07 18:22:43,2025-08-28 18:22:43
60,60,11.08.13.2017,Pepaya,2025-08-03 07:23:42,2025-08-22 07:23:42
61,61,11.08.13.2017,Kelinci,2025-09-27 17:49:28,2025-10-04 17:49:28
62,62,11.08.13.2017,Jeruk,2025-08-03 12:15:24,2025-08-14 12:15:24
63,63,11.08.13.2017,Bayam,2025-01-19 14:13:53,2025-02-02 14:13:53
64,64,11.08.13.2017,Ukiran Kayu,2025-03-31 19:33:57,2025-04-08 19:33:57
65,65,11.08.13.2017,Pala,2025-03-22 15:24:32,2025-03-27 15:24:32
66,66,11.08.13.2017,Burung Puyuh,2025-05-21 16:53:44,2025-05-29 16:53:44
67,67,11.08.13.2017,Kopi Bubuk,2025-07-03 03:31:38,2025-08-02 03:31:38
68,68,11.08.13.2017,Duku,2025-03-18 13:26:23,2025-03-28 13:26:23
69,69,11.08.13.2017,Jambu Air,2025-03-30 18:01:47,2025-04-21 18:01:47
70,70,11.08.13.2017,Sukun,2025-07-30 20:05:00,2025-08-23 20:05:00
71,71,11.08.13.2017,Ikan Mas,2025-09-16 14:12:56,2025-09-23 14:12:56
72,72,11.08.13.2017,Cengkeh,2025-02-07 09:49:11,2025-02-17 09:49:11
73,73,11.08.13.2017,Kopi Bubuk,2025-03-29 13:59:51,2025-04-27 13:59:51
74,74,11.08.13.2017,Timun,2025-07-07 13:23:09,2025-07-17 13:23:09
75,75,11.08.13.2017,Kacang Hijau,2025-01-05 10:17:05,2025-02-02 10:17:05
76,76,11.08.13.2017,Tebu,2025-07-25 05:17:11,2025-07-25 05:17:11
77,77,11.08.13.2017,Jagung,2025-05-04 15:55:46,2025-05-17 15:55:46
78,78,11.08.13.2017,Burung Puyuh,2025-06-09 19:58:18,2025-07-06 19:58:18
79,79,11.08.13.2017,Bawang Putih,2025-09-29 12:09:42,2025-10-14 12:09:42
80,80,11.08.13.2017,Jambu Mete,2025-06-10 15:35:34,2025-06-20 15:35:34
81,81,11.08.13.2017,Kedelai,2025-03-02 17:27:12,2025-03-04 17:27:12
82,82,11.08.13.2017,Jagung,2025-07-13 04:18:32,2025-07-22 04:18:32
83,83,11.08.13.2017,Gula Merah,2025-07-03 11:33:01,2025-07-29 11:33:01
84,84,11.08.13.2017,Sapi,2025-01-13 00:19:31,2025-01-20 00:19:31
85,85,11.08.13.2017,Jambu Mete,2025-10-22 19:33:32,2025-10-23 19:33:32
86,86,11.08.13.2017,Emping,2025-03-04 12:35:29,2025-03-10 12:35:29
87,87,11.08.13.2017,Kacang Hijau,2025-09-06 05:22:24,2025-09-27 05:22:24
88,88,11.08.13.2017,Sukun,2025-08-24 22:14:34,2025-09-13 22:14:34
89,89,11.08.13.2017,Kerajinan Kulit,2025-02-25 01:28:42,2025-03-19 01:28:42
90,90,11.08.13.2017,Kelapa,2025-04-01 23:19:01,2025-04-01 23:19:01
91,91,11.08.13.2017,Sirsak,2025-01-26 18:28:31,2025-02-04 18:28:31
92,92,11.08.13.2017,Salak,2025-10-16 08:39:35,2025-11-10 08:39:35
93,93,11.08.13.2017,Ikan Mas,2025-03-15 00:23:53,2025-04-07 00:23:53
94,94,11.08.13.2017,Ubi Kayu,2025-06-14 13:19:28,2025-06-21 13:19:28
95,95,11.08.13.2017,Kentang,2025-10-27 06:14:32,2025-11-17 06:14:32
96,96,11.08.13.2017,Teh,2025-08-01 03:18:19,2025-08-13 03:18:19
97,97,11.08.13.2017,Terong,2025-05-14 11:47:55,2025-06-07 11:47:55
98,98,11.08.13.2017,Burung Puyuh,2024-12-31 15:31:17,2025-01-28 15:31:17
99,99,11.08.13.2017,Gula Aren,2025-07-16 01:37:15,2025-07-28 01:37:15
100,100,11.08.13.2017,Jambu Air,2025-01-09 07:15:43,2025-02-08 07:15:43
101,101,11.08.13.2017,Sawo,2025-09-11 05:54:52,2025-10-02 05:54:52
102,102,11.08.13.2017,Pinang,2025-05-03 08:12:58,2025-05-20 08:12:58
103,103,11.08.13.2017,Pisang,2025-08-03 09:56:41,2025-08-10 09:56:41
104,104,11.08.13.2017,Pinang,2025-05-15 15:21:03,2025-05-22 15:21:03
105,105,11.08.13.2017,Kelapa,2025-07-13 01:53:25,2025-08-05 01:53:25
106,106,11.08.13.2017,Wortel,2025-03-11 17:05:47,2025-03-24 17:05:47
107,107,11.08.13.2017,Tomat,2025-08-22 10:08:13,2025-09-11 10:08:13
108,108,11.08.13.2017,Sirsak,2025-02-22 17:58:36,2025-02-24 17:58:36
109,109,11.08.13.2017,Bambu,2025-05-16 19:26:28,2025-06-10 19:26:28
110,110,11.08.13.2017,Nangka,2025-03-17 15:33:25,2025-03-21 15:33:25
111,111,11.08.13.2017,Terong,2025-01-12 04:58:52,2025-01-13 04:58:52
112,112,11.08.13.2017,Cabai,2025-05-02 01:07:19,2025-05-22 01:07:19
113,113,11.08.13.2017,Cabai,2025-09-12 01:25:19,2025-09-26 01:25:19
114,114,11.08.13.2017,Domba,2025-10-25 15:17:50,2025-10-25 15:17:50
115,115,11.08.13.2017,Ikan Lele,2025-06-11 01:58:42,2025-06-29 01:58:42
116,116,11.08.13.2017,Kacang Hijau,2025-09-25 10:46:09,2025-10-05 10:46:09
117,117,11.08.13.2017,Burung Puyuh,2025-02-10 15:33:37,2025-02-22 15:33:37
118,118,11.08.13.2017,Kambing,2025-05-25 02:30:36,2025-06-16 02:30:36
119,119,11.08.13.2017,Aren,2025-03-26 11:39:36,2025-04-06 11:39:36
120,120,11.08.13.2017,Kacang Panjang,2025-03-17 18:00:45,2025-03-26 18:00:45
121,121,11.08.13.2017,Kapas,2025-03-21 06:42:39,2025-03-30 06:42:39
122,122,11.08.13.2017,Kerajinan Rotan,2025-10-13 23:19:50,2025-11-01 23:19:50
123,123,11.08.13.2017,Pala,2025-10-14 20:12:34,2025-10-27 20:12:34
124,124,11.08.13.2017,Gerabah,2025-07-08 19:50:37,2025-07-20 19:50:37
125,125,11.08.13.2017,Pala,2025-05-23 08:15:32,2025-06-15 08:15:32
126,126,11.08.13.2017,Kayu Sengon,2025-08-31 05:49:04,2025-09-23 05:49:04
127,127,11.08.13.2017,Padi,2025-08-13 02:27:58,2025-08-18 02:27:58
128,128,11.08.13.2017,Sawo,2025-09-02 08:43:37,2025-09-16 08:43:37
129,129,11.08.13.2017,Kerajinan Rotan,2025-06-29 04:21:41,2025-06-29 04:21:41
130,130,11.08.13.2017,Terong,2025-05-23 09:40:45,2025-06-01 09:40:45
131,131,11.08.13.2017,Rambutan,2025-08-20 05:55:38,2025-09-01 05:55:38
132,132,11.08.13.2017,Gerabah,2025-06-11 03:27:54,2025-07-11 03:27:54
133,133,11.08.13.2017,Ikan Lele,2025-07-23 07:28:33,2025-08-09 07:28:33
134,134,11.08.13.2017,Ubi Kayu,2025-10-03 12:20:54,2025-10-06 12:20:54
135,135,11.08.13.2017,Mangga,2025-05-12 04:33:29,2025-05-19 04:33:29
136,136,11.08.13.2017,Cengkeh,2025-02-12 11:42:35,2025-02-28 11:42:35
137,137,11.08.13.2017,Teh Kering,2024-12-31 14:09:19,2025-01-22 14:09:19
138,138,11.08.13.2017,Kerbau,2025-09-21 04:25:34,2025-10-06 04:25:34
139,139,11.08.13.2017,Jeruk,2025-02-13 14:13:20,2025-02-14 14:13:20
140,140,11.08.13.2017,Rotan,2025-10-13 03:03:56,2025-11-03 03:03:56
141,141,11.08.13.2017,Vanili,2025-03-25 07:21:26,2025-03-30 07:21:26
142,142,11.08.13.2017,Markisa,2025-02-27 17:16:31,2025-03-22 17:16:31
143,143,11.08.13.2017,Bayam,2025-06-12 03:59:37,2025-06-27 03:59:37
144,144,11.08.13.2017,Gerabah,2025-06-08 14:58:23,2025-06-15 14:58:23
145,145,11.08.13.2017,Karet,2025-06-15 21:33:07,2025-07-13 21:33:07
146,146,11.08.13.2017,Kayu Mahoni,2024-12-28 01:30:55,2025-01-23 01:30:55
147,147,11.08.13.2017,Bawang Putih,2025-04-10 08:58:07,2025-04-18 08:58:07
148,148,11.08.13.2017,Padi,2025-08-12 04:57:27,2025-08-15 04:57:27
149,149,11.08.13.2017,Wortel,2025-02-24 19:21:19,2025-03-05 19:21:19
150,150,11.08.13.2017,Durian,2025-08-01 19:50:47,2025-08-15 19:50:47
151,151,11.08.13.2017,Nangka,2025-10-24 01:30:44,2025-11-15 01:30:44
152,152,11.08.13.2017,Cabai,2025-08-28 03:36:15,2025-09-01 03:36:15
153,153,11.08.13.2017,Ukiran Kayu,2025-05-24 10:50:48,2025-06-04 10:50:48
154,154,11.08.13.2017,Jambu Mete,2025-08-18 04:01:13,2025-09-11 04:01:13
155,155,11.08.13.2017,Ayam,2025-02-17 17:51:49,2025-02-23 17:51:49
156,156,11.08.13.2017,Tebu,2025-04-04 21:38:39,2025-04-26 21:38:39
157,157,11.08.13.2017,Kedelai,2025-01-10 09:21:56,2025-01-11 09:21:56
158,158,11.08.13.2017,Manggis,2025-05-01 00:02:29,2025-05-25 00:02:29
159,159,11.08.13.2017,Ubi Jalar,2025-06-09 16:44:44,2025-06-16 16:44:44
160,160,11.08.13.2017,Ubi Jalar,2025-03-15 19:39:06,2025-04-01 19:39:06
161,161,11.08.13.2017,Tebu,2025-01-02 08:52:34,2025-01-14 08:52:34
162,162,11.08.13.2017,Terong,2025-09-21 12:48:54,2025-10-20 12:48:54
163,163,11.08.13.2017,Teh Kering,2025-09-24 10:40:44,2025-09-24 10:40:44
164,164,11.08.13.2017,Kentang,2025-01-12 22:11:29,2025-02-01 22:11:29
165,165,11.08.13.2017,Sukun,2025-07-09 12:14:44,2025-07-17 12:14:44
166,166,11.08.13.2017,Kopi,2025-04-07 21:57:21,2025-05-03 21:57:21
167,167,11.08.13.2017,Domba,2025-08-06 17:05:59,2025-08-12 17:05:59
168,168,11.08.13.2017,Kerajinan Rotan,2025-04-13 04:06:14,2025-04-23 04:06:14
169,169,11.08.13.2017,Kol,2025-03-27 21:23:38,2025-04-18 21:23:38
170,170,11.08.13.2017,Belimbing,2025-09-21 08:50:02,2025-10-11 08:50:02
171,171,11.08.13.2017,Gula Aren,2025-04-03 15:33:24,2025-04-11 15:33:24
172,172,11.08.13.2017,Kerajinan Rotan,2025-09-21 23:19:17,2025-10-15 23:19:17
173,173,11.08.13.2017,Bawang Merah,2025-03-18 06:19:49,2025-03-30 06:19:49
174,174,11.08.13.2017,Melon,2025-02-08 11:43:18,2025-02-23 11:43:18
175,175,11.08.13.2017,Semangka,2025-03-31 15:44:05,2025-04-09 15:44:05
176,176,11.08.13.2017,Ubi Kayu,2025-10-28 10:37:45,2025-11-14 10:37:45
177,177,11.08.13.2017,Gaharu,2025-08-05 05:01:38,2025-08-09 05:01:38
178,178,11.08.13.2017,Ikan Nila,2025-01-07 09:35:06,2025-01-28 09:35:06
179,179,11.08.13.2017,Sapi,2025-02-01 14:09:00,2025-02-27 14:09:00
180,180,11.08.13.2017,Kayu Sengon,2025-03-09 23:56:04,2025-03-09 23:56:04
181,181,11.08.13.2017,Timun,2025-04-10 15:49:10,2025-04-22 15:49:10
182,182,11.08.13.2017,Sapi,2025-04-20 05:51:16,2025-05-18 05:51:16
183,183,11.08.13.2017,Lengkeng,2025-07-18 10:52:41,2025-08-17 10:52:41
184,184,11.08.13.2017,Kerupuk,2025-08-07 12:38:54,2025-08-22 12:38:54
185,185,11.08.13.2017,Bambu,2025-05-09 13:18:48,2025-06-06 13:18:48
186,186,11.08.13.2017,Durian,2025-05-18 08:24:42,2025-05-31 08:24:42
187,187,11.08.13.2017,Jambu Biji,2025-02-14 11:20:37,2025-02-26 11:20:37
188,188,11.08.13.2017,Kentang,2025-03-28 04:10:32,2025-04-21 04:10:32
189,189,11.08.13.2017,Dodol,2025-06-25 17:04:53,2025-07-23 17:04:53
190,190,11.08.13.2017,Rotan,2025-06-26 11:40:44,2025-07-09 11:40:44
191,191,11.08.13.2017,Rambutan,2025-02-20 12:55:16,2025-03-08 12:55:16
192,192,11.08.13.2017,Madu,2025-05-12 10:22:58,2025-05-23 10:22:58
193,193,11.08.13.2017,Kemiri,2025-04-27 04:09:14,2025-05-11 04:09:14
194,194,11.08.13.2017,Salak,2025-02-19 02:05:46,2025-03-08 02:05:46
195,195,11.08.13.2017,Sukun,2024-12-29 14:08:32,2025-01-01 14:08:32
196,196,11.08.13.2017,Ikan Lele,2025-03-17 04:07:54,2025-03-24 04:07:54
197,197,11.08.13.2017,Ayam,2025-04-23 14:26:05,2025-05-14 14:26:05
198,198,11.08.13.2017,Karet,2025-08-23 01:00:42,2025-09-06 01:00:42
199,199,11.08.13.2017,Songket,2025-09-07 15:59:35,2025-10-07 15:59:35
200,200,11.08.13.2017,Dodol,2025-08-12 21:45:00,2025-08-16 21:45:00
201,201,11.08.13.2017,Kedelai,2025-10-16 15:51:59,2025-10-26 15:51:59
202,202,11.08.13.2017,Lengkeng,2025-10-23 13:13:30,2025-11-15 13:13:30
203,203,11.08.13.2017,Pare,2025-03-15 22:13:09,2025-03-22 22:13:09
204,204,11.08.13.2017,Kerajinan Rotan,2025-06-29 09:25:26,2025-07-25 09:25:26
205,205,11.08.13.2017,Jambu Mete,2025-05-01 12:51:46,2025-05-24 12:51:46
206,206,11.08.13.2017,Tomat,2025-07-28 21:37:31,2025-08-14 21:37:31
207,207,11.08.13.2017,Domba,2025-04-21 08:53:04,2025-04-27 08:53:04
208,208,11.08.13.2017,Kangkung,2025-05-19 18:11:13,2025-06-05 18:11:13
209,209,11.08.13.2017,Ikan Mas,2025-05-19 18:37:18,2025-05-30 18:37:18
210,210,11.08.13.2017,Salak,2025-01-29 18:01:34,2025-02-02 18:01:34
211,211,11.08.13.2017,Markisa,2025-09-03 04:12:52,2025-09-07 04:12:52
212,212,11.08.13.2017,Kerajinan Rotan,2025-10-01 05:38:34,2025-10-31 05:38:34
213,213,11.08.13.2017,Bawang Putih,2025-10-02 10:03:09,2025-10-09 10:03:09
214,214,11.08.13.2017,Timun,2025-03-10 10:33:26,2025-04-07 10:33:26
215,215,11.08.13.2017,Ikan Nila,2025-05-14 17:28:17,2025-05-20 17:28:17
216,216,11.08.13.2017,Markisa,2025-02-13 08:50:53,2025-02-28 08:50:53
217,217,11.08.13.2017,Madu,2025-09-17 09:50:45,2025-10-12 09:50:45
218,218,11.08.13.2017,Lada,2025-10-10 18:42:03,2025-11-01 18:42:03
219,219,11.08.13.2017,Kopi,2025-06-11 00:54:11,2025-06-23 00:54:11
220,220,11.08.13.2017,Bawang Putih,2025-06-25 17:36:16,2025-07-07 17:36:16
221,221,11.08.13.2017,Sawi,2025-07-03 13:52:40,2025-07-24 13:52:40
222,222,11.08.13.2017,Gerabah,2025-04-22 19:29:37,2025-04-26 19:29:37
223,223,11.08.13.2017,Jeruk,2025-03-26 11:33:14,2025-04-15 11:33:14
224,224,11.08.13.2017,Kapas,2025-02-22 19:48:57,2025-03-06 19:48:57
225,225,11.08.13.2017,Ikan Gurame,2025-05-27 19:18:40,2025-06-22 19:18:40
226,226,11.08.13.2017,Duku,2025-03-10 12:20:25,2025-03-22 12:20:25
227,227,11.08.13.2017,Aren,2025-02-21 22:43:14,2025-03-13 22:43:14
228,228,11.08.13.2017,Babi,2025-05-14 20:54:58,2025-05-24 20:54:58
229,229,11.08.13.2017,Sapi,2025-09-26 18:04:00,2025-10-23 18:04:00
230,230,11.08.13.2017,Cabai,2025-04-28 05:38:58,2025-05-26 05:38:58
231,231,11.08.13.2017,Pepaya,2025-05-03 18:04:03,2025-05-29 18:04:03
232,232,11.08.13.2017,Kapas,2025-01-05 18:06:12,2025-01-27 18:06:12
233,233,11.08.13.2017,Tenun,2025-10-06 00:44:35,2025-10-24 00:44:35
234,234,11.08.13.2017,Kerajinan Perak,2025-04-11 04:34:28,2025-05-07 04:34:28
235,235,11.08.13.2017,Pala,2025-02-22 08:15:23,2025-03-05 08:15:23
236,236,11.08.13.2017,Wajik,2025-08-13 11:42:14,2025-08-26 11:42:14
237,237,11.08.13.2017,Tembakau,2025-05-03 00:25:15,2025-05-25 00:25:15
238,238,11.08.13.2017,Cabai,2025-07-14 15:51:09,2025-07-14 15:51:09
239,239,11.08.13.2017,Mangga,2025-05-24 22:49:02,2025-05-31 22:49:02
240,240,11.08.13.2017,Kambing,2025-04-07 13:53:40,2025-04-21 13:53:40
241,241,11.08.13.2017,Kangkung,2025-06-23 16:21:23,2025-07-13 16:21:23
242,242,11.08.13.2017,Keramik,2025-02-12 12:13:59,2025-02-12 12:13:59
243,243,11.08.13.2017,Gaharu,2025-08-20 11:09:51,2025-09-11 11:09:51
244,244,11.08.13.2017,Ukiran Kayu,2025-01-02 20:32:09,2025-01-31 20:32:09
245,245,11.08.13.2017,Batik,2025-07-28 14:26:25,2025-08-24 14:26:25
246,246,11.08.13.2017,Belimbing,2025-07-08 15:20:46,2025-08-01 15:20:46
247,247,11.08.13.2017,Kacang Panjang,2025-07-18 06:43:23,2025-08-12 06:43:23
248,248,11.08.13.2017,Padi,2025-01-27 04:00:17,2025-02-17 04:00:17
249,249,11.08.13.2017,Sapi,2025-05-29 16:33:47,2025-06-16 16:33:47
250,250,11.08.13.2017,Bayam,2025-02-11 06:21:33,2025-03-04 06:21:33
251,251,11.08.13.2017,Semangka,2025-10-26 22:45:12,2025-11-04 22:45:12
252,252,11.08.13.2017,Emping,2025-03-09 02:06:05,2025-03-23 02:06:05
253,253,11.08.13.2017,Nangka,2025-07-29 02:16:26,2025-08-22 02:16:26
254,254,11.08.13.2017,Kambing,2025-05-21 02:54:56,2025-06-17 02:54:56
255,255,11.08.13.2017,Kopi Bubuk,2025-05-14 03:42:18,2025-05-23 03:42:18
256,256,11.08.13.2017,Ayam,2025-02-18 01:38:46,2025-03-03 01:38:46
257,257,11.08.13.2017,Keramik,2025-10-04 01:56:56,2025-10-23 01:56:56
258,258,11.08.13.2017,Jambu Mete,2025-05-11 16:01:39,2025-05-25 16:01:39
259,259,11.08.13.2017,Dodol,2025-04-30 17:38:16,2025-05-07 17:38:16
260,260,11.08.13.2017,Kemiri,2025-01-08 07:53:38,2025-01-09 07:53:38
261,261,11.08.13.2017,Ubi Jalar,2025-05-25 10:55:39,2025-06-04 10:55:39
262,262,11.08.13.2017,Pala,2025-09-07 17:58:01,2025-09-23 17:58:01
263,263,11.08.13.2017,Burung Puyuh,2024-12-27 17:32:56,2025-01-03 17:32:56
264,264,11.08.13.2017,Kemiri,2024-12-30 08:38:21,2025-01-03 08:38:21
265,265,11.08.13.2017,Bawang Merah,2025-05-15 14:27:55,2025-05-15 14:27:55
266,266,11.08.13.2017,Kacang Tanah,2025-08-11 20:24:42,2025-09-03 20:24:42
267,267,11.08.13.2017,Kol,2025-05-30 00:33:35,2025-06-16 00:33:35
268,268,11.08.13.2017,Rambutan,2025-02-03 17:37:34,2025-02-12 17:37:34
269,269,11.08.13.2017,Ikan Nila,2025-07-27 01:40:26,2025-08-25 01:40:26
270,270,11.08.13.2017,Kayu Mahoni,2025-02-02 22:20:10,2025-02-24 22:20:10
271,271,11.08.13.2017,Kentang,2025-10-25 12:23:46,2025-10-29 12:23:46
272,272,11.08.13.2017,Gerabah,2025-01-04 14:45:38,2025-01-31 14:45:38
273,273,11.08.13.2017,Ikan Lele,2025-05-15 03:04:09,2025-05-20 03:04:09
274,274,11.08.13.2017,Terong,2025-07-27 07:11:16,2025-08-04 07:11:16
275,275,11.08.13.2017,Bebek,2025-07-23 15:40:31,2025-08-07 15:40:31
276,276,11.08.13.2017,Tebu,2025-02-13 11:51:09,2025-02-28 11:51:09
277,277,11.08.13.2017,Kentang,2025-03-02 03:31:53,2025-03-07 03:31:53
278,278,11.08.13.2017,Anyaman Bambu,2025-08-15 20:38:16,2025-08-24 20:38:16
279,279,11.08.13.2017,Kelapa,2025-08-30 15:20:38,2025-08-31 15:20:38
280,280,11.08.13.2017,Aren,2025-01-11 23:49:07,2025-02-06 23:49:07
281,281,11.08.13.2017,Kemiri,2025-08-12 21:23:18,2025-08-18 21:23:18
282,282,11.08.13.2017,Furniture,2025-04-27 08:27:52,2025-05-07 08:27:52
283,283,11.08.13.2017,Bayam,2025-10-31 04:17:41,2025-11-08 04:17:41
284,284,11.08.13.2017,Kerajinan Kulit,2025-06-09 21:14:28,2025-07-05 21:14:28
285,285,11.08.13.2017,Rotan,2025-01-30 07:38:06,2025-02-13 07:38:06
286,286,11.08.13.2017,Kacang Hijau,2025-02-18 16:36:22,2025-03-18 16:36:22
287,287,11.08.13.2017,Belimbing,2025-01-21 10:17:01,2025-01-22 10:17:01
288,288,11.08.13.2017,Kacang Tanah,2025-08-12 02:14:29,2025-08-28 02:14:29
289,289,11.08.13.2017,Jeruk,2025-06-20 16:14:58,2025-06-28 16:14:58
290,290,11.08.13.2017,Belimbing,2025-01-06 20:03:54,2025-01-14 20:03:54
291,291,11.08.13.2017,Pisang,2025-07-02 04:46:43,2025-07-19 04:46:43
292,292,11.08.13.2017,Gerabah,2025-03-06 23:02:18,2025-03-17 23:02:18
293,293,11.08.13.2017,Ayam,2025-06-09 00:57:58,2025-06-23 00:57:58
294,294,11.08.13.2017,Semangka,2025-05-31 05:16:42,2025-06-06 05:16:42
295,295,11.08.13.2017,Pala,2025-09-25 03:51:54,2025-10-20 03:51:54
296,296,11.08.13.2017,Burung Puyuh,2025-06-23 16:32:04,2025-07-19 16:32:04
297,297,11.08.13.2017,Kelapa,2025-05-29 08:23:45,2025-06-28 08:23:45
298,298,11.08.13.2017,Mangga,2025-03-08 07:48:59,2025-03-31 07:48:59
299,299,11.08.13.2017,Gerabah,2025-05-03 18:28:29,2025-05-06 18:28:29
300,300,11.08.13.2017,Bebek,2025-07-25 13:40:53,2025-08-22 13:40:53
301,301,11.08.13.2017,Sirsak,2025-08-17 07:28:30,2025-09-02 07:28:30
302,302,11.08.13.2017,Langsat,2025-01-03 00:54:58,2025-01-06 00:54:58
303,303,11.08.13.2017,Tenun,2025-09-04 09:25:34,2025-10-02 09:25:34
304,304,11.08.13.2017,Tenun,2025-01-25 00:14:44,2025-02-04 00:14:44
305,305,11.08.13.2017,Kopi Bubuk,2025-10-11 21:46:42,2025-10-14 21:46:42
306,306,11.08.13.2017,Ikan Gurame,2025-01-01 03:57:24,2025-01-21 03:57:24
307,307,11.08.13.2017,Bambu,2025-04-12 08:20:54,2025-04-15 08:20:54
308,308,11.08.13.2017,Alpukat,2025-07-12 12:02:08,2025-08-02 12:02:08
309,309,11.08.13.2017,Kayu Manis,2025-07-23 22:55:10,2025-08-02 22:55:10
310,310,11.08.13.2017,Teh,2025-04-21 08:20:45,2025-05-09 08:20:45
311,311,11.08.13.2017,Ubi Kayu,2025-06-11 23:29:10,2025-06-22 23:29:10
312,312,11.08.13.2017,Rambutan,2025-07-09 06:40:37,2025-07-28 06:40:37
313,313,11.08.13.2017,Markisa,2025-06-21 16:40:35,2025-07-18 16:40:35
314,314,11.08.13.2017,Gaharu,2025-03-09 17:07:17,2025-03-26 17:07:17
315,315,11.08.13.2017,Gula Merah,2025-07-09 00:17:31,2025-07-31 00:17:31
316,316,11.08.13.2017,Kopi,2025-03-15 08:57:33,2025-03-24 08:57:33
317,317,11.08.13.2017,Tenun,2025-03-17 20:56:52,2025-04-02 20:56:52
318,318,11.08.13.2017,Tebu,2025-06-19 13:31:19,2025-07-05 13:31:19
319,319,11.08.13.2017,Bawang Putih,2025-04-09 21:03:25,2025-04-13 21:03:25
320,320,11.08.13.2017,Kemiri,2025-04-07 00:00:43,2025-04-08 00:00:43
321,321,11.08.13.2017,Kelinci,2025-05-19 13:11:40,2025-06-14 13:11:40
322,322,11.08.13.2017,Sukun,2025-07-09 13:44:27,2025-07-18 13:44:27
323,323,11.08.13.2017,Ukiran Kayu,2025-03-11 10:26:34,2025-03-29 10:26:34
324,324,11.08.13.2017,Dodol,2025-09-30 20:49:05,2025-10-11 20:49:05
325,325,11.08.13.2017,Kacang Hijau,2025-10-08 23:53:23,2025-10-17 23:53:23
326,326,11.08.13.2017,Bambu,2025-03-27 01:27:00,2025-04-02 01:27:00
327,327,11.08.13.2017,Sagu,2025-04-11 18:10:59,2025-04-19 18:10:59
328,328,11.08.13.2017,Madu,2025-01-02 01:49:37,2025-01-22 01:49:37
329,329,11.08.13.2017,Kelinci,2025-05-08 13:49:56,2025-06-01 13:49:56
330,330,11.08.13.2017,Kentang,2025-09-08 09:44:58,2025-09-26 09:44:58
331,331,11.08.13.2017,Bambu,2025-04-30 18:16:18,2025-05-24 18:16:18
332,332,11.08.13.2017,Sawo,2025-07-21 01:52:56,2025-08-01 01:52:56
333,333,11.08.13.2017,Gula Aren,2025-09-01 02:06:33,2025-09-17 02:06:33
334,334,11.08.13.2017,Kerajinan Rotan,2025-09-27 08:33:07,2025-10-04 08:33:07
335,335,11.08.13.2017,Kedelai,2025-08-14 05:07:03,2025-09-13 05:07:03
336,336,11.08.13.2017,Pisang,2025-10-15 09:01:52,2025-10-30 09:01:52
337,337,11.08.13.2017,Kelinci,2025-03-05 01:19:00,2025-03-21 01:19:00
338,338,11.08.13.2017,Kayu Sengon,2025-05-20 18:27:55,2025-05-26 18:27:55
339,339,11.08.13.2017,Batik,2025-09-06 21:23:57,2025-09-27 21:23:57
340,340,11.08.13.2017,Jambu Air,2025-07-23 03:49:03,2025-07-29 03:49:03
341,341,11.08.13.2017,Bawang Putih,2025-02-14 18:56:47,2025-02-14 18:56:47
342,342,11.08.13.2017,Bebek,2025-09-22 06:31:06,2025-10-06 06:31:06
343,343,11.08.13.2017,Semangka,2025-05-08 18:18:02,2025-05-08 18:18:02
344,344,11.08.13.2017,Alpukat,2025-03-13 18:57:41,2025-03-14 18:57:41
345,345,11.08.13.2017,Lengkeng,2025-09-02 12:07:07,2025-09-23 12:07:07
346,346,11.08.13.2017,Langsat,2025-06-01 09:04:48,2025-06-25 09:04:48
347,347,11.08.13.2017,Pala,2025-07-25 14:36:23,2025-08-08 14:36:23
348,348,11.08.13.2017,Emping,2025-10-26 13:34:19,2025-11-09 13:34:19
349,349,11.08.13.2017,Pepaya,2025-10-31 05:30:17,2025-10-31 05:30:17
350,350,11.08.13.2017,Jambu Air,2025-03-16 18:31:36,2025-03-25 18:31:36
351,351,11.08.13.2017,Sapi,2025-10-07 04:22:40,2025-10-21 04:22:40
352,352,11.08.13.2017,Melon,2025-04-07 21:47:30,2025-05-05 21:47:30
353,353,11.08.13.2017,Rambutan,2025-01-04 02:55:51,2025-01-07 02:55:51
354,354,11.08.13.2017,Rotan,2025-10-14 11:05:21,2025-10-18 11:05:21
355,355,11.08.13.2017,Labu,2025-05-22 14:25:09,2025-06-03 14:25:09
356,356,11.08.13.2017,Rambutan,2024-12-27 01:47:25,2025-01-07 01:47:25
357,357,11.08.13.2017,Gaharu,2025-01-30 03:59:01,2025-02-26 03:59:01
358,358,11.08.13.2017,Ikan Lele,2024-12-29 13:24:04,2025-01-23 13:24:04
359,359,11.08.13.2017,Kayu Manis,2025-08-04 10:21:17,2025-08-14 10:21:17
360,360,11.08.13.2017,Salak,2025-03-30 11:54:36,2025-04-16 11:54:36
361,361,11.08.13.2017,Gula Aren,2025-10-20 03:44:41,2025-11-18 03:44:41
362,362,11.08.13.2017,Kol,2025-05-22 23:43:19,2025-05-26 23:43:19
363,363,11.08.13.2017,Kelapa,2025-03-20 23:22:57,2025-04-10 23:22:57
364,364,11.08.13.2017,Tebu,2025-02-26 16:24:31,2025-03-10 16:24:31
365,365,11.08.13.2017,Gula Aren,2025-04-09 14:44:19,2025-04-09 14:44:19
366,366,11.08.13.2017,Rotan,2025-08-11 04:10:32,2025-08-20 04:10:32
367,367,11.08.13.2017,Udang,2025-04-17 08:26:07,2025-04-18 08:26:07
368,368,11.08.13.2017,Kangkung,2025-05-06 14:34:19,2025-05-25 14:34:19
369,369,11.08.13.2017,Mangga,2025-05-13 18:07:54,2025-05-13 18:07:54
370,370,11.08.13.2017,Kerbau,2025-05-05 08:52:12,2025-05-20 08:52:12
371,371,11.08.13.2017,Semangka,2025-06-23 04:33:42,2025-07-10 04:33:42
372,372,11.08.13.2017,Bawang Merah,2025-02-28 15:52:12,2025-03-25 15:52:12
373,373,11.08.13.2017,Sapi,2025-05-21 12:10:16,2025-06-07 12:10:16
374,374,11.08.13.2017,Furniture,2025-04-16 16:22:50,2025-05-15 16:22:50
375,375,11.08.13.2017,Salak,2025-08-22 04:02:18,2025-09-07 04:02:18
376,376,11.08.13.2017,Pinang,2025-07-04 06:15:42,2025-07-11 06:15:42
377,377,11.08.13.2017,Kelinci,2025-05-28 12:30:58,2025-06-16 12:30:58
378,378,11.08.13.2017,Sawi,2025-04-22 08:28:45,2025-05-09 08:28:45
379,379,11.08.13.2017,Alpukat,2025-02-27 16:41:07,2025-03-11 16:41:07
380,380,11.08.13.2017,Kayu Jati,2025-06-19 06:03:24,2025-06-30 06:03:24
381,381,11.08.13.2017,Sapi,2025-08-28 16:13:51,2025-09-05 16:13:51
382,382,11.08.13.2017,Itik,2025-03-15 08:59:33,2025-03-22 08:59:33
383,383,11.08.13.2017,Labu,2025-07-21 02:36:49,2025-07-24 02:36:49
384,384,11.08.13.2017,Kayu Jati,2025-07-20 03:09:35,2025-08-10 03:09:35
385,385,11.08.13.2017,Timun,2025-01-05 22:24:51,2025-01-09 22:24:51
386,386,11.08.13.2017,Bawang Merah,2025-09-19 15:20:51,2025-09-25 15:20:51
387,387,11.08.13.2017,Kerajinan Rotan,2025-07-07 11:38:51,2025-07-27 11:38:51
388,388,11.08.13.2017,Kelinci,2025-08-08 09:40:12,2025-08-11 09:40:12
389,389,11.08.13.2017,Ikan Lele,2025-08-16 14:42:30,2025-09-03 14:42:30
390,390,11.08.13.2017,Udang,2025-08-07 17:39:47,2025-08-25 17:39:47
391,391,11.08.13.2017,Semangka,2025-07-26 03:00:46,2025-08-18 03:00:46
392,392,11.08.13.2017,Durian,2025-03-14 12:03:40,2025-04-05 12:03:40
393,393,11.08.13.2017,Timun,2025-03-24 05:15:28,2025-04-11 05:15:28
394,394,11.08.13.2017,Kapas,2025-06-28 12:24:04,2025-07-19 12:24:04
395,395,11.08.13.2017,Damar,2025-01-05 03:17:18,2025-01-07 03:17:18
396,396,11.08.13.2017,Songket,2025-05-09 07:31:46,2025-05-31 07:31:46
397,397,11.08.13.2017,Sirsak,2025-09-23 11:56:13,2025-10-08 11:56:13
398,398,11.08.13.2017,Terong,2025-10-12 01:29:28,2025-10-15 01:29:28
399,399,11.08.13.2017,Gula Merah,2025-08-03 15:04:46,2025-08-24 15:04:46
400,400,11.08.13.2017,Dodol,2025-07-31 02:59:18,2025-08-08 02:59:18
401,401,11.08.13.2017,Aren,2025-03-17 18:22:50,2025-03-24 18:22:50
402,402,11.08.13.2017,Alpukat,2025-03-23 10:26:20,2025-04-18 10:26:20
403,403,11.08.13.2017,Kemiri,2025-09-18 01:29:31,2025-10-02 01:29:31
404,404,11.08.13.2017,Kakao,2025-07-23 11:14:15,2025-07-28 11:14:15
405,405,11.08.13.2017,Jeruk,2025-08-02 12:34:57,2025-08-29 12:34:57
406,406,11.08.13.2017,Kerajinan Perak,2025-06-26 15:01:07,2025-07-25 15:01:07
407,407,11.08.13.2017,Sawo,2025-08-18 15:09:46,2025-09-02 15:09:46
408,408,11.08.13.2017,Teh Kering,2025-10-10 21:58:50,2025-10-11 21:58:50
409,409,11.08.13.2017,Kayu Mahoni,2025-07-28 06:42:22,2025-08-17 06:42:22
410,410,11.08.13.2017,Langsat,2025-08-04 15:04:11,2025-08-10 15:04:11
411,411,11.08.13.2017,Kedelai,2025-09-25 22:01:37,2025-10-22 22:01:37
412,412,11.08.13.2017,Kedelai,2025-03-16 10:08:03,2025-03-30 10:08:03
413,413,11.08.13.2017,Kakao,2025-09-17 23:51:52,2025-10-02 23:51:52
414,414,11.08.13.2017,Furniture,2025-06-18 02:11:56,2025-07-16 02:11:56
415,415,11.08.13.2017,Teh,2025-09-16 03:50:36,2025-09-18 03:50:36
416,416,11.08.13.2017,Nanas,2025-04-12 20:51:08,2025-04-21 20:51:08
417,417,11.08.13.2017,Manggis,2025-03-09 21:58:00,2025-04-07 21:58:00
418,418,11.08.13.2017,Ubi Jalar,2025-10-02 18:45:11,2025-10-08 18:45:11
419,419,11.08.13.2017,Kelapa Sawit,2025-03-30 16:38:51,2025-04-25 16:38:51
420,420,11.08.13.2017,Ikan Mas,2025-10-22 09:00:22,2025-11-21 09:00:22
421,421,11.08.13.2017,Anyaman Bambu,2025-07-05 18:47:48,2025-07-31 18:47:48
422,422,11.08.13.2017,Labu,2025-08-22 01:28:26,2025-09-05 01:28:26
423,423,11.08.13.2017,Gula Merah,2025-08-07 05:13:57,2025-08-21 05:13:57
424,424,11.08.13.2017,Manggis,2025-05-01 23:50:09,2025-05-23 23:50:09
425,425,11.08.13.2017,Karet,2025-02-28 05:14:48,2025-03-21 05:14:48
426,426,11.08.13.2017,Bawang Merah,2025-08-20 14:15:42,2025-09-11 14:15:42
427,427,11.08.13.2017,Belimbing,2025-04-01 20:16:29,2025-04-29 20:16:29
428,428,11.08.13.2017,Sawo,2025-05-31 03:50:16,2025-06-06 03:50:16
429,429,11.08.13.2017,Babi,2025-10-12 11:39:45,2025-11-03 11:39:45
430,430,11.08.13.2017,Batik,2025-07-31 09:02:42,2025-08-02 09:02:42
431,431,11.08.13.2017,Kerbau,2025-07-02 12:34:21,2025-07-24 12:34:21
432,432,11.08.13.2017,Langsat,2025-01-16 20:30:54,2025-01-18 20:30:54
433,433,11.08.13.2017,Bambu,2025-02-26 07:06:14,2025-03-10 07:06:14
434,434,11.08.13.2017,Babi,2025-07-02 23:39:21,2025-07-03 23:39:21
435,435,11.08.13.2017,Dodol,2025-08-03 04:29:54,2025-08-27 04:29:54
436,436,11.08.13.2017,Pare,2025-07-07 06:53:21,2025-07-10 06:53:21
437,437,11.08.13.2017,Lada,2025-09-22 11:28:03,2025-09-30 11:28:03
438,438,11.08.13.2017,Kelapa,2025-10-31 11:58:18,2025-11-05 11:58:18
439,439,11.08.13.2017,Keramik,2025-01-07 14:39:51,2025-01-07 14:39:51
440,440,11.08.13.2017,Sawi,2025-07-13 09:27:47,2025-07-22 09:27:47
441,441,11.08.13.2017,Kedelai,2025-10-16 05:10:28,2025-10-21 05:10:28
442,442,11.08.13.2017,Kacang Tanah,2025-05-27 01:49:08,2025-05-28 01:49:08
443,443,11.08.13.2017,Sapi,2025-06-07 02:02:13,2025-06-28 02:02:13
444,444,11.08.13.2017,Pisang,2025-01-20 07:41:20,2025-02-08 07:41:20
445,445,11.08.13.2017,Sukun,2025-02-14 15:42:19,2025-02-19 15:42:19
446,446,11.08.13.2017,Wortel,2025-04-19 05:53:30,2025-05-07 05:53:30
447,447,11.08.13.2017,Ikan Nila,2025-03-06 12:30:16,2025-03-20 12:30:16
448,448,11.08.13.2017,Batik,2025-04-01 10:29:08,2025-04-26 10:29:08
449,449,11.08.13.2017,Wajik,2025-01-01 03:18:21,2025-01-09 03:18:21
450,450,11.08.13.2017,Kambing,2025-07-14 15:50:31,2025-08-06 15:50:31
451,451,11.08.13.2017,Jambu Air,2025-10-07 13:55:39,2025-11-02 13:55:39
452,452,11.08.13.2017,Kopi Bubuk,2025-06-25 10:34:40,2025-07-20 10:34:40
453,453,11.08.13.2017,Pala,2025-05-28 10:57:03,2025-06-26 10:57:03
454,454,11.08.13.2017,Aren,2025-08-06 10:02:01,2025-08-22 10:02:01
455,455,11.08.13.2017,Tembakau,2025-10-12 15:34:21,2025-10-19 15:34:21
456,456,11.08.13.2017,Aren,2025-01-17 09:17:28,2025-02-14 09:17:28
457,457,11.08.13.2017,Kambing,2025-04-17 00:57:23,2025-04-18 00:57:23
458,458,11.08.13.2017,Jambu Biji,2025-02-03 17:11:46,2025-02-11 17:11:46
459,459,11.08.13.2017,Durian,2025-10-23 07:46:45,2025-11-07 07:46:45
460,460,11.08.13.2017,Kelapa,2025-03-21 06:12:33,2025-03-30 06:12:33
461,461,11.08.13.2017,Vanili,2025-03-04 19:33:43,2025-03-18 19:33:43
462,462,11.08.13.2017,Kopi,2025-07-19 06:37:58,2025-07-28 06:37:58
463,463,11.08.13.2017,Pisang,2025-08-04 03:47:18,2025-09-03 03:47:18
464,464,11.08.13.2017,Bawang Putih,2025-07-20 03:50:07,2025-08-10 03:50:07
465,465,11.08.13.2017,Ukiran Kayu,2025-08-02 02:43:50,2025-08-31 02:43:50
466,466,11.08.13.2017,Vanili,2025-05-15 05:55:11,2025-05-31 05:55:11
467,467,11.08.13.2017,Alpukat,2025-01-09 23:20:26,2025-02-02 23:20:26
468,468,11.08.13.2017,Kambing,2025-05-23 23:54:53,2025-06-10 23:54:53
469,469,11.08.13.2017,Melon,2025-07-04 23:41:14,2025-07-21 23:41:14
470,470,11.08.13.2017,Cengkeh,2025-07-08 23:50:04,2025-08-05 23:50:04
471,471,11.08.13.2017,Kopi Bubuk,2025-01-11 18:22:06,2025-02-07 18:22:06
472,472,11.08.13.2017,Langsat,2024-12-31 10:51:04,2025-01-04 10:51:04
473,473,11.08.13.2017,Kelinci,2025-09-22 00:48:10,2025-09-25 00:48:10
474,474,11.08.13.2017,Gerabah,2025-08-07 06:05:10,2025-09-01 06:05:10
475,475,11.08.13.2017,Ubi Kayu,2025-01-13 23:12:07,2025-02-10 23:12:07
476,476,11.08.13.2017,Emping,2025-01-20 09:56:54,2025-02-01 09:56:54
477,477,11.08.13.2017,Jambu Mete,2025-05-02 15:46:46,2025-05-21 15:46:46
478,478,11.08.13.2017,Kentang,2025-03-31 19:08:27,2025-04-06 19:08:27
479,479,11.08.13.2017,Jeruk,2025-09-15 23:06:58,2025-10-01 23:06:58
480,480,11.08.13.2017,Tomat,2025-02-19 17:23:38,2025-03-15 17:23:38
481,481,11.08.13.2017,Cengkeh,2025-05-26 02:25:42,2025-06-09 02:25:42
482,482,11.08.13.2017,Kelinci,2025-08-06 06:55:51,2025-09-03 06:55:51
483,483,11.08.13.2017,Bawang Merah,2025-08-30 10:23:09,2025-09-29 10:23:09
484,484,11.08.13.2017,Pare,2025-06-17 08:18:50,2025-07-12 08:18:50
485,485,11.08.13.2017,Ikan Mas,2025-10-28 04:44:58,2025-11-16 04:44:58
486,486,11.08.13.2017,Keramik,2025-01-30 18:52:47,2025-02-04 18:52:47
487,487,11.08.13.2017,Gula Aren,2025-05-21 16:00:46,2025-06-02 16:00:46
488,488,11.08.13.2017,Manggis,2025-08-30 14:14:38,2025-09-26 14:14:38
489,489,11.08.13.2017,Bayam,2025-01-02 21:10:07,2025-01-21 21:10:07
490,490,11.08.13.2017,Sagu,2025-04-28 02:12:22,2025-04-30 02:12:22
491,491,11.08.13.2017,Bambu,2025-07-07 13:21:22,2025-07-17 13:21:22
492,492,11.08.13.2017,Ubi Jalar,2025-02-11 12:22:06,2025-03-03 12:22:06
493,493,11.08.13.2017,Jambu Mete,2025-08-13 09:46:01,2025-09-11 09:46:01
494,494,11.08.13.2017,Kangkung,2025-09-21 06:32:49,2025-10-03 06:32:49
495,495,11.08.13.2017,Kerajinan Rotan,2025-08-02 12:12:42,2025-08-30 12:12:42
496,496,11.08.13.2017,Jeruk,2025-10-20 21:54:58,2025-11-08 21:54:58
497,497,11.08.13.2017,Mangga,2025-03-08 11:56:18,2025-03-14 11:56:18
498,498,11.08.13.2017,Melon,2025-04-18 01:14:31,2025-05-17 01:14:31
499,499,11.08.13.2017,Emping,2025-10-05 17:38:14,2025-10-23 17:38:14
500,500,11.08.13.2017,Padi,2025-02-08 22:31:24,2025-02-18 22:31:24
501,501,11.08.13.2017,Keramik,2025-03-18 18:43:27,2025-04-17 18:43:27
502,502,11.08.13.2017,Kentang,2025-07-09 13:09:03,2025-07-31 13:09:03
503,503,11.08.13.2017,Babi,2025-04-09 21:49:49,2025-04-18 21:49:49
504,504,11.08.13.2017,Jeruk,2025-10-10 15:52:44,2025-11-05 15:52:44
505,505,11.08.13.2017,Bayam,2025-07-25 04:53:47,2025-08-02 04:53:47
506,506,11.08.13.2017,Dodol,2025-07-27 08:56:39,2025-08-02 08:56:39
507,507,11.08.13.2017,Markisa,2025-10-20 06:51:29,2025-11-04 06:51:29
508,508,11.08.13.2017,Wortel,2025-05-22 12:53:55,2025-06-09 12:53:55
509,509,11.08.13.2017,Labu,2025-04-30 00:05:46,2025-05-25 00:05:46
510,510,11.08.13.2017,Kacang Hijau,2025-04-01 17:05:40,2025-05-01 17:05:40
511,511,11.08.13.2017,Itik,2025-04-04 22:36:56,2025-05-02 22:36:56
512,512,11.08.13.2017,Babi,2025-04-01 21:20:13,2025-04-25 21:20:13
513,513,11.08.13.2017,Lengkeng,2025-05-10 17:27:11,2025-06-07 17:27:11
514,514,11.08.13.2017,Kayu Manis,2025-02-01 19:15:44,2025-02-19 19:15:44
515,515,11.08.13.2017,Pala,2025-08-11 20:39:46,2025-08-14 20:39:46
516,516,11.08.13.2017,Furniture,2025-08-18 15:15:17,2025-09-10 15:15:17
517,517,11.08.13.2017,Kerbau,2025-04-10 20:29:31,2025-04-29 20:29:31
518,518,11.08.13.2017,Nanas,2025-05-16 05:59:52,2025-05-17 05:59:52
519,519,11.08.13.2017,Furniture,2025-04-27 17:02:33,2025-05-05 17:02:33
520,520,11.08.13.2017,Duku,2025-10-16 07:46:37,2025-11-05 07:46:37
521,521,11.08.13.2017,Kapas,2025-06-13 12:15:07,2025-06-28 12:15:07
522,522,11.08.13.2017,Rambutan,2025-01-12 12:18:54,2025-02-10 12:18:54
523,523,11.08.13.2017,Ukiran Kayu,2025-05-07 13:52:26,2025-05-20 13:52:26
524,524,11.08.13.2017,Lada,2025-01-15 15:04:44,2025-02-14 15:04:44
525,525,11.08.13.2017,Markisa,2025-01-27 15:48:45,2025-02-01 15:48:45
526,526,11.08.13.2017,Kakao,2025-07-18 22:02:08,2025-08-10 22:02:08
527,527,11.08.13.2017,Kacang Panjang,2025-05-30 07:42:54,2025-06-28 07:42:54
528,528,11.08.13.2017,Damar,2025-08-13 02:15:01,2025-08-23 02:15:01
529,529,11.08.13.2017,Kerajinan Perak,2025-08-20 09:32:32,2025-08-24 09:32:32
530,530,11.08.13.2017,Jambu Air,2025-10-26 00:46:13,2025-11-11 00:46:13
531,531,11.08.13.2017,Pepaya,2025-04-15 20:35:27,2025-05-13 20:35:27
532,532,11.08.13.2017,Melon,2025-05-25 05:08:24,2025-05-31 05:08:24
533,533,11.08.13.2017,Ubi Kayu,2025-05-12 00:20:08,2025-05-21 00:20:08
534,534,11.08.13.2017,Kemiri,2025-03-11 23:36:49,2025-03-16 23:36:49
535,535,11.08.13.2017,Emping,2025-06-08 10:54:24,2025-06-23 10:54:24
536,536,11.08.13.2017,Ukiran Kayu,2025-01-25 09:59:53,2025-02-08 09:59:53
537,537,11.08.13.2017,Pala,2025-02-28 21:25:10,2025-03-21 21:25:10
538,538,11.08.13.2017,Kakao,2025-01-29 11:22:02,2025-02-07 11:22:02
539,539,11.08.13.2017,Salak,2025-04-04 21:49:40,2025-04-14 21:49:40
540,540,11.08.13.2017,Babi,2024-12-29 05:26:47,2024-12-29 05:26:47
541,541,11.08.13.2017,Madu,2025-08-15 21:25:22,2025-09-07 21:25:22
542,542,11.08.13.2017,Teh Kering,2025-02-17 01:05:07,2025-03-07 01:05:07
543,543,11.08.13.2017,Gerabah,2025-04-09 02:21:12,2025-04-25 02:21:12
544,544,11.08.13.2017,Ukiran Kayu,2025-03-27 09:47:39,2025-04-16 09:47:39
545,545,11.08.13.2017,Bambu,2025-08-29 18:14:40,2025-09-09 18:14:40
546,546,11.08.13.2017,Wortel,2025-04-10 06:55:23,2025-04-12 06:55:23
547,547,11.08.13.2017,Ayam,2025-08-06 21:46:35,2025-08-09 21:46:35
548,548,11.08.13.2017,Kacang Hijau,2025-04-20 18:37:05,2025-04-27 18:37:05
549,549,11.08.13.2017,Cengkeh,2025-05-22 07:04:07,2025-05-30 07:04:07
550,550,11.08.13.2017,Pisang,2025-01-07 14:02:12,2025-01-17 14:02:12
551,551,11.08.13.2017,Wajik,2025-10-27 06:00:14,2025-11-25 06:00:14
552,552,11.08.13.2017,Kelinci,2025-05-11 17:32:40,2025-06-08 17:32:40
553,553,11.08.13.2017,Sirsak,2025-03-30 23:48:56,2025-04-25 23:48:56
554,554,11.08.13.2017,Sirsak,2025-07-03 16:04:59,2025-07-06 16:04:59
555,555,11.08.13.2017,Ubi Jalar,2025-03-10 23:08:28,2025-03-10 23:08:28
556,556,11.08.13.2017,Jagung,2025-08-29 19:00:21,2025-08-31 19:00:21
557,557,11.08.13.2017,Gaharu,2025-08-28 13:08:06,2025-09-06 13:08:06
558,558,11.08.13.2017,Kopi,2025-02-27 16:48:57,2025-03-19 16:48:57
559,559,11.08.13.2017,Wajik,2025-03-25 01:13:13,2025-04-16 01:13:13
560,560,11.08.13.2017,Tenun,2025-04-10 06:09:17,2025-05-01 06:09:17
561,561,11.08.13.2017,Ikan Lele,2025-02-03 12:30:15,2025-02-23 12:30:15
562,562,11.08.13.2017,Terong,2025-04-13 22:20:11,2025-05-12 22:20:11
563,563,11.08.13.2017,Udang,2025-06-12 01:59:43,2025-07-05 01:59:43
564,564,11.08.13.2017,Bawang Putih,2025-06-25 07:30:28,2025-07-23 07:30:28
565,565,11.08.13.2017,Salak,2025-06-02 07:18:25,2025-06-20 07:18:25
566,566,11.08.13.2017,Sagu,2025-07-17 01:52:09,2025-07-21 01:52:09
567,567,11.08.13.2017,Sawo,2025-08-26 08:41:35,2025-09-24 08:41:35
568,568,11.08.13.2017,Gerabah,2025-07-26 19:09:45,2025-08-04 19:09:45
569,569,11.08.13.2017,Pare,2025-08-02 06:40:32,2025-08-19 06:40:32
570,570,11.08.13.2017,Pinang,2025-04-26 03:45:17,2025-04-29 03:45:17
571,571,11.08.13.2017,Cabai,2025-09-07 20:34:57,2025-10-07 20:34:57
572,572,11.08.13.2017,Ikan Nila,2025-07-18 06:03:02,2025-07-29 06:03:02
573,573,11.08.13.2017,Kambing,2025-02-20 05:08:34,2025-02-25 05:08:34
574,574,11.08.13.2017,Domba,2025-06-18 02:17:06,2025-06-27 02:17:06
575,575,11.08.13.2017,Sirsak,2025-04-02 02:45:27,2025-04-17 02:45:27
576,576,11.08.13.2017,Cengkeh,2025-07-06 00:40:44,2025-07-25 00:40:44
577,577,11.08.13.2017,Gula Merah,2025-04-21 21:44:07,2025-04-27 21:44:07
578,578,11.08.13.2017,Jambu Mete,2025-06-24 23:53:12,2025-07-19 23:53:12
579,579,11.08.13.2017,Anyaman Bambu,2025-02-23 00:57:24,2025-02-25 00:57:24
580,580,11.08.13.2017,Tembakau,2025-06-06 17:52:40,2025-06-07 17:52:40
581,581,11.08.13.2017,Semangka,2025-03-09 16:58:32,2025-03-15 16:58:32
582,582,11.08.13.2017,Vanili,2025-09-25 01:37:16,2025-10-01 01:37:16
583,583,11.08.13.2017,Ikan Mas,2025-02-13 12:41:17,2025-03-08 12:41:17
584,584,11.08.13.2017,Kayu Jati,2025-01-18 14:53:59,2025-01-21 14:53:59
585,585,11.08.13.2017,Sawo,2025-08-11 06:51:59,2025-08-26 06:51:59
586,586,11.08.13.2017,Kacang Panjang,2025-08-27 14:44:06,2025-09-24 14:44:06
587,587,11.08.13.2017,Kerajinan Kulit,2025-01-23 15:12:53,2025-02-06 15:12:53
588,588,11.08.13.2017,Sawi,2025-07-15 21:02:02,2025-08-14 21:02:02
589,589,11.08.13.2017,Kambing,2025-06-09 12:08:04,2025-07-02 12:08:04
590,590,11.08.13.2017,Sawo,2025-03-26 22:48:28,2025-04-09 22:48:28
591,591,11.08.13.2017,Damar,2025-09-06 20:51:10,2025-10-05 20:51:10
592,592,11.08.13.2017,Ikan Gurame,2025-05-23 11:35:31,2025-06-13 11:35:31
593,593,11.08.13.2017,Kentang,2025-09-01 14:07:06,2025-09-08 14:07:06
594,594,11.08.13.2017,Nanas,2025-06-01 12:29:37,2025-06-23 12:29:37
595,595,11.08.13.2017,Gerabah,2025-03-26 15:13:07,2025-03-29 15:13:07
596,596,11.08.13.2017,Jambu Air,2025-09-23 08:29:32,2025-10-13 08:29:32
597,597,11.08.13.2017,Kacang Panjang,2025-06-14 14:01:37,2025-06-16 14:01:37
598,598,11.08.13.2017,Ubi Jalar,2025-05-27 14:18:20,2025-06-16 14:18:20
599,599,11.08.13.2017,Teh,2024-12-31 18:09:08,2025-01-15 18:09:08
600,600,11.08.13.2017,Songket,2025-10-30 09:18:40,2025-11-07 09:18:40
601,601,11.08.13.2017,Kedelai,2025-05-19 13:05:39,2025-06-04 13:05:39
602,602,11.08.13.2017,Langsat,2025-05-29 05:24:17,2025-06-26 05:24:17
603,603,11.08.13.2017,Gula Aren,2025-10-23 01:03:04,2025-11-14 01:03:04
604,604,11.08.13.2017,Ubi Kayu,2025-03-10 14:50:31,2025-04-02 14:50:31
605,605,11.08.13.2017,Durian,2025-04-18 07:36:25,2025-04-18 07:36:25
606,606,11.08.13.2017,Melon,2025-01-16 12:26:54,2025-02-15 12:26:54
607,607,11.08.13.2017,Kerajinan Rotan,2025-05-26 23:26:07,2025-06-19 23:26:07
608,608,11.08.13.2017,Gula Aren,2025-01-14 12:07:07,2025-02-07 12:07:07
609,609,11.08.13.2017,Ikan Mas,2025-08-08 05:48:10,2025-08-18 05:48:10
610,610,11.08.13.2017,Lengkeng,2025-04-19 07:10:38,2025-05-18 07:10:38
611,611,11.08.13.2017,Alpukat,2025-09-02 19:44:00,2025-09-25 19:44:00
612,612,11.08.13.2017,Songket,2025-04-16 00:09:04,2025-05-04 00:09:04
613,613,11.08.13.2017,Alpukat,2025-07-05 03:04:48,2025-07-10 03:04:48
614,614,11.08.13.2017,Nangka,2025-05-17 12:39:00,2025-05-29 12:39:00
615,615,11.08.13.2017,Pisang,2025-05-28 21:15:33,2025-06-12 21:15:33
616,616,11.08.13.2017,Gula Aren,2025-10-20 06:17:21,2025-11-10 06:17:21
617,617,11.08.13.2017,Alpukat,2025-10-20 03:53:35,2025-10-26 03:53:35
618,618,11.08.13.2017,Vanili,2025-02-24 04:14:12,2025-03-12 04:14:12
619,619,11.08.13.2017,Mangga,2025-02-27 23:18:53,2025-03-29 23:18:53
620,620,11.08.13.2017,Tomat,2025-01-03 13:59:48,2025-01-15 13:59:48
621,621,11.08.13.2017,Tenun,2025-09-02 13:39:28,2025-09-14 13:39:28
622,622,11.08.13.2017,Ubi Jalar,2025-01-22 05:35:00,2025-01-22 05:35:00
623,623,11.08.13.2017,Damar,2025-07-31 16:39:00,2025-08-02 16:39:00
624,624,11.08.13.2017,Wortel,2025-03-14 09:24:30,2025-03-15 09:24:30
625,625,11.08.13.2017,Kol,2025-02-15 23:43:14,2025-03-01 23:43:14
626,626,11.08.13.2017,Sawo,2025-04-30 16:46:31,2025-05-09 16:46:31
627,627,11.08.13.2017,Sirsak,2025-08-18 11:18:17,2025-09-01 11:18:17
628,628,11.08.13.2017,Ikan Gurame,2025-10-13 06:17:57,2025-10-31 06:17:57
629,629,11.08.13.2017,Udang,2025-02-04 05:29:18,2025-03-06 05:29:18
630,630,11.08.13.2017,Karet,2025-03-28 16:39:20,2025-04-06 16:39:20
631,631,11.08.13.2017,Tomat,2024-12-28 08:53:05,2025-01-17 08:53:05
632,632,11.08.13.2017,Kedelai,2025-09-17 14:54:00,2025-09-17 14:54:00
633,633,11.08.13.2017,Kapas,2025-06-17 07:37:19,2025-06-26 07:37:19
634,634,11.08.13.2017,Gaharu,2025-06-03 20:36:32,2025-06-26 20:36:32
635,635,11.08.13.2017,Furniture,2025-07-09 11:42:48,2025-07-13 11:42:48
636,636,11.08.13.2017,Kelapa,2025-09-22 22:55:59,2025-10-18 22:55:59
637,637,11.08.13.2017,Kerajinan Kulit,2025-09-01 05:36:25,2025-09-08 05:36:25
638,638,11.08.13.2017,Duku,2025-03-05 21:02:40,2025-03-09 21:02:40
639,639,11.08.13.2017,Kol,2025-08-15 08:20:36,2025-08-19 08:20:36
640,640,11.08.13.2017,Tenun,2025-02-13 18:46:51,2025-02-13 18:46:51
641,641,11.08.13.2017,Bayam,2025-03-18 21:46:07,2025-04-08 21:46:07
642,642,11.08.13.2017,Manggis,2025-04-27 09:22:53,2025-05-03 09:22:53
643,643,11.08.13.2017,Kelapa,2025-01-25 02:23:54,2025-02-13 02:23:54
644,644,11.08.13.2017,Melon,2025-08-31 07:13:59,2025-09-15 07:13:59
645,645,11.08.13.2017,Teh,2025-04-25 03:06:18,2025-05-21 03:06:18
646,646,11.08.13.2017,Keramik,2025-09-06 06:31:26,2025-09-06 06:31:26
647,647,11.08.13.2017,Kemiri,2025-03-23 17:58:30,2025-04-13 17:58:30
648,648,11.08.13.2017,Rotan,2025-08-27 00:48:56,2025-09-05 00:48:56
649,649,11.08.13.2017,Ubi Jalar,2025-02-06 14:18:32,2025-02-18 14:18:32
650,650,11.08.13.2017,Emping,2025-06-26 05:30:57,2025-07-13 05:30:57
651,651,11.08.13.2017,Kerupuk,2025-08-16 02:22:35,2025-09-11 02:22:35
652,652,11.08.13.2017,Kol,2025-06-05 19:27:15,2025-06-19 19:27:15
653,653,11.08.13.2017,Ikan Nila,2025-08-08 01:35:20,2025-08-30 01:35:20
654,654,11.08.13.2017,Damar,2025-01-19 17:52:31,2025-01-30 17:52:31
655,655,11.08.13.2017,Pisang,2025-08-05 13:37:46,2025-08-08 13:37:46
656,656,11.08.13.2017,Kelapa,2025-01-29 11:37:50,2025-02-16 11:37:50
657,657,11.08.13.2017,Durian,2025-05-26 20:41:44,2025-06-07 20:41:44
658,658,11.08.13.2017,Ubi Jalar,2025-07-15 22:12:15,2025-08-01 22:12:15
659,659,11.08.13.2017,Labu,2025-06-01 11:13:59,2025-06-26 11:13:59
660,660,11.08.13.2017,Lada,2025-05-29 23:43:31,2025-06-06 23:43:31
661,661,11.08.13.2017,Ikan Lele,2025-05-14 13:05:26,2025-05-25 13:05:26
662,662,11.08.13.2017,Bawang Merah,2025-03-25 21:20:03,2025-04-11 21:20:03
663,663,11.08.13.2017,Aren,2025-05-14 14:41:13,2025-06-09 14:41:13
664,664,11.08.13.2017,Sirsak,2025-05-04 06:45:27,2025-05-27 06:45:27
665,665,11.08.13.2017,Jambu Mete,2025-07-04 23:15:30,2025-07-07 23:15:30
666,666,11.08.13.2017,Tebu,2025-03-02 17:19:26,2025-03-31 17:19:26
667,667,11.08.13.2017,Cabai,2025-07-09 10:53:00,2025-08-03 10:53:00
668,668,11.08.13.2017,Cengkeh,2025-08-17 01:28:59,2025-08-27 01:28:59
669,669,11.08.13.2017,Durian,2025-04-24 09:03:18,2025-04-27 09:03:18
670,670,11.08.13.2017,Kedelai,2024-12-30 13:46:08,2025-01-28 13:46:08
671,671,11.08.13.2017,Gula Aren,2025-02-13 16:34:13,2025-03-08 16:34:13
672,672,11.08.13.2017,Nangka,2025-07-18 23:24:29,2025-08-07 23:24:29
673,673,11.08.13.2017,Cabai,2025-10-21 19:07:42,2025-11-01 19:07:42
674,674,11.08.13.2017,Alpukat,2025-04-10 01:38:05,2025-04-29 01:38:05
675,675,11.08.13.2017,Pare,2025-07-19 18:16:06,2025-07-20 18:16:06
676,676,11.08.13.2017,Melon,2025-01-11 09:15:48,2025-01-31 09:15:48
677,677,11.08.13.2017,Salak,2025-10-14 08:59:33,2025-11-02 08:59:33
678,678,11.08.13.2017,Bebek,2025-09-19 22:47:56,2025-10-08 22:47:56
679,679,11.08.13.2017,Anyaman Bambu,2025-01-13 00:46:01,2025-01-24 00:46:01
680,680,11.08.13.2017,Ikan Gurame,2025-03-30 21:45:20,2025-04-28 21:45:20
681,681,11.08.13.2017,Ikan Nila,2025-07-27 18:56:16,2025-07-29 18:56:16
682,682,11.08.13.2017,Labu,2025-08-29 16:56:31,2025-09-28 16:56:31
683,683,11.08.13.2017,Nangka,2025-08-15 04:23:20,2025-08-18 04:23:20
684,684,11.08.13.2017,Kedelai,2025-05-15 10:47:21,2025-05-22 10:47:21
685,685,11.08.13.2017,Anyaman Bambu,2025-08-08 06:49:49,2025-08-31 06:49:49
686,686,11.08.13.2017,Teh Kering,2025-03-13 02:11:40,2025-04-11 02:11:40
687,687,11.08.13.2017,Tenun,2025-03-01 01:37:52,2025-03-19 01:37:52
688,688,11.08.13.2017,Kelapa,2025-07-06 21:01:59,2025-07-18 21:01:59
689,689,11.08.13.2017,Keramik,2025-05-29 20:01:59,2025-06-20 20:01:59
690,690,11.08.13.2017,Damar,2025-08-10 10:44:37,2025-08-17 10:44:37
691,691,11.08.13.2017,Pisang,2025-04-05 19:28:05,2025-04-13 19:28:05
692,692,11.08.13.2017,Jagung,2025-03-23 11:02:29,2025-03-27 11:02:29
693,693,11.08.13.2017,Sapi,2025-07-12 03:05:18,2025-08-08 03:05:18
694,694,11.08.13.2017,Burung Puyuh,2025-03-02 05:44:55,2025-03-22 05:44:55
695,695,11.08.13.2017,Lengkeng,2025-03-27 12:25:39,2025-04-13 12:25:39
696,696,11.08.13.2017,Wortel,2025-04-17 18:09:53,2025-05-03 18:09:53
697,697,11.08.13.2017,Kelapa,2025-10-05 11:20:35,2025-10-06 11:20:35
698,698,11.08.13.2017,Kerupuk,2025-04-22 20:03:05,2025-04-23 20:03:05
699,699,11.08.13.2017,Kacang Panjang,2025-03-27 19:35:28,2025-03-30 19:35:28
700,700,11.08.13.2017,Pisang,2025-10-14 05:48:20,2025-10-21 05:48:20
701,701,11.08.13.2017,Sukun,2025-06-22 00:31:56,2025-07-09 00:31:56
702,702,11.08.13.2017,Vanili,2025-03-22 02:05:48,2025-04-18 02:05:48
703,703,11.08.13.2017,Ayam,2025-03-07 20:12:02,2025-03-18 20:12:02
704,704,11.08.13.2017,Emping,2025-10-28 03:49:58,2025-11-19 03:49:58
705,705,11.08.13.2017,Jagung,2025-02-18 13:28:29,2025-03-19 13:28:29
706,706,11.08.13.2017,Lengkeng,2025-08-06 13:50:30,2025-08-15 13:50:30
707,707,11.08.13.2017,Duku,2025-10-22 21:14:43,2025-11-19 21:14:43
708,708,11.08.13.2017,Kayu Manis,2025-05-26 09:59:51,2025-06-05 09:59:51
709,709,11.08.13.2017,Alpukat,2025-10-09 14:31:41,2025-10-12 14:31:41
710,710,11.08.13.2017,Nanas,2025-07-28 04:34:43,2025-08-01 04:34:43
711,711,11.08.13.2017,Kerajinan Kulit,2025-08-13 10:14:36,2025-08-18 10:14:36
712,712,11.08.13.2017,Domba,2025-09-09 08:13:12,2025-09-20 08:13:12
713,713,11.08.13.2017,Gerabah,2025-09-20 07:29:06,2025-09-21 07:29:06
714,714,11.08.13.2017,Sagu,2025-08-23 23:22:05,2025-09-19 23:22:05
715,715,11.08.13.2017,Pare,2025-08-20 05:59:46,2025-08-20 05:59:46
716,716,11.08.13.2017,Dodol,2025-04-28 13:24:35,2025-05-04 13:24:35
717,717,11.08.13.2017,Kerajinan Kulit,2025-01-27 01:39:29,2025-02-11 01:39:29
718,718,11.08.13.2017,Tebu,2025-06-16 02:25:39,2025-07-08 02:25:39
719,719,11.08.13.2017,Kol,2025-01-26 20:21:49,2025-01-31 20:21:49
720,720,11.08.13.2017,Belimbing,2025-08-04 13:33:12,2025-08-26 13:33:12
721,721,11.08.13.2017,Sukun,2025-09-29 09:27:15,2025-10-20 09:27:15
722,722,11.08.13.2017,Lengkeng,2025-07-28 01:59:54,2025-08-18 01:59:54
723,723,11.08.13.2017,Batik,2025-01-30 03:47:36,2025-02-02 03:47:36
724,724,11.08.13.2017,Domba,2025-04-06 06:00:12,2025-04-08 06:00:12
725,725,11.08.13.2017,Vanili,2025-02-27 06:42:22,2025-03-18 06:42:22
726,726,11.08.13.2017,Jambu Biji,2025-04-26 18:01:39,2025-05-24 18:01:39
727,727,11.08.13.2017,Teh Kering,2025-06-17 02:05:00,2025-06-21 02:05:00
728,728,11.08.13.2017,Kerupuk,2025-06-25 09:25:13,2025-07-07 09:25:13
729,729,11.08.13.2017,Madu,2025-02-12 20:31:06,2025-02-26 20:31:06
730,730,11.08.13.2017,Gaharu,2025-01-16 19:59:17,2025-01-31 19:59:17
731,731,11.08.13.2017,Kayu Mahoni,2025-10-20 00:35:01,2025-11-17 00:35:01
732,732,11.08.13.2017,Wortel,2025-08-21 21:14:40,2025-08-31 21:14:40
733,733,11.08.13.2017,Cabai,2025-10-18 17:20:35,2025-10-22 17:20:35
734,734,11.08.13.2017,Kentang,2025-08-17 18:04:11,2025-08-17 18:04:11
735,735,11.08.13.2017,Furniture,2025-09-15 22:49:16,2025-10-15 22:49:16
736,736,11.08.13.2017,Emping,2025-08-07 07:08:41,2025-08-28 07:08:41
737,737,11.08.13.2017,Ikan Gurame,2025-05-05 23:37:39,2025-05-26 23:37:39
738,738,11.08.13.2017,Kayu Mahoni,2025-07-03 17:47:05,2025-07-25 17:47:05
739,739,11.08.13.2017,Jeruk,2025-07-13 10:02:31,2025-08-11 10:02:31
740,740,11.08.13.2017,Anyaman Bambu,2025-10-09 10:38:39,2025-10-29 10:38:39
741,741,11.08.13.2017,Kangkung,2025-04-24 02:25:15,2025-04-28 02:25:15
742,742,11.08.13.2017,Teh Kering,2025-04-08 06:45:07,2025-04-14 06:45:07
743,743,11.08.13.2017,Wajik,2025-06-02 05:57:22,2025-06-28 05:57:22
744,744,11.08.13.2017,Cabai,2025-01-30 12:07:56,2025-02-16 12:07:56
745,745,11.08.13.2017,Kayu Jati,2025-07-14 00:46:40,2025-08-03 00:46:40
746,746,11.08.13.2017,Tembakau,2025-03-11 17:16:37,2025-03-16 17:16:37
747,747,11.08.13.2017,Lengkeng,2025-10-04 11:06:30,2025-10-31 11:06:30
748,748,11.08.13.2017,Terong,2025-07-07 14:31:06,2025-07-14 14:31:06
749,749,11.08.13.2017,Kayu Manis,2025-01-21 23:16:10,2025-02-20 23:16:10
750,750,11.08.13.2017,Bawang Merah,2025-06-23 19:51:33,2025-07-08 19:51:33
751,751,11.08.13.2017,Furniture,2025-03-07 08:55:50,2025-03-12 08:55:50
752,752,11.08.13.2017,Damar,2025-09-23 18:50:44,2025-09-28 18:50:44
753,753,11.08.13.2017,Jagung,2025-10-04 09:32:19,2025-10-25 09:32:19
754,754,11.08.13.2017,Kelapa Sawit,2025-05-13 12:32:34,2025-05-20 12:32:34
755,755,11.08.13.2017,Ukiran Kayu,2025-08-20 16:26:11,2025-09-16 16:26:11
756,756,11.08.13.2017,Ikan Nila,2025-07-17 17:14:49,2025-08-16 17:14:49
757,757,11.08.13.2017,Madu,2025-04-30 14:15:36,2025-05-08 14:15:36
758,758,11.08.13.2017,Kakao,2025-05-04 03:44:16,2025-06-03 03:44:16
759,759,11.08.13.2017,Sukun,2025-10-17 02:19:16,2025-11-03 02:19:16
760,760,11.08.13.2017,Teh Kering,2025-10-27 14:32:23,2025-10-30 14:32:23
761,761,11.08.13.2017,Pisang,2025-10-03 19:02:18,2025-10-28 19:02:18
762,762,11.08.13.2017,Kambing,2025-04-05 05:51:40,2025-04-26 05:51:40
763,763,11.08.13.2017,Burung Puyuh,2025-06-21 20:23:43,2025-06-26 20:23:43
764,764,11.08.13.2017,Sirsak,2025-03-08 13:33:50,2025-03-25 13:33:50
765,765,11.08.13.2017,Tenun,2025-02-09 14:34:16,2025-02-27 14:34:16
766,766,11.08.13.2017,Kapas,2025-02-03 13:48:03,2025-03-05 13:48:03
767,767,11.08.13.2017,Sawi,2025-02-14 15:27:20,2025-03-02 15:27:20
768,768,11.08.13.2017,Batik,2025-10-20 14:16:45,2025-11-07 14:16:45
769,769,11.08.13.2017,Kayu Mahoni,2025-08-30 20:23:14,2025-09-02 20:23:14
770,770,11.08.13.2017,Kemiri,2025-02-26 00:03:37,2025-03-15 00:03:37
771,771,11.08.13.2017,Kacang Tanah,2025-08-19 21:20:11,2025-08-29 21:20:11
772,772,11.08.13.2017,Ukiran Kayu,2025-01-20 06:53:12,2025-02-10 06:53:12
773,773,11.08.13.2017,Pare,2025-02-16 08:55:39,2025-02-22 08:55:39
774,774,11.08.13.2017,Manggis,2025-08-02 15:50:57,2025-08-03 15:50:57
775,775,11.08.13.2017,Kerajinan Kulit,2025-07-11 11:15:04,2025-07-18 11:15:04
776,776,11.08.13.2017,Terong,2025-01-15 04:43:14,2025-02-01 04:43:14
777,777,11.08.13.2017,Teh,2025-09-08 10:02:07,2025-09-24 10:02:07
778,778,11.08.13.2017,Itik,2025-03-07 19:26:30,2025-03-26 19:26:30
779,779,11.08.13.2017,Vanili,2025-09-20 07:11:39,2025-10-11 07:11:39
780,780,11.08.13.2017,Madu,2025-09-01 19:44:30,2025-09-02 19:44:30
781,781,11.08.13.2017,Anyaman Bambu,2025-04-10 23:10:19,2025-04-30 23:10:19
782,782,11.08.13.2017,Langsat,2025-07-23 19:14:08,2025-07-24 19:14:08
783,783,11.08.13.2017,Burung Puyuh,2025-04-15 06:39:45,2025-05-02 06:39:45
784,784,11.08.13.2017,Labu,2025-01-10 23:15:47,2025-01-31 23:15:47
785,785,11.08.13.2017,Durian,2025-03-25 09:37:50,2025-04-22 09:37:50
786,786,11.08.13.2017,Bebek,2025-08-07 06:16:12,2025-08-10 06:16:12
787,787,11.08.13.2017,Vanili,2025-10-16 21:47:08,2025-10-19 21:47:08
788,788,11.08.13.2017,Kayu Manis,2025-10-10 02:31:39,2025-10-10 02:31:39
789,789,11.08.13.2017,Wortel,2025-03-24 19:56:42,2025-03-24 19:56:42
790,790,11.08.13.2017,Kangkung,2025-03-10 19:51:31,2025-03-14 19:51:31
791,791,11.08.13.2017,Ikan Gurame,2025-05-16 19:36:16,2025-06-14 19:36:16
792,792,11.08.13.2017,Kakao,2025-08-17 21:35:47,2025-08-27 21:35:47
793,793,11.08.13.2017,Langsat,2025-10-30 13:35:50,2025-11-20 13:35:50
794,794,11.08.13.2017,Kelapa,2025-03-25 05:24:00,2025-03-28 05:24:00
795,795,11.08.13.2017,Mangga,2025-10-06 00:01:30,2025-10-24 00:01:30
796,796,11.08.13.2017,Tembakau,2025-09-18 07:39:10,2025-10-17 07:39:10
797,797,11.08.13.2017,Pepaya,2025-08-29 12:50:40,2025-09-13 12:50:40
798,798,11.08.13.2017,Karet,2025-10-08 14:05:42,2025-10-26 14:05:42
799,799,11.08.13.2017,Emping,2025-10-24 15:27:06,2025-10-24 15:27:06
800,800,11.08.13.2017,Kambing,2025-01-26 07:20:43,2025-01-26 07:20:43
801,801,11.08.13.2017,Ukiran Kayu,2025-05-15 19:13:01,2025-06-10 19:13:01
802,802,11.08.13.2017,Semangka,2025-02-23 08:52:56,2025-03-04 08:52:56
803,803,11.08.13.2017,Timun,2025-09-09 01:10:45,2025-09-22 01:10:45
804,804,11.08.13.2017,Teh Kering,2025-08-02 01:54:44,2025-08-02 01:54:44
805,805,11.08.13.2017,Ubi Kayu,2025-08-21 03:00:51,2025-09-10 03:00:51
806,806,11.08.13.2017,Itik,2025-08-21 19:33:09,2025-09-17 19:33:09
807,807,11.08.13.2017,Kapas,2025-07-15 20:38:26,2025-08-12 20:38:26
808,808,11.08.13.2017,Cengkeh,2025-05-08 21:53:45,2025-06-07 21:53:45
809,809,11.08.13.2017,Cabai,2025-01-28 03:40:41,2025-02-10 03:40:41
810,810,11.08.13.2017,Bambu,2025-05-04 22:04:06,2025-05-22 22:04:06
811,811,11.08.13.2017,Kacang Panjang,2025-02-20 01:35:00,2025-03-03 01:35:00
812,812,11.08.13.2017,Burung Puyuh,2025-04-09 09:26:00,2025-04-26 09:26:00
813,813,11.08.13.2017,Manggis,2025-09-03 01:27:07,2025-09-06 01:27:07
814,814,11.08.13.2017,Ikan Lele,2025-08-17 00:24:42,2025-09-12 00:24:42
815,815,11.08.13.2017,Kelapa,2025-09-15 11:14:05,2025-10-12 11:14:05
816,816,11.08.13.2017,Jambu Air,2025-03-01 06:20:01,2025-03-13 06:20:01
817,817,11.08.13.2017,Manggis,2025-08-25 11:20:53,2025-09-04 11:20:53
818,818,11.08.13.2017,Tenun,2025-05-27 03:17:20,2025-05-31 03:17:20
819,819,11.08.13.2017,Sawi,2025-01-09 00:47:47,2025-01-16 00:47:47
820,820,11.08.13.2017,Teh Kering,2025-02-27 21:07:23,2025-03-06 21:07:23
821,821,11.08.13.2017,Wortel,2025-09-16 15:52:15,2025-09-25 15:52:15
822,822,11.08.13.2017,Lengkeng,2025-07-17 05:44:25,2025-08-08 05:44:25
823,823,11.08.13.2017,Itik,2025-03-17 10:37:44,2025-04-02 10:37:44
824,824,11.08.13.2017,Burung Puyuh,2025-08-10 08:27:06,2025-08-19 08:27:06
825,825,11.08.13.2017,Songket,2025-07-26 20:52:54,2025-08-05 20:52:54
826,826,11.08.13.2017,Semangka,2025-04-15 07:35:47,2025-05-14 07:35:47
827,827,11.08.13.2017,Kerajinan Rotan,2025-09-29 01:47:17,2025-10-08 01:47:17
828,828,11.08.13.2017,Belimbing,2025-04-23 11:59:39,2025-05-18 11:59:39
829,829,11.08.13.2017,Kopi,2025-07-05 10:14:45,2025-07-08 10:14:45
830,830,11.08.13.2017,Labu,2025-01-14 11:10:33,2025-02-12 11:10:33
831,831,11.08.13.2017,Tebu,2025-09-27 18:05:45,2025-10-14 18:05:45
832,832,11.08.13.2017,Bebek,2025-07-17 16:49:16,2025-08-15 16:49:16
833,833,11.08.13.2017,Kemiri,2025-06-17 19:53:43,2025-07-17 19:53:43
834,834,11.08.13.2017,Kerajinan Rotan,2025-10-12 04:45:43,2025-11-07 04:45:43
835,835,11.08.13.2017,Kakao,2025-04-27 06:42:04,2025-05-12 06:42:04
836,836,11.08.13.2017,Kayu Sengon,2025-01-24 12:20:20,2025-01-24 12:20:20
837,837,11.08.13.2017,Kemiri,2025-04-16 15:48:00,2025-04-18 15:48:00
838,838,11.08.13.2017,Kopi Bubuk,2025-03-16 11:15:17,2025-04-02 11:15:17
839,839,11.08.13.2017,Pepaya,2025-07-22 23:03:21,2025-08-17 23:03:21
840,840,11.08.13.2017,Cengkeh,2025-09-07 05:21:47,2025-09-17 05:21:47
841,841,11.08.13.2017,Pala,2025-02-06 13:13:26,2025-02-07 13:13:26
842,842,11.08.13.2017,Tenun,2025-09-12 12:57:35,2025-10-01 12:57:35
843,843,11.08.13.2017,Salak,2025-09-30 20:12:05,2025-10-07 20:12:05
844,844,11.08.13.2017,Sagu,2025-01-19 17:56:13,2025-02-04 17:56:13
845,845,11.08.13.2017,Ubi Jalar,2025-08-28 05:55:55,2025-09-11 05:55:55
846,846,11.08.13.2017,Bawang Putih,2025-02-10 15:02:30,2025-03-07 15:02:30
847,847,11.08.13.2017,Pisang,2025-06-15 06:58:04,2025-06-15 06:58:04
848,848,11.08.13.2017,Gerabah,2025-09-07 20:42:02,2025-09-07 20:42:02
849,849,11.08.13.2017,Kerajinan Rotan,2025-06-01 21:53:14,2025-06-13 21:53:14
850,850,11.08.13.2017,Sagu,2025-01-14 20:21:06,2025-02-13 20:21:06
851,851,11.08.13.2017,Durian,2025-05-09 05:37:13,2025-05-14 05:37:13
852,852,11.08.13.2017,Kapas,2025-02-18 09:07:20,2025-03-19 09:07:20
853,853,11.08.13.2017,Ikan Gurame,2025-05-28 16:59:41,2025-06-04 16:59:41
854,854,11.08.13.2017,Anyaman Bambu,2025-10-11 07:09:54,2025-10-20 07:09:54
855,855,11.08.13.2017,Sawi,2025-07-14 19:54:50,2025-08-13 19:54:50
856,856,11.08.13.2017,Udang,2025-08-10 20:14:33,2025-08-29 20:14:33
857,857,11.08.13.2017,Kerbau,2025-01-06 07:46:02,2025-01-17 07:46:02
858,858,11.08.13.2017,Kerupuk,2025-05-06 15:38:01,2025-05-06 15:38:01
859,859,11.08.13.2017,Sirsak,2025-04-08 12:12:01,2025-05-03 12:12:01
860,860,11.08.13.2017,Sirsak,2025-05-02 11:39:16,2025-05-04 11:39:16
861,861,11.08.13.2017,Kerajinan Rotan,2025-01-02 04:54:18,2025-01-02 04:54:18
862,862,11.08.13.2017,Ikan Lele,2025-07-25 22:13:46,2025-08-06 22:13:46
863,863,11.08.13.2017,Timun,2025-08-08 06:50:02,2025-08-18 06:50:02
864,864,11.08.13.2017,Domba,2025-07-06 01:54:16,2025-07-15 01:54:16
865,865,11.08.13.2017,Melon,2025-01-31 05:04:32,2025-02-01 05:04:32
866,866,11.08.13.2017,Vanili,2025-07-22 13:27:29,2025-07-29 13:27:29
867,867,11.08.13.2017,Kacang Panjang,2025-06-27 13:22:36,2025-07-14 13:22:36
868,868,11.08.13.2017,Babi,2025-09-01 06:55:51,2025-09-06 06:55:51
869,869,11.08.13.2017,Lengkeng,2025-07-30 10:23:21,2025-08-08 10:23:21
870,870,11.08.13.2017,Tembakau,2025-05-02 22:39:41,2025-05-03 22:39:41
871,871,11.08.13.2017,Madu,2025-01-23 15:26:00,2025-02-21 15:26:00
872,872,11.08.13.2017,Kerbau,2025-07-09 19:37:51,2025-07-24 19:37:51
873,873,11.08.13.2017,Gula Merah,2025-01-22 06:52:56,2025-01-25 06:52:56
874,874,11.08.13.2017,Pare,2025-03-09 19:54:42,2025-03-25 19:54:42
875,875,11.08.13.2017,Batik,2025-05-18 15:43:44,2025-06-13 15:43:44
876,876,11.08.13.2017,Bayam,2025-04-10 22:42:00,2025-05-02 22:42:00
877,877,11.08.13.2017,Burung Puyuh,2025-09-26 18:59:10,2025-10-01 18:59:10
878,878,11.08.13.2017,Ikan Mas,2025-04-27 21:47:46,2025-05-19 21:47:46
879,879,11.08.13.2017,Kerajinan Kulit,2025-07-03 02:08:46,2025-07-04 02:08:46
880,880,11.08.13.2017,Karet,2025-10-19 15:07:51,2025-11-17 15:07:51
881,881,11.08.13.2017,Ikan Gurame,2025-02-26 11:50:28,2025-02-27 11:50:28
882,882,11.08.13.2017,Alpukat,2025-08-09 03:06:40,2025-09-01 03:06:40
883,883,11.08.13.2017,Bawang Merah,2025-06-21 15:10:22,2025-07-09 15:10:22
884,884,11.08.13.2017,Jagung,2025-10-19 09:05:17,2025-11-15 09:05:17
885,885,11.08.13.2017,Ubi Kayu,2025-10-14 19:07:00,2025-10-24 19:07:00
886,886,11.08.13.2017,Kopi Bubuk,2025-02-07 20:40:43,2025-03-03 20:40:43
887,887,11.08.13.2017,Ubi Jalar,2025-03-13 09:30:17,2025-03-25 09:30:17
888,888,11.08.13.2017,Kapas,2025-10-27 08:06:54,2025-11-02 08:06:54
889,889,11.08.13.2017,Kedelai,2025-04-02 22:24:53,2025-04-28 22:24:53
890,890,11.08.13.2017,Sagu,2025-09-07 12:00:39,2025-09-08 12:00:39
891,891,11.08.13.2017,Duku,2025-05-16 18:27:48,2025-05-17 18:27:48
892,892,11.08.13.2017,Kentang,2025-03-31 14:19:53,2025-04-02 14:19:53
893,893,11.08.13.2017,Padi,2025-09-18 21:14:11,2025-09-24 21:14:11
894,894,11.08.13.2017,Kayu Jati,2025-05-31 08:14:45,2025-06-20 08:14:45
895,895,11.08.13.2017,Burung Puyuh,2025-03-03 02:31:27,2025-03-04 02:31:27
896,896,11.08.13.2017,Manggis,2025-04-20 12:08:04,2025-05-04 12:08:04
897,897,11.08.13.2017,Sapi,2025-02-08 19:35:27,2025-02-19 19:35:27
898,898,11.08.13.2017,Kedelai,2025-08-08 12:14:41,2025-08-27 12:14:41
899,899,11.08.13.2017,Kayu Sengon,2024-12-28 21:06:30,2025-01-05 21:06:30
900,900,11.08.13.2017,Kacang Panjang,2025-06-27 14:12:32,2025-07-01 14:12:32
901,901,11.08.13.2017,Keramik,2025-06-25 14:30:26,2025-06-29 14:30:26
902,902,11.08.13.2017,Kopi Bubuk,2025-09-03 06:38:18,2025-09-22 06:38:18
903,903,11.08.13.2017,Gaharu,2025-01-21 16:04:55,2025-01-30 16:04:55
904,904,11.08.13.2017,Kerbau,2025-03-23 00:50:47,2025-04-06 00:50:47
905,905,11.08.13.2017,Belimbing,2025-03-30 07:00:04,2025-04-05 07:00:04
906,906,11.08.13.2017,Rambutan,2025-03-17 18:05:05,2025-04-01 18:05:05
907,907,11.08.13.2017,Semangka,2024-12-30 17:03:36,2025-01-14 17:03:36
908,908,11.08.13.2017,Bawang Merah,2025-02-12 21:35:22,2025-03-10 21:35:22
909,909,11.08.13.2017,Kelapa,2025-02-21 18:42:22,2025-03-18 18:42:22
910,910,11.08.13.2017,Bayam,2025-02-03 23:39:12,2025-03-04 23:39:12
911,911,11.08.13.2017,Padi,2025-04-08 12:07:42,2025-05-07 12:07:42
912,912,11.08.13.2017,Damar,2025-05-29 08:00:01,2025-06-12 08:00:01
913,913,11.08.13.2017,Ikan Nila,2025-09-09 01:13:26,2025-09-14 01:13:26
914,914,11.08.13.2017,Pare,2025-10-10 02:28:59,2025-10-18 02:28:59
915,915,11.08.13.2017,Cabai,2025-08-01 03:10:01,2025-08-29 03:10:01
916,916,11.08.13.2017,Gula Merah,2025-08-05 08:36:40,2025-08-26 08:36:40
917,917,11.08.13.2017,Kakao,2025-06-10 17:23:35,2025-06-10 17:23:35
918,918,11.08.13.2017,Kentang,2025-08-17 09:20:52,2025-08-29 09:20:52
919,919,11.08.13.2017,Duku,2025-03-27 01:08:12,2025-03-30 01:08:12
920,920,11.08.13.2017,Kelapa,2025-07-25 04:36:54,2025-08-17 04:36:54
921,921,11.08.13.2017,Kakao,2025-01-09 03:16:30,2025-01-25 03:16:30
922,922,11.08.13.2017,Pisang,2025-07-15 09:13:01,2025-07-25 09:13:01
923,923,11.08.13.2017,Bawang Putih,2025-06-03 11:45:37,2025-06-25 11:45:37
924,924,11.08.13.2017,Kerajinan Kulit,2025-02-12 02:36:44,2025-02-15 02:36:44
925,925,11.08.13.2017,Babi,2025-04-08 17:34:42,2025-04-22 17:34:42
926,926,11.08.13.2017,Damar,2025-06-13 14:57:18,2025-07-01 14:57:18
927,927,11.08.13.2017,Bawang Putih,2025-05-21 14:23:26,2025-06-14 14:23:26
928,928,11.08.13.2017,Itik,2025-08-28 17:06:07,2025-09-04 17:06:07
929,929,11.08.13.2017,Nangka,2025-04-25 12:37:47,2025-05-14 12:37:47
930,930,11.08.13.2017,Terong,2025-10-21 12:48:13,2025-10-25 12:48:13
931,931,11.08.13.2017,Jambu Mete,2025-10-04 01:02:01,2025-11-02 01:02:01
932,932,11.08.13.2017,Cengkeh,2025-03-07 22:48:09,2025-03-08 22:48:09
933,933,11.08.13.2017,Pinang,2025-05-13 02:28:25,2025-05-26 02:28:25
934,934,11.08.13.2017,Batik,2025-06-22 02:08:05,2025-07-20 02:08:05
935,935,11.08.13.2017,Ikan Mas,2024-12-30 00:10:02,2025-01-20 00:10:02
936,936,11.08.13.2017,Kemiri,2025-02-09 11:30:12,2025-02-18 11:30:12
937,937,11.08.13.2017,Kacang Tanah,2025-09-17 14:30:32,2025-10-03 14:30:32
938,938,11.08.13.2017,Kangkung,2025-04-18 09:42:54,2025-05-16 09:42:54
939,939,11.08.13.2017,Batik,2025-05-23 23:49:38,2025-06-09 23:49:38
940,940,11.08.13.2017,Kacang Panjang,2025-02-11 00:23:20,2025-03-02 00:23:20
941,941,11.08.13.2017,Gula Merah,2025-07-30 07:09:25,2025-08-29 07:09:25
942,942,11.08.13.2017,Domba,2025-04-07 16:50:37,2025-04-12 16:50:37
943,943,11.08.13.2017,Kelinci,2025-04-28 05:11:25,2025-05-01 05:11:25
944,944,11.08.13.2017,Alpukat,2025-10-14 15:05:41,2025-10-22 15:05:41
945,945,11.08.13.2017,Sapi,2025-08-28 16:05:14,2025-09-09 16:05:14
946,946,11.08.13.2017,Babi,2025-08-11 07:24:53,2025-08-28 07:24:53
947,947,11.08.13.2017,Gerabah,2025-06-13 22:42:31,2025-07-10 22:42:31
948,948,11.08.13.2017,Tembakau,2025-03-26 05:18:23,2025-04-24 05:18:23
949,949,11.08.13.2017,Belimbing,2025-04-28 05:57:42,2025-05-22 05:57:42
950,950,11.08.13.2017,Sukun,2024-12-29 23:56:56,2025-01-28 23:56:56
951,951,11.08.13.2017,Wortel,2025-06-17 08:25:50,2025-06-27 08:25:50
952,952,11.08.13.2017,Lada,2025-02-15 23:18:18,2025-02-22 23:18:18
953,953,11.08.13.2017,Gaharu,2025-02-27 01:52:28,2025-03-13 01:52:28
954,954,11.08.13.2017,Jambu Biji,2025-05-19 13:33:39,2025-05-21 13:33:39
955,955,11.08.13.2017,Babi,2025-01-04 17:48:29,2025-01-30 17:48:29
956,956,11.08.13.2017,Rambutan,2025-03-29 15:13:58,2025-04-07 15:13:58
957,957,11.08.13.2017,Sagu,2025-04-09 16:05:56,2025-04-20 16:05:56
958,958,11.08.13.2017,Wortel,2025-02-18 14:59:28,2025-02-27 14:59:28
959,959,11.08.13.2017,Tebu,2025-09-22 11:26:52,2025-10-09 11:26:52
960,960,11.08.13.2017,Anyaman Bambu,2025-08-12 09:36:55,2025-08-29 09:36:55
961,961,11.08.13.2017,Keramik,2025-09-03 17:43:07,2025-09-16 17:43:07
962,962,11.08.13.2017,Kopi Bubuk,2025-06-12 04:10:03,2025-06-17 04:10:03
963,963,11.08.13.2017,Ukiran Kayu,2025-05-24 18:29:22,2025-06-17 18:29:22
964,964,11.08.13.2017,Alpukat,2025-08-27 22:51:54,2025-09-11 22:51:54
965,965,11.08.13.2017,Sagu,2025-08-05 01:18:34,2025-09-04 01:18:34
966,966,11.08.13.2017,Duku,2025-05-11 23:15:40,2025-05-19 23:15:40
967,967,11.08.13.2017,Itik,2025-04-30 19:12:00,2025-05-03 19:12:00
968,968,11.08.13.2017,Madu,2024-12-31 09:54:16,2025-01-23 09:54:16
969,969,11.08.13.2017,Gerabah,2025-07-06 03:34:07,2025-07-17 03:34:07
970,970,11.08.13.2017,Sagu,2025-04-28 12:33:12,2025-05-08 12:33:12
971,971,11.08.13.2017,Mangga,2025-08-11 19:20:28,2025-08-19 19:20:28
972,972,11.08.13.2017,Jambu Biji,2025-04-03 19:41:30,2025-04-19 19:41:30
973,973,11.08.13.2017,Bayam,2025-02-23 06:56:48,2025-02-26 06:56:48
974,974,11.08.13.2017,Itik,2025-04-23 00:04:45,2025-05-18 00:04:45
975,975,11.08.13.2017,Tomat,2025-07-24 07:47:50,2025-08-22 07:47:50
976,976,11.08.13.2017,Belimbing,2025-06-30 08:52:40,2025-07-29 08:52:40
977,977,11.08.13.2017,Bawang Merah,2025-02-20 05:33:06,2025-03-14 05:33:06
978,978,11.08.13.2017,Sirsak,2025-01-21 21:53:48,2025-02-04 21:53:48
979,979,11.08.13.2017,Semangka,2025-01-01 13:37:28,2025-01-13 13:37:28
980,980,11.08.13.2017,Gerabah,2025-08-24 10:12:55,2025-08-26 10:12:55
981,981,11.08.13.2017,Kayu Sengon,2025-03-15 16:09:54,2025-04-09 16:09:54
982,982,11.08.13.2017,Ayam,2025-03-12 01:34:48,2025-03-14 01:34:48
983,983,11.08.13.2017,Karet,2025-10-10 02:33:46,2025-10-24 02:33:46
984,984,11.08.13.2017,Kopi,2025-09-09 23:00:20,2025-09-24 23:00:20
985,985,11.08.13.2017,Markisa,2025-03-29 07:10:50,2025-04-16 07:10:50
986,986,11.08.13.2017,Ikan Mas,2025-01-30 18:05:31,2025-02-25 18:05:31
987,987,11.08.13.2017,Labu,2025-08-20 18:54:50,2025-09-10 18:54:50
988,988,11.08.13.2017,Tenun,2025-07-18 02:37:43,2025-08-03 02:37:43
989,989,11.08.13.2017,Lada,2025-01-28 17:12:48,2025-02-05 17:12:48
990,990,11.08.13.2017,Kerupuk,2025-07-18 03:02:52,2025-08-01 03:02:52
991,991,11.08.13.2017,Tomat,2025-09-09 14:09:28,2025-10-02 14:09:28
992,992,11.08.13.2017,Durian,2025-02-15 21:53:29,2025-02-16 21:53:29
993,993,11.08.13.2017,Bawang Putih,2025-02-09 00:16:50,2025-02-20 00:16:50
994,994,11.08.13.2017,Kacang Hijau,2025-08-24 21:25:28,2025-09-15 21:25:28
995,995,11.08.13.2017,Furniture,2025-01-18 08:02:59,2025-01-22 08:02:59
996,996,11.08.13.2017,Gaharu,2025-08-06 00:35:29,2025-08-24 00:35:29
997,997,11.08.13.2017,Sapi,2025-01-15 06:14:30,2025-01-23 06:14:30
998,998,11.08.13.2017,Belimbing,2025-09-30 15:57:36,2025-09-30 15:57:36
999,999,11.08.13.2017,Kayu Sengon,2025-03-20 20:17:05,2025-04-07 20:17:05
1000,1000,11.08.13.2017,Sawo,2025-03-04 11:58:09,2025-03-13 11:58:09
