village_potentials_id,village_id,village_code,name,created_at,updated_at
1,1,11.08.13.2017,Desa Wisata,2025-04-29 02:02:32,2025-05-29 02:02:32
2,2,11.08.13.2017,Sawah Tadah Hujan,2025-06-01 06:19:55,2025-06-13 06:19:55
3,3,11.08.13.2017,Wisata Budaya,2025-10-21 03:07:22,2025-11-08 03:07:22
4,4,11.08.13.2017,Budidaya Lele,2025-06-11 10:53:21,2025-06-25 10:53:21
5,5,11.08.13.2017,Hutan Lindung,2025-08-11 18:58:51,2025-08-30 18:58:51
6,6,11.08.13.2017,Desa Wisata,2025-07-21 11:04:12,2025-08-20 11:04:12
7,7,11.08.13.2017,Kebun Kopi,2025-05-15 12:56:36,2025-05-30 12:56:36
8,8,11.08.13.2017,Lahan Kering,2025-10-14 06:06:29,2025-10-26 06:06:29
9,9,11.08.13.2017,Wisata Alam,2025-10-04 07:32:37,2025-10-26 07:32:37
10,10,11.08.13.2017,Pembangkit Listrik Desa,2025-09-02 18:48:43,2025-09-02 18:48:43
11,11,11.08.13.2017,Hutan Lindung,2025-07-05 07:24:52,2025-07-07 07:24:52
12,12,11.08.13.2017,Kebun Sayur,2025-04-02 03:40:20,2025-04-27 03:40:20
13,13,11.08.13.2017,Lahan Kering,2025-10-17 04:18:12,2025-11-05 04:18:12
14,14,11.08.13.2017,Kebun Vanili,2025-07-24 22:54:56,2025-08-22 22:54:56
15,15,11.08.13.2017,Camping Ground,2025-04-20 16:02:45,2025-05-04 16:02:45
16,16,11.08.13.2017,Toko Kelontong,2025-05-21 20:33:44,2025-05-22 20:33:44
17,17,11.08.13.2017,Kebun Kopi,2025-08-27 10:43:13,2025-09-23 10:43:13
18,18,11.08.13.2017,Sumber Air Bersih,2025-08-15 04:09:58,2025-08-21 04:09:58
19,19,11.08.13.2017,Hutan Produksi,2025-06-17 12:54:21,2025-07-02 12:54:21
20,20,11.08.13.2017,Jasa Transportasi,2025-05-27 03:17:40,2025-06-12 03:17:40
21,21,11.08.13.2017,Wisata Alam,2025-07-26 15:06:39,2025-08-11 15:06:39
22,22,11.08.13.2017,Pasar Tradisional,2025-09-18 20:04:05,2025-10-02 20:04:05
23,23,11.08.13.2017,Sumber Air Bersih,2025-08-06 21:29:34,2025-08-12 21:29:34
24,24,11.08.13.2017,Wisata Religi,2025-06-01 17:53:52,2025-06-11 17:53:52
25,25,11.08.13.2017,Budidaya Gurame,2025-01-02 10:56:42,2025-01-05 10:56:42
26,26,11.08.13.2017,Keramba Jaring Apung,2025-08-07 03:33:56,2025-08-28 03:33:56
27,27,11.08.13.2017,Bengkel,2025-10-01 06:42:26,2025-10-28 06:42:26
28,28,11.08.13.2017,Wisata Religi,2025-02-01 19:10:10,2025-02-09 19:10:10
29,29,11.08.13.2017,Sungai,2025-03-30 17:45:08,2025-04-27 17:45:08
30,30,11.08.13.2017,Budidaya Gurame,2025-05-15 09:19:15,2025-06-07 09:19:15
31,31,11.08.13.2017,Biogas,2025-10-26 04:18:39,2025-11-08 04:18:39
32,32,11.08.13.2017,Kebun Cengkeh,2025-09-18 21:45:37,2025-09-23 21:45:37
33,33,11.08.13.2017,Lahan Kering,2025-02-04 15:09:49,2025-02-08 15:09:49
34,34,11.08.13.2017,Salon,2025-03-03 05:31:55,2025-03-24 05:31:55
35,35,11.08.13.2017,Hutan Rakyat,2025-09-07 22:00:50,2025-09-23 22:00:50
36,36,11.08.13.2017,Hutan Lindung,2025-07-14 00:07:35,2025-07-31 00:07:35
37,37,11.08.13.2017,Kebun Vanili,2025-06-13 15:52:07,2025-07-07 15:52:07
38,38,11.08.13.2017,Wisata Edukasi,2025-03-23 00:26:28,2025-03-28 00:26:28
39,39,11.08.13.2017,Perikanan Darat,2025-03-23 06:21:33,2025-04-22 06:21:33
40,40,11.08.13.2017,Budidaya Ikan,2025-10-07 21:39:25,2025-10-29 21:39:25
41,41,11.08.13.2017,Bengkel,2025-05-30 02:44:05,2025-06-06 02:44:05
42,42,11.08.13.2017,Peternakan Sapi,2025-05-29 16:19:37,2025-06-10 16:19:37
43,43,11.08.13.2017,Budidaya Gurame,2025-04-18 14:05:37,2025-04-21 14:05:37
44,44,11.08.13.2017,Desa Wisata,2025-01-19 19:17:51,2025-02-08 19:17:51
45,45,11.08.13.2017,Fotocopy,2025-03-13 09:30:20,2025-04-08 09:30:20
46,46,11.08.13.2017,Greenhouse,2025-05-27 08:53:58,2025-05-27 08:53:58
47,47,11.08.13.2017,Wisata Alam,2025-10-30 08:17:24,2025-11-09 08:17:24
48,48,11.08.13.2017,Pasar Tradisional,2025-05-26 14:51:53,2025-06-23 14:51:53
49,49,11.08.13.2017,Laundry,2025-02-09 19:58:55,2025-02-09 19:58:55
50,50,11.08.13.2017,Industri Rotan,2025-03-12 04:29:26,2025-04-07 04:29:26
51,51,11.08.13.2017,Perikanan Laut,2025-02-20 07:23:53,2025-02-20 07:23:53
52,52,11.08.13.2017,Sumber Air Bersih,2025-09-17 10:20:09,2025-10-09 10:20:09
53,53,11.08.13.2017,Wisata Edukasi,2025-03-24 03:15:22,2025-03-31 03:15:22
54,54,11.08.13.2017,Desa Wisata,2024-12-29 14:01:06,2025-01-17 14:01:06
55,55,11.08.13.2017,Fotocopy,2025-09-16 17:18:18,2025-10-13 17:18:18
56,56,11.08.13.2017,Wisata Pantai,2025-02-10 04:46:38,2025-02-24 04:46:38
57,57,11.08.13.2017,Kebun Karet,2025-04-06 23:01:41,2025-04-10 23:01:41
58,58,11.08.13.2017,Pertanian Organik,2025-02-13 06:54:36,2025-02-18 06:54:36
59,59,11.08.13.2017,Hutan Rakyat,2025-10-28 07:44:52,2025-11-12 07:44:52
60,60,11.08.13.2017,Wisata Kuliner,2025-09-06 19:48:51,2025-09-08 19:48:51
61,61,11.08.13.2017,Homestay,2025-01-14 10:42:20,2025-01-28 10:42:20
62,62,11.08.13.2017,Danau,2025-06-04 20:26:19,2025-06-13 20:26:19
63,63,11.08.13.2017,Industri Gerabah,2025-07-07 20:06:04,2025-07-31 20:06:04
64,64,11.08.13.2017,Tanaman Kayu,2025-01-07 20:34:44,2025-01-08 20:34:44
65,65,11.08.13.2017,Industri Minuman,2025-06-15 16:34:11,2025-06-20 16:34:11
66,66,11.08.13.2017,Industri Makanan,2025-07-02 17:34:25,2025-07-16 17:34:25
67,67,11.08.13.2017,Pengolahan Ikan,2025-05-29 23:49:45,2025-06-08 23:49:45
68,68,11.08.13.2017,Warnet,2025-01-15 22:35:20,2025-02-05 22:35:20
69,69,11.08.13.2017,Budidaya Gurame,2025-04-09 15:28:40,2025-04-22 15:28:40
70,70,11.08.13.2017,Jasa Konstruksi,2025-05-31 12:09:09,2025-06-01 12:09:09
71,71,11.08.13.2017,Biomassa,2025-08-03 02:19:36,2025-08-12 02:19:36
72,72,11.08.13.2017,Tanaman Pangan,2025-06-30 09:27:37,2025-07-18 09:27:37
73,73,11.08.13.2017,Perkebunan Rakyat,2025-08-06 00:14:34,2025-08-16 00:14:34
74,74,11.08.13.2017,Wisata Gunung,2024-12-31 04:53:53,2025-01-18 04:53:53
75,75,11.08.13.2017,Ekowisata Hutan,2025-04-20 07:41:24,2025-05-04 07:41:24
76,76,11.08.13.2017,Kolam Ikan,2025-04-28 23:25:11,2025-05-25 23:25:11
77,77,11.08.13.2017,Laundry,2025-09-28 02:54:54,2025-10-17 02:54:54
78,78,11.08.13.2017,Warnet,2025-06-07 19:00:56,2025-06-09 19:00:56
79,79,11.08.13.2017,Jasa Konstruksi,2025-05-31 23:54:14,2025-06-30 23:54:14
80,80,11.08.13.2017,Ekowisata Hutan,2025-10-04 12:19:19,2025-10-27 12:19:19
81,81,11.08.13.2017,Kebun Teh,2025-07-20 02:34:23,2025-07-20 02:34:23
82,82,11.08.13.2017,Laundry,2025-08-29 15:21:21,2025-09-23 15:21:21
83,83,11.08.13.2017,Budidaya Nila,2025-05-15 05:35:21,2025-05-27 05:35:21
84,84,11.08.13.2017,Sawah Tadah Hujan,2025-07-12 06:06:35,2025-07-29 06:06:35
85,85,11.08.13.2017,Kebun Kelapa Sawit,2025-01-14 01:57:45,2025-01-14 01:57:45
86,86,11.08.13.2017,Perikanan Laut,2025-04-25 15:06:30,2025-05-14 15:06:30
87,87,11.08.13.2017,Salon,2025-09-30 02:23:56,2025-10-13 02:23:56
88,88,11.08.13.2017,Kebun Kakao,2025-08-22 16:32:14,2025-08-26 16:32:14
89,89,11.08.13.2017,Jasa Transportasi,2025-08-08 14:40:57,2025-08-27 14:40:57
90,90,11.08.13.2017,Budidaya Ikan,2025-02-03 00:50:17,2025-02-08 00:50:17
91,91,11.08.13.2017,Agroforestry,2025-06-16 12:42:13,2025-06-30 12:42:13
92,92,11.08.13.2017,Tambang Pasir,2025-06-10 15:42:30,2025-07-01 15:42:30
93,93,11.08.13.2017,Kebun Teh,2025-04-18 10:47:07,2025-05-06 10:47:07
94,94,11.08.13.2017,Kebun Teh,2025-09-11 14:40:06,2025-10-09 14:40:06
95,95,11.08.13.2017,Wisata Budaya,2025-03-12 17:15:07,2025-03-29 17:15:07
96,96,11.08.13.2017,Perkebunan Rakyat,2025-05-01 06:48:38,2025-05-30 06:48:38
97,97,11.08.13.2017,Perikanan Laut,2025-01-06 08:51:54,2025-01-10 08:51:54
98,98,11.08.13.2017,Camping Ground,2025-10-25 14:27:13,2025-11-14 14:27:13
99,99,11.08.13.2017,Tambak Udang,2025-02-18 11:17:27,2025-03-16 11:17:27
100,100,11.08.13.2017,Tambang Pasir,2025-02-15 09:58:42,2025-02-27 09:58:42
101,101,11.08.13.2017,Kerajinan Tangan,2025-07-24 13:09:21,2025-07-31 13:09:21
102,102,11.08.13.2017,Pembenihan Ikan,2025-05-18 19:48:50,2025-05-18 19:48:50
103,103,11.08.13.2017,Energi Surya,2025-07-26 08:56:06,2025-08-23 08:56:06
104,104,11.08.13.2017,Hasil Hutan Non-Kayu,2025-06-05 11:28:38,2025-06-20 11:28:38
105,105,11.08.13.2017,Warung Makan,2025-07-06 10:14:39,2025-07-17 10:14:39
106,106,11.08.13.2017,Irigasi Teknis,2025-02-04 22:20:04,2025-02-15 22:20:04
107,107,11.08.13.2017,Danau,2025-05-07 05:31:57,2025-05-25 05:31:57
108,108,11.08.13.2017,Budidaya Ikan,2025-10-17 11:07:48,2025-11-04 11:07:48
109,109,11.08.13.2017,Getah Karet,2025-07-13 07:05:35,2025-07-13 07:05:35
110,110,11.08.13.2017,Wisata Edukasi,2025-10-16 01:09:51,2025-11-10 01:09:51
111,111,11.08.13.2017,Mineral Non-Logam,2025-03-28 04:51:12,2025-04-21 04:51:12
112,112,11.08.13.2017,Industri Minuman,2025-07-09 09:50:43,2025-07-10 09:50:43
113,113,11.08.13.2017,Toko Kelontong,2025-09-05 23:41:56,2025-09-21 23:41:56
114,114,11.08.13.2017,Peternakan Kambing,2025-04-29 21:37:57,2025-05-16 21:37:57
115,115,11.08.13.2017,Kebun Teh,2025-08-22 02:36:23,2025-08-23 02:36:23
116,116,11.08.13.2017,Industri Rumah Tangga,2025-03-28 06:38:14,2025-04-25 06:38:14
117,117,11.08.13.2017,Getah Karet,2025-10-17 00:03:34,2025-11-15 00:03:34
118,118,11.08.13.2017,Wisata Edukasi,2025-08-28 10:46:46,2025-09-10 10:46:46
119,119,11.08.13.2017,Budidaya Ikan,2025-05-03 20:00:27,2025-05-23 20:00:27
120,120,11.08.13.2017,Peternakan Kelinci,2025-08-03 02:29:11,2025-08-24 02:29:11
121,121,11.08.13.2017,Kebun Kopi,2025-10-22 17:48:17,2025-11-18 17:48:17
122,122,11.08.13.2017,Perkebunan Rakyat,2025-06-22 04:05:40,2025-06-29 04:05:40
123,123,11.08.13.2017,Warnet,2025-10-20 14:50:34,2025-10-23 14:50:34
124,124,11.08.13.2017,Pembangkit Listrik Desa,2025-04-06 09:57:31,2025-04-29 09:57:31
125,125,11.08.13.2017,Biomassa,2025-10-04 16:32:18,2025-10-16 16:32:18
126,126,11.08.13.2017,Kebun Kakao,2025-06-08 11:35:41,2025-06-26 11:35:41
127,127,11.08.13.2017,Kerajinan Tangan,2025-07-28 17:10:51,2025-08-19 17:10:51
128,128,11.08.13.2017,Hasil Hutan Non-Kayu,2025-05-21 04:08:54,2025-06-10 04:08:54
129,129,11.08.13.2017,Industri Batik,2025-07-11 23:52:13,2025-08-03 23:52:13
130,130,11.08.13.2017,Budidaya Nila,2025-06-25 22:41:52,2025-07-02 22:41:52
131,131,11.08.13.2017,Kolam Ikan,2025-08-08 08:42:34,2025-09-05 08:42:34
132,132,11.08.13.2017,Industri Keramik,2025-01-18 09:57:14,2025-01-28 09:57:14
133,133,11.08.13.2017,Kebun Kopi,2025-04-30 04:08:49,2025-05-20 04:08:49
134,134,11.08.13.2017,Kerajinan Tangan,2025-06-13 04:49:48,2025-06-30 04:49:48
135,135,11.08.13.2017,Wisata Sejarah,2025-01-27 00:50:44,2025-02-05 00:50:44
136,136,11.08.13.2017,Jasa Transportasi,2025-05-27 15:52:04,2025-06-02 15:52:04
137,137,11.08.13.2017,Pembangkit Listrik Desa,2025-01-23 23:38:22,2025-02-14 23:38:22
138,138,11.08.13.2017,Biogas,2025-01-07 09:33:08,2025-01-17 09:33:08
139,139,11.08.13.2017,Biogas,2025-07-04 13:47:18,2025-07-18 13:47:18
140,140,11.08.13.2017,Energi Surya,2025-03-08 21:23:16,2025-04-04 21:23:16
141,141,11.08.13.2017,Lahan Pertanian Subur,2025-07-23 11:52:34,2025-08-07 11:52:34
142,142,11.08.13.2017,Pembangkit Listrik Desa,2025-10-05 07:40:40,2025-10-17 07:40:40
143,143,11.08.13.2017,Mikrohidro,2025-05-08 13:40:05,2025-05-24 13:40:05
144,144,11.08.13.2017,Hidroponik,2025-08-10 17:58:32,2025-08-15 17:58:32
145,145,11.08.13.2017,Pembangkit Listrik Desa,2025-05-16 18:45:19,2025-06-14 18:45:19
146,146,11.08.13.2017,Batu Kapur,2025-06-08 19:49:01,2025-06-30 19:49:01
147,147,11.08.13.2017,Peternakan Ayam,2025-04-26 14:48:21,2025-05-14 14:48:21
148,148,11.08.13.2017,Warnet,2025-09-17 18:55:00,2025-09-29 18:55:00
149,149,11.08.13.2017,Budidaya Nila,2025-06-14 12:45:29,2025-06-22 12:45:29
150,150,11.08.13.2017,Wisata Pantai,2025-10-31 19:51:08,2025-11-16 19:51:08
151,151,11.08.13.2017,Kebun Vanili,2025-05-19 14:25:23,2025-06-07 14:25:23
152,152,11.08.13.2017,Hasil Hutan Non-Kayu,2025-06-02 08:48:49,2025-06-27 08:48:49
153,153,11.08.13.2017,Bengkel,2025-04-17 16:02:55,2025-05-14 16:02:55
154,154,11.08.13.2017,Kebun Cengkeh,2024-12-30 11:56:43,2025-01-11 11:56:43
155,155,11.08.13.2017,Biomassa,2025-09-21 18:17:35,2025-10-15 18:17:35
156,156,11.08.13.2017,Industri Gerabah,2025-05-13 01:31:20,2025-06-12 01:31:20
157,157,11.08.13.2017,Industri Batik,2025-09-16 00:39:47,2025-10-13 00:39:47
158,158,11.08.13.2017,Kebun Kopi,2025-03-24 11:32:24,2025-04-15 11:32:24
159,159,11.08.13.2017,Hutan Lindung,2025-09-29 06:32:17,2025-10-27 06:32:17
160,160,11.08.13.2017,Kebun Cengkeh,2025-05-22 06:11:01,2025-05-29 06:11:01
161,161,11.08.13.2017,Energi Angin,2025-03-05 08:15:13,2025-03-20 08:15:13
162,162,11.08.13.2017,Budidaya Gurame,2025-08-09 07:47:06,2025-08-17 07:47:06
163,163,11.08.13.2017,Kebun Kelapa Sawit,2025-03-19 06:37:38,2025-03-28 06:37:38
164,164,11.08.13.2017,Jasa Transportasi,2025-06-11 02:04:11,2025-06-19 02:04:11
165,165,11.08.13.2017,Kebun Teh,2025-07-05 11:29:05,2025-07-20 11:29:05
166,166,11.08.13.2017,Budidaya Ikan,2025-07-24 21:33:28,2025-08-02 21:33:28
167,167,11.08.13.2017,Mineral Non-Logam,2025-09-22 12:47:07,2025-09-23 12:47:07
168,168,11.08.13.2017,Budidaya Nila,2025-07-11 11:32:04,2025-07-13 11:32:04
169,169,11.08.13.2017,Mata Air,2025-08-16 18:57:45,2025-08-20 18:57:45
170,170,11.08.13.2017,Mata Air,2025-03-19 15:18:21,2025-03-29 15:18:21
171,171,11.08.13.2017,Perikanan Darat,2025-08-28 22:56:50,2025-08-28 22:56:50
172,172,11.08.13.2017,Hutan Lindung,2025-03-05 09:07:25,2025-03-25 09:07:25
173,173,11.08.13.2017,Mikrohidro,2025-10-08 05:38:48,2025-10-17 05:38:48
174,174,11.08.13.2017,Hasil Hutan Kayu,2025-08-17 18:53:25,2025-08-17 18:53:25
175,175,11.08.13.2017,Batu Kapur,2025-09-21 07:19:49,2025-09-29 07:19:49
176,176,11.08.13.2017,Jasa Transportasi,2025-02-25 10:08:34,2025-03-18 10:08:34
177,177,11.08.13.2017,Industri Tenun,2024-12-27 12:49:49,2025-01-23 12:49:49
178,178,11.08.13.2017,Tambak Bandeng,2025-01-21 23:53:36,2025-02-09 23:53:36
179,179,11.08.13.2017,Mineral Non-Logam,2025-04-10 00:27:38,2025-04-26 00:27:38
180,180,11.08.13.2017,Jasa Transportasi,2025-07-30 04:50:49,2025-08-17 04:50:49
181,181,11.08.13.2017,Industri Tenun,2025-10-14 01:02:51,2025-11-13 01:02:51
182,182,11.08.13.2017,Perikanan Darat,2025-10-26 06:40:34,2025-11-16 06:40:34
183,183,11.08.13.2017,Wisata Danau,2025-10-04 18:24:54,2025-11-03 18:24:54
184,184,11.08.13.2017,Perikanan Laut,2024-12-31 05:09:45,2025-01-29 05:09:45
185,185,11.08.13.2017,Getah Karet,2025-08-15 22:53:31,2025-09-14 22:53:31
186,186,11.08.13.2017,Sawah Tadah Hujan,2025-06-09 01:13:26,2025-06-16 01:13:26
187,187,11.08.13.2017,Jasa Konstruksi,2025-06-11 02:02:10,2025-07-10 02:02:10
188,188,11.08.13.2017,Industri Tenun,2025-09-11 02:58:14,2025-10-07 02:58:14
189,189,11.08.13.2017,Kebun Kelapa Sawit,2025-06-23 03:47:36,2025-07-15 03:47:36
190,190,11.08.13.2017,Wisata Danau,2025-01-22 16:38:47,2025-02-20 16:38:47
191,191,11.08.13.2017,Mata Air,2025-06-27 06:43:10,2025-07-21 06:43:10
192,192,11.08.13.2017,Galian C,2025-04-15 06:30:14,2025-05-01 06:30:14
193,193,11.08.13.2017,Tambak Bandeng,2025-04-09 16:26:42,2025-04-28 16:26:42
194,194,11.08.13.2017,Tambak Udang,2025-08-08 12:22:00,2025-09-06 12:22:00
195,195,11.08.13.2017,Camping Ground,2025-08-15 17:13:53,2025-08-31 17:13:53
196,196,11.08.13.2017,Perikanan Laut,2025-06-13 14:14:50,2025-06-15 14:14:50
197,197,11.08.13.2017,Tambak Udang,2025-05-26 06:51:49,2025-06-19 06:51:49
198,198,11.08.13.2017,Perkebunan Rakyat,2025-03-04 13:35:22,2025-04-03 13:35:22
199,199,11.08.13.2017,Sungai,2025-01-11 06:14:35,2025-01-13 06:14:35
200,200,11.08.13.2017,Mineral Non-Logam,2025-08-19 17:07:05,2025-09-18 17:07:05
201,201,11.08.13.2017,Tanaman Kayu,2025-08-04 11:50:55,2025-08-24 11:50:55
202,202,11.08.13.2017,Wisata Edukasi,2025-10-18 11:12:04,2025-11-06 11:12:04
203,203,11.08.13.2017,Tambang Pasir,2025-08-28 05:52:12,2025-09-01 05:52:12
204,204,11.08.13.2017,Wisata Sejarah,2025-08-15 03:41:40,2025-09-09 03:41:40
205,205,11.08.13.2017,Batu Kapur,2025-10-22 06:58:20,2025-10-27 06:58:20
206,206,11.08.13.2017,Tambang Pasir,2025-05-22 04:38:36,2025-05-25 04:38:36
207,207,11.08.13.2017,Wisata Pantai,2025-01-10 13:59:32,2025-01-23 13:59:32
208,208,11.08.13.2017,Lahan Pertanian Subur,2025-10-03 21:03:07,2025-10-14 21:03:07
209,209,11.08.13.2017,Industri Makanan,2025-09-19 19:34:56,2025-10-15 19:34:56
210,210,11.08.13.2017,Sawah Tadah Hujan,2025-07-27 01:23:02,2025-08-22 01:23:02
211,211,11.08.13.2017,Wisata Gunung,2025-08-29 13:30:04,2025-09-06 13:30:04
212,212,11.08.13.2017,Jasa Konstruksi,2025-05-06 02:36:00,2025-05-25 02:36:00
213,213,11.08.13.2017,Hasil Hutan Kayu,2025-04-04 09:45:35,2025-05-02 09:45:35
214,214,11.08.13.2017,Tanah Liat,2025-07-13 00:55:41,2025-07-17 00:55:41
215,215,11.08.13.2017,Industri Rotan,2025-05-09 12:53:13,2025-05-24 12:53:13
216,216,11.08.13.2017,Warnet,2025-03-24 02:18:04,2025-04-11 02:18:04
217,217,11.08.13.2017,Pengolahan Kayu,2025-03-23 02:09:30,2025-03-25 02:09:30
218,218,11.08.13.2017,Wisata Edukasi,2025-08-11 11:09:54,2025-08-18 11:09:54
219,219,11.08.13.2017,Sungai,2025-04-13 14:02:35,2025-05-10 14:02:35
220,220,11.08.13.2017,Ternak Domba,2025-03-18 02:29:12,2025-03-24 02:29:12
221,221,11.08.13.2017,Wisata Air Terjun,2025-06-05 16:22:53,2025-06-17 16:22:53
222,222,11.08.13.2017,Kolam Ikan,2025-09-05 02:10:06,2025-09-23 02:10:06
223,223,11.08.13.2017,Kebun Kakao,2025-04-20 06:56:57,2025-04-28 06:56:57
224,224,11.08.13.2017,Budidaya Lele,2025-01-25 04:08:05,2025-02-23 04:08:05
225,225,11.08.13.2017,Budidaya Nila,2025-02-19 16:59:07,2025-03-16 16:59:07
226,226,11.08.13.2017,Salon,2025-10-06 11:55:45,2025-10-28 11:55:45
227,227,11.08.13.2017,Peternakan Ayam,2025-03-14 19:03:28,2025-04-01 19:03:28
228,228,11.08.13.2017,Industri Rotan,2025-05-26 22:57:13,2025-05-26 22:57:13
229,229,11.08.13.2017,Salon,2025-08-03 12:12:01,2025-08-03 12:12:01
230,230,11.08.13.2017,Hasil Hutan Non-Kayu,2025-02-05 12:23:27,2025-02-22 12:23:27
231,231,11.08.13.2017,Jasa Konstruksi,2025-08-12 21:25:22,2025-09-04 21:25:22
232,232,11.08.13.2017,Industri Rumah Tangga,2025-01-27 05:46:20,2025-02-02 05:46:20
233,233,11.08.13.2017,Wisata Air Terjun,2025-10-03 21:46:21,2025-10-12 21:46:21
234,234,11.08.13.2017,Industri Makanan,2025-03-02 05:12:15,2025-03-19 05:12:15
235,235,11.08.13.2017,Kebun Karet,2025-08-02 11:49:44,2025-08-04 11:49:44
236,236,11.08.13.2017,Industri Minuman,2025-07-03 06:11:32,2025-07-08 06:11:32
237,237,11.08.13.2017,Jasa Konstruksi,2025-09-08 18:12:21,2025-09-30 18:12:21
238,238,11.08.13.2017,Batu Kapur,2025-07-28 13:54:00,2025-08-18 13:54:00
239,239,11.08.13.2017,Peternakan Kelinci,2025-10-08 13:05:38,2025-10-23 13:05:38
240,240,11.08.13.2017,Peternakan Bebek,2025-03-25 22:18:17,2025-03-31 22:18:17
241,241,11.08.13.2017,Camping Ground,2025-06-28 15:21:51,2025-07-16 15:21:51
242,242,11.08.13.2017,Hutan Rakyat,2025-05-07 15:55:39,2025-05-25 15:55:39
243,243,11.08.13.2017,Hidroponik,2025-02-03 09:17:01,2025-03-02 09:17:01
244,244,11.08.13.2017,Kerajinan Tangan,2025-02-04 08:10:30,2025-02-05 08:10:30
245,245,11.08.13.2017,Danau,2025-08-25 11:05:13,2025-09-09 11:05:13
246,246,11.08.13.2017,Peternakan Kambing,2025-10-03 19:30:27,2025-10-10 19:30:27
247,247,11.08.13.2017,Jasa Konstruksi,2025-05-09 10:13:03,2025-06-03 10:13:03
248,248,11.08.13.2017,Wisata Alam,2025-05-04 05:33:39,2025-05-13 05:33:39
249,249,11.08.13.2017,Galian C,2025-03-23 20:04:26,2025-04-22 20:04:26
250,250,11.08.13.2017,Wisata Alam,2025-05-24 17:38:35,2025-06-14 17:38:35
251,251,11.08.13.2017,Agroforestry,2025-10-20 01:43:24,2025-11-09 01:43:24
252,252,11.08.13.2017,Laundry,2025-10-17 22:31:21,2025-11-15 22:31:21
253,253,11.08.13.2017,Hutan Lindung,2025-07-07 02:53:09,2025-07-29 02:53:09
254,254,11.08.13.2017,Peternakan Sapi,2024-12-29 20:07:19,2025-01-13 20:07:19
255,255,11.08.13.2017,Budidaya Gurame,2025-07-08 07:34:54,2025-07-30 07:34:54
256,256,11.08.13.2017,Kebun Teh,2025-10-25 19:53:01,2025-10-30 19:53:01
257,257,11.08.13.2017,Wisata Sejarah,2025-04-01 04:16:27,2025-04-07 04:16:27
258,258,11.08.13.2017,Perikanan Laut,2025-03-31 15:59:54,2025-04-25 15:59:54
259,259,11.08.13.2017,Pengolahan Hasil Pertanian,2025-03-08 00:13:13,2025-03-20 00:13:13
260,260,11.08.13.2017,Kolam Ikan,2025-09-02 13:44:42,2025-09-16 13:44:42
261,261,11.08.13.2017,Industri Tenun,2025-10-09 14:08:45,2025-10-30 14:08:45
262,262,11.08.13.2017,Galian C,2025-08-23 14:44:42,2025-09-17 14:44:42
263,263,11.08.13.2017,Pengolahan Hasil Pertanian,2025-03-20 22:07:05,2025-04-16 22:07:05
264,264,11.08.13.2017,Pembenihan Ikan,2025-06-14 03:23:35,2025-06-25 03:23:35
265,265,11.08.13.2017,Kebun Karet,2025-02-27 04:30:01,2025-03-09 04:30:01
266,266,11.08.13.2017,Pembenihan Ikan,2025-06-20 07:17:35,2025-07-20 07:17:35
267,267,11.08.13.2017,Jasa Konstruksi,2025-08-15 22:10:39,2025-08-19 22:10:39
268,268,11.08.13.2017,Peternakan Kelinci,2025-01-20 11:30:13,2025-01-21 11:30:13
269,269,11.08.13.2017,Tanah Liat,2025-05-18 10:52:52,2025-05-26 10:52:52
270,270,11.08.13.2017,Mata Air,2025-04-08 06:03:39,2025-04-18 06:03:39
271,271,11.08.13.2017,Ternak Domba,2025-02-13 17:17:58,2025-02-26 17:17:58
272,272,11.08.13.2017,Industri Keramik,2025-06-01 00:03:38,2025-06-24 00:03:38
273,273,11.08.13.2017,Perkebunan Rakyat,2025-07-19 03:28:38,2025-08-10 03:28:38
274,274,11.08.13.2017,Lahan Pertanian Subur,2025-04-27 10:54:43,2025-04-28 10:54:43
275,275,11.08.13.2017,Tambang Pasir,2025-10-28 17:43:45,2025-11-05 17:43:45
276,276,11.08.13.2017,Jasa Transportasi,2025-04-11 01:58:07,2025-04-21 01:58:07
277,277,11.08.13.2017,Wisata Danau,2025-06-07 03:35:33,2025-07-02 03:35:33
278,278,11.08.13.2017,Kerajinan Tangan,2025-06-21 10:37:56,2025-07-14 10:37:56
279,279,11.08.13.2017,Budidaya Gurame,2025-05-04 19:42:02,2025-05-10 19:42:02
280,280,11.08.13.2017,Fotocopy,2025-06-01 09:15:26,2025-06-26 09:15:26
281,281,11.08.13.2017,Industri Rumah Tangga,2025-04-05 02:40:26,2025-05-01 02:40:26
282,282,11.08.13.2017,Budidaya Lele,2025-03-11 00:12:25,2025-03-25 00:12:25
283,283,11.08.13.2017,Peternakan Kelinci,2025-10-02 23:30:01,2025-10-18 23:30:01
284,284,11.08.13.2017,Kebun Kelapa Sawit,2025-02-28 07:24:46,2025-03-29 07:24:46
285,285,11.08.13.2017,Energi Surya,2025-06-20 07:32:08,2025-07-06 07:32:08
286,286,11.08.13.2017,Energi Angin,2025-10-13 08:43:19,2025-10-22 08:43:19
287,287,11.08.13.2017,Industri Rotan,2025-05-11 17:26:34,2025-05-23 17:26:34
288,288,11.08.13.2017,Sumber Air Bersih,2025-09-16 18:46:13,2025-10-06 18:46:13
289,289,11.08.13.2017,Hasil Hutan Kayu,2025-05-15 09:10:50,2025-06-05 09:10:50
290,290,11.08.13.2017,Biomassa,2025-06-21 12:36:25,2025-07-20 12:36:25
291,291,11.08.13.2017,Industri Makanan,2025-02-24 16:52:39,2025-03-20 16:52:39
292,292,11.08.13.2017,Peternakan Sapi,2025-06-05 04:50:01,2025-06-12 04:50:01
293,293,11.08.13.2017,Wisata Alam,2025-10-04 08:00:54,2025-10-08 08:00:54
294,294,11.08.13.2017,Industri Keramik,2025-10-17 14:41:16,2025-10-18 14:41:16
295,295,11.08.13.2017,Wisata Sejarah,2025-06-02 10:35:56,2025-06-24 10:35:56
296,296,11.08.13.2017,Hutan Lindung,2025-08-02 15:57:25,2025-08-24 15:57:25
297,297,11.08.13.2017,Pengolahan Kayu,2025-04-25 20:51:16,2025-04-29 20:51:16
298,298,11.08.13.2017,Jasa Konstruksi,2025-08-07 20:02:57,2025-08-20 20:02:57
299,299,11.08.13.2017,Peternakan Sapi,2025-02-22 13:55:57,2025-02-25 13:55:57
300,300,11.08.13.2017,Kebun Cengkeh,2025-06-05 19:55:08,2025-06-15 19:55:08
301,301,11.08.13.2017,Danau,2025-01-22 05:37:31,2025-01-23 05:37:31
302,302,11.08.13.2017,Ekowisata Hutan,2025-07-28 00:10:04,2025-07-30 00:10:04
303,303,11.08.13.2017,Desa Wisata,2025-07-04 01:44:29,2025-07-05 01:44:29
304,304,11.08.13.2017,Sawah Tadah Hujan,2025-01-16 00:34:02,2025-01-23 00:34:02
305,305,11.08.13.2017,Tambang Batu,2025-10-09 00:54:55,2025-10-29 00:54:55
306,306,11.08.13.2017,Sumber Air Bersih,2025-04-16 05:23:07,2025-05-09 05:23:07
307,307,11.08.13.2017,Biogas,2025-06-29 19:53:55,2025-07-12 19:53:55
308,308,11.08.13.2017,Budidaya Gurame,2025-06-19 07:35:20,2025-07-19 07:35:20
309,309,11.08.13.2017,Peternakan Kambing,2025-07-04 06:18:51,2025-07-21 06:18:51
310,310,11.08.13.2017,Peternakan Sapi,2025-02-03 15:19:41,2025-02-15 15:19:41
311,311,11.08.13.2017,Industri Rumah Tangga,2025-03-25 06:23:40,2025-04-13 06:23:40
312,312,11.08.13.2017,Kebun Kelapa Sawit,2025-01-19 13:57:50,2025-02-04 13:57:50
313,313,11.08.13.2017,Peternakan Bebek,2025-01-09 18:05:50,2025-01-15 18:05:50
314,314,11.08.13.2017,Sawah Tadah Hujan,2025-07-27 22:37:40,2025-08-03 22:37:40
315,315,11.08.13.2017,Industri Makanan,2025-07-23 08:44:15,2025-08-14 08:44:15
316,316,11.08.13.2017,Industri Rumah Tangga,2025-05-27 00:44:52,2025-06-22 00:44:52
317,317,11.08.13.2017,Wisata Pantai,2025-10-24 02:21:36,2025-11-21 02:21:36
318,318,11.08.13.2017,Peternakan Sapi,2025-09-25 19:07:12,2025-10-21 19:07:12
319,319,11.08.13.2017,Industri Batik,2025-04-06 12:01:56,2025-04-24 12:01:56
320,320,11.08.13.2017,Wisata Danau,2025-08-17 17:21:43,2025-09-12 17:21:43
321,321,11.08.13.2017,Kebun Vanili,2025-09-26 04:22:34,2025-10-13 04:22:34
322,322,11.08.13.2017,Energi Angin,2025-07-29 11:06:45,2025-08-04 11:06:45
323,323,11.08.13.2017,Kebun Kopi,2025-05-03 22:44:40,2025-05-14 22:44:40
324,324,11.08.13.2017,Perikanan Laut,2025-02-08 06:47:17,2025-03-06 06:47:17
325,325,11.08.13.2017,Agrowisata,2025-09-01 22:40:56,2025-09-05 22:40:56
326,326,11.08.13.2017,Kolam Ikan,2025-10-04 14:54:40,2025-10-27 14:54:40
327,327,11.08.13.2017,Peternakan Bebek,2025-08-28 10:25:45,2025-08-30 10:25:45
328,328,11.08.13.2017,Ternak Domba,2025-06-13 15:06:16,2025-06-18 15:06:16
329,329,11.08.13.2017,Pertanian Organik,2025-03-26 21:46:05,2025-04-03 21:46:05
330,330,11.08.13.2017,Industri Rumah Tangga,2025-07-26 05:13:52,2025-08-05 05:13:52
331,331,11.08.13.2017,Wisata Religi,2025-04-08 01:20:00,2025-05-04 01:20:00
332,332,11.08.13.2017,Wisata Alam,2025-01-20 07:19:47,2025-01-23 07:19:47
333,333,11.08.13.2017,Peternakan Ayam,2025-05-30 19:00:14,2025-06-06 19:00:14
334,334,11.08.13.2017,Danau,2025-05-08 04:29:55,2025-06-01 04:29:55
335,335,11.08.13.2017,Wisata Sejarah,2025-07-19 02:34:04,2025-07-30 02:34:04
336,336,11.08.13.2017,Bengkel,2025-05-27 09:29:28,2025-06-24 09:29:28
337,337,11.08.13.2017,Warung Makan,2025-04-10 08:43:03,2025-04-21 08:43:03
338,338,11.08.13.2017,Tambak Bandeng,2025-04-28 22:03:09,2025-05-17 22:03:09
339,339,11.08.13.2017,Industri Makanan,2025-04-09 21:15:30,2025-04-12 21:15:30
340,340,11.08.13.2017,Wisata Edukasi,2024-12-31 04:10:00,2025-01-13 04:10:00
341,341,11.08.13.2017,Jasa Transportasi,2025-02-12 20:57:04,2025-03-06 20:57:04
342,342,11.08.13.2017,Kebun Kopi,2025-03-11 15:15:21,2025-03-22 15:15:21
343,343,11.08.13.2017,Industri Rotan,2025-09-06 23:08:32,2025-09-26 23:08:32
344,344,11.08.13.2017,Industri Makanan,2025-07-24 19:14:46,2025-08-16 19:14:46
345,345,11.08.13.2017,Pembenihan Ikan,2025-09-14 08:32:58,2025-09-15 08:32:58
346,346,11.08.13.2017,Pengolahan Ikan,2025-03-25 17:17:07,2025-04-22 17:17:07
347,347,11.08.13.2017,Peternakan Bebek,2025-10-12 19:34:23,2025-10-30 19:34:23
348,348,11.08.13.2017,Greenhouse,2025-07-20 10:14:24,2025-08-08 10:14:24
349,349,11.08.13.2017,Perikanan Laut,2025-06-19 05:12:56,2025-07-19 05:12:56
350,350,11.08.13.2017,Warnet,2025-08-06 07:49:32,2025-08-26 07:49:32
351,351,11.08.13.2017,Kebun Cengkeh,2025-07-12 20:58:47,2025-07-25 20:58:47
352,352,11.08.13.2017,Peternakan Bebek,2025-02-07 20:45:51,2025-02-23 20:45:51
353,353,11.08.13.2017,Kerajinan Tangan,2025-01-16 03:47:14,2025-02-10 03:47:14
354,354,11.08.13.2017,Keramba Jaring Apung,2025-09-13 18:47:17,2025-09-26 18:47:17
355,355,11.08.13.2017,Kebun Cengkeh,2025-01-09 12:57:29,2025-01-11 12:57:29
356,356,11.08.13.2017,Budidaya Lele,2025-05-04 21:19:59,2025-05-04 21:19:59
357,357,11.08.13.2017,Biogas,2025-05-03 10:53:21,2025-06-02 10:53:21
358,358,11.08.13.2017,Tambang Batu,2025-08-25 13:46:59,2025-09-24 13:46:59
359,359,11.08.13.2017,Hasil Hutan Non-Kayu,2025-06-15 03:20:52,2025-06-16 03:20:52
360,360,11.08.13.2017,Pasar Tradisional,2025-05-29 12:27:39,2025-06-23 12:27:39
361,361,11.08.13.2017,Wisata Budaya,2025-07-11 23:59:50,2025-07-16 23:59:50
362,362,11.08.13.2017,Keramba Jaring Apung,2025-07-02 16:40:49,2025-07-30 16:40:49
363,363,11.08.13.2017,Kebun Karet,2025-06-11 15:38:58,2025-06-28 15:38:58
364,364,11.08.13.2017,Hutan Lindung,2025-05-01 05:20:09,2025-05-29 05:20:09
365,365,11.08.13.2017,Bengkel,2025-02-17 01:45:25,2025-02-22 01:45:25
366,366,11.08.13.2017,Desa Wisata,2025-04-24 04:30:03,2025-04-25 04:30:03
367,367,11.08.13.2017,Tanaman Pangan,2025-03-01 04:14:37,2025-03-15 04:14:37
368,368,11.08.13.2017,Hasil Hutan Kayu,2025-10-05 00:06:56,2025-10-18 00:06:56
369,369,11.08.13.2017,Kebun Lada,2024-12-30 11:31:40,2025-01-16 11:31:40
370,370,11.08.13.2017,Perikanan Darat,2025-07-06 17:28:28,2025-07-28 17:28:28
371,371,11.08.13.2017,Sungai,2025-02-12 21:15:46,2025-03-03 21:15:46
372,372,11.08.13.2017,Tambang Batu,2025-09-09 06:03:34,2025-09-21 06:03:34
373,373,11.08.13.2017,Industri Rotan,2025-08-07 06:20:58,2025-09-04 06:20:58
374,374,11.08.13.2017,Energi Angin,2025-01-16 14:43:05,2025-01-17 14:43:05
375,375,11.08.13.2017,Pasar Tradisional,2025-09-02 16:27:21,2025-10-01 16:27:21
376,376,11.08.13.2017,Kerajinan Tangan,2025-08-23 16:25:17,2025-08-30 16:25:17
377,377,11.08.13.2017,Sumber Air Bersih,2025-10-11 21:58:34,2025-11-02 21:58:34
378,378,11.08.13.2017,Kebun Kelapa Sawit,2025-02-10 14:15:17,2025-02-14 14:15:17
379,379,11.08.13.2017,Biomassa,2025-03-06 14:15:34,2025-03-27 14:15:34
380,380,11.08.13.2017,Lahan Kering,2025-03-13 21:16:44,2025-04-12 21:16:44
381,381,11.08.13.2017,Budidaya Lele,2025-05-22 03:16:09,2025-06-19 03:16:09
382,382,11.08.13.2017,Peternakan Kelinci,2025-10-16 20:23:39,2025-10-20 20:23:39
383,383,11.08.13.2017,Wisata Edukasi,2025-03-02 14:06:16,2025-03-31 14:06:16
384,384,11.08.13.2017,Tambak Bandeng,2025-08-30 11:43:08,2025-09-01 11:43:08
385,385,11.08.13.2017,Sungai,2025-01-01 19:50:58,2025-01-14 19:50:58
386,386,11.08.13.2017,Agroforestry,2025-05-21 20:53:18,2025-06-11 20:53:18
387,387,11.08.13.2017,Desa Wisata,2025-03-23 23:22:02,2025-03-29 23:22:02
388,388,11.08.13.2017,Hutan Produksi,2025-02-05 19:57:03,2025-02-13 19:57:03
389,389,11.08.13.2017,Pengolahan Kayu,2025-08-01 12:04:27,2025-08-04 12:04:27
390,390,11.08.13.2017,Hidroponik,2025-02-05 05:06:53,2025-02-21 05:06:53
391,391,11.08.13.2017,Mata Air,2025-02-26 07:05:51,2025-03-08 07:05:51
392,392,11.08.13.2017,Keramba Jaring Apung,2025-05-03 00:13:20,2025-05-30 00:13:20
393,393,11.08.13.2017,Industri Keramik,2025-10-16 07:34:38,2025-10-25 07:34:38
394,394,11.08.13.2017,Jasa Transportasi,2025-05-02 22:18:29,2025-05-10 22:18:29
395,395,11.08.13.2017,Peternakan Sapi,2025-08-24 08:37:46,2025-09-08 08:37:46
396,396,11.08.13.2017,Wisata Alam,2025-07-12 10:25:07,2025-08-08 10:25:07
397,397,11.08.13.2017,Tambak Udang,2024-12-29 14:23:12,2025-01-10 14:23:12
398,398,11.08.13.2017,Budidaya Nila,2025-07-13 08:45:20,2025-07-16 08:45:20
399,399,11.08.13.2017,Budidaya Ikan,2025-01-15 10:13:12,2025-02-05 10:13:12
400,400,11.08.13.2017,Pengolahan Kayu,2025-08-20 21:42:24,2025-09-08 21:42:24
401,401,11.08.13.2017,Desa Wisata,2025-06-01 05:09:34,2025-06-21 05:09:34
402,402,11.08.13.2017,Jasa Konstruksi,2025-08-01 23:32:15,2025-08-20 23:32:15
403,403,11.08.13.2017,Kebun Karet,2025-09-15 01:30:53,2025-10-09 01:30:53
404,404,11.08.13.2017,Hasil Hutan Non-Kayu,2025-07-31 22:09:01,2025-08-20 22:09:01
405,405,11.08.13.2017,Mata Air,2025-09-18 12:19:02,2025-09-18 12:19:02
406,406,11.08.13.2017,Kebun Karet,2025-09-22 16:45:05,2025-10-18 16:45:05
407,407,11.08.13.2017,Kebun Karet,2025-02-05 06:44:39,2025-02-23 06:44:39
408,408,11.08.13.2017,Pengolahan Ikan,2025-06-25 23:45:52,2025-06-28 23:45:52
409,409,11.08.13.2017,Tanaman Kayu,2025-07-18 04:11:35,2025-07-23 04:11:35
410,410,11.08.13.2017,Wisata Sejarah,2025-01-01 12:42:03,2025-01-05 12:42:03
411,411,11.08.13.2017,Kebun Kelapa Sawit,2025-08-31 20:21:30,2025-09-15 20:21:30
412,412,11.08.13.2017,Peternakan Kambing,2025-04-30 01:12:09,2025-05-14 01:12:09
413,413,11.08.13.2017,Hasil Hutan Kayu,2025-02-21 15:30:23,2025-03-06 15:30:23
414,414,11.08.13.2017,Sawah Tadah Hujan,2025-05-13 14:50:58,2025-05-18 14:50:58
415,415,11.08.13.2017,Budidaya Gurame,2025-03-06 03:10:06,2025-03-27 03:10:06
416,416,11.08.13.2017,Ekowisata Hutan,2025-01-23 02:22:17,2025-02-13 02:22:17
417,417,11.08.13.2017,Tanaman Kayu,2025-04-21 12:51:21,2025-04-22 12:51:21
418,418,11.08.13.2017,Wisata Air Terjun,2025-04-13 11:44:32,2025-05-09 11:44:32
419,419,11.08.13.2017,Hutan Produksi,2025-09-14 18:57:54,2025-09-17 18:57:54
420,420,11.08.13.2017,Kebun Kelapa Sawit,2025-03-04 14:48:06,2025-03-20 14:48:06
421,421,11.08.13.2017,Hasil Hutan Kayu,2025-09-23 08:26:01,2025-09-23 08:26:01
422,422,11.08.13.2017,Sawah Tadah Hujan,2025-01-10 09:01:05,2025-01-16 09:01:05
423,423,11.08.13.2017,Kebun Kelapa Sawit,2025-06-05 07:18:49,2025-06-17 07:18:49
424,424,11.08.13.2017,Tambak Bandeng,2025-04-07 02:29:20,2025-05-07 02:29:20
425,425,11.08.13.2017,Danau,2025-08-05 19:10:18,2025-08-15 19:10:18
426,426,11.08.13.2017,Sawah Tadah Hujan,2025-04-10 09:26:12,2025-04-22 09:26:12
427,427,11.08.13.2017,Batu Kapur,2024-12-28 00:46:13,2025-01-08 00:46:13
428,428,11.08.13.2017,Ternak Domba,2025-01-28 22:47:56,2025-02-22 22:47:56
429,429,11.08.13.2017,Lahan Kering,2025-07-10 21:50:01,2025-08-03 21:50:01
430,430,11.08.13.2017,Warung Makan,2025-01-18 07:42:33,2025-02-02 07:42:33
431,431,11.08.13.2017,Wisata Edukasi,2025-05-08 00:47:50,2025-05-19 00:47:50
432,432,11.08.13.2017,Wisata Alam,2025-04-04 16:44:16,2025-04-10 16:44:16
433,433,11.08.13.2017,Pembangkit Listrik Desa,2025-03-28 07:31:45,2025-04-22 07:31:45
434,434,11.08.13.2017,Industri Gerabah,2025-05-17 07:00:28,2025-06-05 07:00:28
435,435,11.08.13.2017,Toko Kelontong,2025-07-31 02:56:44,2025-08-02 02:56:44
436,436,11.08.13.2017,Camping Ground,2025-10-26 07:04:08,2025-11-13 07:04:08
437,437,11.08.13.2017,Industri Tenun,2024-12-31 21:17:38,2025-01-19 21:17:38
438,438,11.08.13.2017,Pengolahan Kayu,2025-10-28 20:52:05,2025-11-04 20:52:05
439,439,11.08.13.2017,Lahan Kering,2025-10-20 13:15:27,2025-11-17 13:15:27
440,440,11.08.13.2017,Mikrohidro,2025-09-03 21:48:18,2025-09-20 21:48:18
441,441,11.08.13.2017,Wisata Kuliner,2025-08-28 12:19:00,2025-09-11 12:19:00
442,442,11.08.13.2017,Tanaman Kayu,2025-03-06 00:33:56,2025-03-08 00:33:56
443,443,11.08.13.2017,Pasar Tradisional,2025-02-20 19:24:00,2025-03-19 19:24:00
444,444,11.08.13.2017,Kebun Cengkeh,2025-10-17 14:26:11,2025-10-19 14:26:11
445,445,11.08.13.2017,Peternakan Bebek,2025-04-15 16:18:18,2025-05-13 16:18:18
446,446,11.08.13.2017,Pengolahan Hasil Pertanian,2025-07-05 16:09:50,2025-07-28 16:09:50
447,447,11.08.13.2017,Industri Furniture,2025-06-24 09:20:02,2025-07-12 09:20:02
448,448,11.08.13.2017,Jasa Konstruksi,2025-02-24 07:05:17,2025-03-26 07:05:17
449,449,11.08.13.2017,Industri Tenun,2025-05-14 06:58:22,2025-06-12 06:58:22
450,450,11.08.13.2017,Pengolahan Ikan,2025-10-23 22:45:54,2025-11-20 22:45:54
451,451,11.08.13.2017,Agroforestry,2025-10-06 07:42:32,2025-10-06 07:42:32
452,452,11.08.13.2017,Kebun Vanili,2025-07-22 01:36:20,2025-08-12 01:36:20
453,453,11.08.13.2017,Kebun Sayur,2025-01-06 20:42:33,2025-01-19 20:42:33
454,454,11.08.13.2017,Pertanian Organik,2025-10-29 20:15:55,2025-11-15 20:15:55
455,455,11.08.13.2017,Ekowisata Hutan,2025-03-21 04:20:16,2025-04-09 04:20:16
456,456,11.08.13.2017,Laundry,2025-09-14 03:04:42,2025-09-30 03:04:42
457,457,11.08.13.2017,Industri Makanan,2025-09-10 05:41:12,2025-10-10 05:41:12
458,458,11.08.13.2017,Wisata Budaya,2025-04-09 07:50:26,2025-05-03 07:50:26
459,459,11.08.13.2017,Peternakan Sapi,2025-10-15 05:21:35,2025-11-01 05:21:35
460,460,11.08.13.2017,Danau,2025-09-21 23:54:39,2025-10-09 23:54:39
461,461,11.08.13.2017,Wisata Alam,2025-04-18 07:52:41,2025-04-26 07:52:41
462,462,11.08.13.2017,Peternakan Kelinci,2025-09-09 21:35:21,2025-09-11 21:35:21
463,463,11.08.13.2017,Getah Karet,2025-07-30 04:11:30,2025-08-28 04:11:30
464,464,11.08.13.2017,Sawah Tadah Hujan,2025-01-26 23:46:47,2025-02-03 23:46:47
465,465,11.08.13.2017,Industri Gerabah,2025-08-18 23:07:13,2025-09-04 23:07:13
466,466,11.08.13.2017,Agroforestry,2025-05-10 00:07:59,2025-05-19 00:07:59
467,467,11.08.13.2017,Mikrohidro,2025-07-09 12:45:51,2025-07-30 12:45:51
468,468,11.08.13.2017,Industri Rotan,2025-06-20 10:55:11,2025-06-25 10:55:11
469,469,11.08.13.2017,Industri Makanan,2025-07-05 16:27:57,2025-07-13 16:27:57
470,470,11.08.13.2017,Warung Makan,2025-01-08 19:50:23,2025-01-14 19:50:23
471,471,11.08.13.2017,Kebun Kakao,2025-05-04 04:37:59,2025-05-20 04:37:59
472,472,11.08.13.2017,Peternakan Kambing,2025-05-20 21:27:38,2025-06-01 21:27:38
473,473,11.08.13.2017,Pengolahan Ikan,2025-04-16 01:12:01,2025-04-22 01:12:01
474,474,11.08.13.2017,Jasa Konstruksi,2025-01-23 16:54:54,2025-02-11 16:54:54
475,475,11.08.13.2017,Sawah Tadah Hujan,2025-02-04 21:55:42,2025-02-05 21:55:42
476,476,11.08.13.2017,Lahan Kering,2025-02-14 10:03:45,2025-03-07 10:03:45
477,477,11.08.13.2017,Sawah Tadah Hujan,2025-07-13 23:18:10,2025-08-12 23:18:10
478,478,11.08.13.2017,Agroforestry,2025-01-01 20:40:32,2025-01-28 20:40:32
479,479,11.08.13.2017,Pengolahan Kayu,2025-08-29 15:38:14,2025-09-02 15:38:14
480,480,11.08.13.2017,Perikanan Darat,2025-03-21 10:56:57,2025-04-06 10:56:57
481,481,11.08.13.2017,Pembangkit Listrik Desa,2025-05-30 23:13:37,2025-06-14 23:13:37
482,482,11.08.13.2017,Pertanian Organik,2025-04-15 08:03:15,2025-05-01 08:03:15
483,483,11.08.13.2017,Industri Tenun,2025-07-10 10:05:03,2025-08-05 10:05:03
484,484,11.08.13.2017,Pengolahan Hasil Pertanian,2025-09-08 21:19:08,2025-09-24 21:19:08
485,485,11.08.13.2017,Budidaya Ikan,2025-06-28 00:43:19,2025-07-02 00:43:19
486,486,11.08.13.2017,Salon,2025-07-21 20:00:57,2025-08-01 20:00:57
487,487,11.08.13.2017,Industri Gerabah,2025-03-06 14:50:42,2025-03-10 14:50:42
488,488,11.08.13.2017,Mata Air,2024-12-27 15:34:49,2024-12-28 15:34:49
489,489,11.08.13.2017,Keramba Jaring Apung,2025-03-25 18:55:06,2025-04-18 18:55:06
490,490,11.08.13.2017,Agroforestry,2025-03-22 21:49:00,2025-03-23 21:49:00
491,491,11.08.13.2017,Wisata Alam,2025-04-01 23:32:51,2025-04-11 23:32:51
492,492,11.08.13.2017,Warnet,2025-05-28 02:42:25,2025-06-02 02:42:25
493,493,11.08.13.2017,Homestay,2025-01-22 02:59:53,2025-02-15 02:59:53
494,494,11.08.13.2017,Hasil Hutan Non-Kayu,2025-06-13 04:24:32,2025-07-07 04:24:32
495,495,11.08.13.2017,Getah Karet,2025-10-11 17:15:30,2025-11-03 17:15:30
496,496,11.08.13.2017,Laundry,2025-05-08 02:55:59,2025-06-06 02:55:59
497,497,11.08.13.2017,Pengolahan Hasil Pertanian,2025-02-11 19:49:31,2025-02-21 19:49:31
498,498,11.08.13.2017,Peternakan Kambing,2025-09-25 04:20:22,2025-10-07 04:20:22
499,499,11.08.13.2017,Wisata Religi,2025-09-17 02:14:00,2025-09-22 02:14:00
500,500,11.08.13.2017,Wisata Religi,2025-04-10 04:44:18,2025-04-12 04:44:18
501,501,11.08.13.2017,Batu Kapur,2025-04-24 04:28:12,2025-05-19 04:28:12
502,502,11.08.13.2017,Lahan Kering,2025-02-27 15:09:19,2025-03-10 15:09:19
503,503,11.08.13.2017,Galian C,2025-10-07 14:23:33,2025-10-15 14:23:33
504,504,11.08.13.2017,Peternakan Kelinci,2025-09-13 22:11:09,2025-09-15 22:11:09
505,505,11.08.13.2017,Budidaya Gurame,2025-01-02 06:14:45,2025-01-30 06:14:45
506,506,11.08.13.2017,Fotocopy,2025-03-26 12:06:28,2025-04-13 12:06:28
507,507,11.08.13.2017,Peternakan Kelinci,2025-07-07 13:23:43,2025-07-26 13:23:43
508,508,11.08.13.2017,Warung Makan,2025-08-11 15:33:49,2025-09-03 15:33:49
509,509,11.08.13.2017,Ternak Domba,2025-04-09 05:06:38,2025-04-28 05:06:38
510,510,11.08.13.2017,Ternak Domba,2025-06-16 17:56:10,2025-07-07 17:56:10
511,511,11.08.13.2017,Industri Makanan,2025-09-22 15:24:48,2025-10-10 15:24:48
512,512,11.08.13.2017,Homestay,2025-10-20 09:28:26,2025-10-28 09:28:26
513,513,11.08.13.2017,Greenhouse,2025-01-12 20:38:48,2025-02-01 20:38:48
514,514,11.08.13.2017,Salon,2025-04-27 11:49:29,2025-04-29 11:49:29
515,515,11.08.13.2017,Jasa Konstruksi,2025-07-14 05:19:24,2025-07-29 05:19:24
516,516,11.08.13.2017,Hutan Rakyat,2025-08-29 20:51:08,2025-09-19 20:51:08
517,517,11.08.13.2017,Lahan Pertanian Subur,2025-02-25 18:27:08,2025-03-15 18:27:08
518,518,11.08.13.2017,Peternakan Kelinci,2025-06-27 12:48:37,2025-06-28 12:48:37
519,519,11.08.13.2017,Tambang Pasir,2025-01-14 04:49:25,2025-01-31 04:49:25
520,520,11.08.13.2017,Jasa Konstruksi,2025-04-16 21:16:17,2025-04-24 21:16:17
521,521,11.08.13.2017,Hutan Rakyat,2025-06-17 01:20:23,2025-07-03 01:20:23
522,522,11.08.13.2017,Peternakan Sapi,2025-03-15 10:42:30,2025-03-29 10:42:30
523,523,11.08.13.2017,Industri Batik,2025-07-21 17:06:35,2025-07-23 17:06:35
524,524,11.08.13.2017,Wisata Danau,2025-04-28 15:27:27,2025-05-13 15:27:27
525,525,11.08.13.2017,Kebun Kelapa Sawit,2025-02-16 16:55:00,2025-02-23 16:55:00
526,526,11.08.13.2017,Sumber Air Bersih,2025-02-24 07:23:42,2025-03-08 07:23:42
527,527,11.08.13.2017,Homestay,2025-04-01 22:17:20,2025-04-30 22:17:20
528,528,11.08.13.2017,Pengolahan Ikan,2025-01-03 08:08:48,2025-01-09 08:08:48
529,529,11.08.13.2017,Industri Makanan,2025-04-24 23:01:16,2025-05-02 23:01:16
530,530,11.08.13.2017,Pengolahan Ikan,2025-10-10 03:47:13,2025-10-12 03:47:13
531,531,11.08.13.2017,Bengkel,2025-09-28 16:08:31,2025-10-09 16:08:31
532,532,11.08.13.2017,Tanah Liat,2025-09-01 01:59:26,2025-09-09 01:59:26
533,533,11.08.13.2017,Greenhouse,2025-09-01 14:41:45,2025-09-14 14:41:45
534,534,11.08.13.2017,Wisata Danau,2025-04-08 20:55:22,2025-05-05 20:55:22
535,535,11.08.13.2017,Hutan Lindung,2025-06-17 19:42:23,2025-06-22 19:42:23
536,536,11.08.13.2017,Perkebunan Rakyat,2025-02-15 10:18:11,2025-03-10 10:18:11
537,537,11.08.13.2017,Greenhouse,2025-08-07 11:02:09,2025-08-11 11:02:09
538,538,11.08.13.2017,Getah Karet,2025-02-01 22:49:37,2025-02-16 22:49:37
539,539,11.08.13.2017,Agrowisata,2025-07-29 13:13:16,2025-08-06 13:13:16
540,540,11.08.13.2017,Energi Angin,2025-02-01 18:00:45,2025-02-16 18:00:45
541,541,11.08.13.2017,Peternakan Kelinci,2025-05-24 03:42:02,2025-06-14 03:42:02
542,542,11.08.13.2017,Mata Air,2025-09-19 00:41:42,2025-10-05 00:41:42
543,543,11.08.13.2017,Tambang Pasir,2025-07-31 07:09:27,2025-08-25 07:09:27
544,544,11.08.13.2017,Irigasi Teknis,2025-10-22 14:43:48,2025-10-30 14:43:48
545,545,11.08.13.2017,Batu Kapur,2025-09-11 02:31:10,2025-09-24 02:31:10
546,546,11.08.13.2017,Perikanan Laut,2025-08-29 10:23:27,2025-09-09 10:23:27
547,547,11.08.13.2017,Pengolahan Kayu,2025-01-21 02:43:33,2025-02-11 02:43:33
548,548,11.08.13.2017,Getah Karet,2025-02-18 12:02:46,2025-03-04 12:02:46
549,549,11.08.13.2017,Warung Makan,2025-08-24 17:20:39,2025-09-19 17:20:39
550,550,11.08.13.2017,Hasil Hutan Non-Kayu,2025-01-19 14:17:07,2025-02-07 14:17:07
551,551,11.08.13.2017,Biogas,2025-01-23 00:01:37,2025-01-26 00:01:37
552,552,11.08.13.2017,Budidaya Gurame,2025-06-19 03:20:34,2025-06-23 03:20:34
553,553,11.08.13.2017,Industri Rotan,2024-12-31 16:36:24,2025-01-25 16:36:24
554,554,11.08.13.2017,Bengkel,2025-09-30 23:55:36,2025-09-30 23:55:36
555,555,11.08.13.2017,Getah Karet,2025-04-14 04:41:31,2025-05-13 04:41:31
556,556,11.08.13.2017,Industri Rumah Tangga,2025-02-26 21:16:12,2025-03-05 21:16:12
557,557,11.08.13.2017,Peternakan Bebek,2025-09-04 03:11:18,2025-09-06 03:11:18
558,558,11.08.13.2017,Industri Keramik,2024-12-28 07:01:23,2025-01-19 07:01:23
559,559,11.08.13.2017,Pengolahan Ikan,2025-04-27 01:13:27,2025-05-13 01:13:27
560,560,11.08.13.2017,Desa Wisata,2025-08-23 12:41:10,2025-09-01 12:41:10
561,561,11.08.13.2017,Wisata Pantai,2025-07-05 04:55:40,2025-07-20 04:55:40
562,562,11.08.13.2017,Biogas,2025-10-02 21:44:24,2025-10-21 21:44:24
563,563,11.08.13.2017,Tambak Bandeng,2025-10-08 21:18:19,2025-11-07 21:18:19
564,564,11.08.13.2017,Homestay,2025-02-07 23:59:15,2025-02-21 23:59:15
565,565,11.08.13.2017,Danau,2025-07-19 17:11:10,2025-07-19 17:11:10
566,566,11.08.13.2017,Kebun Kelapa Sawit,2025-09-06 19:31:14,2025-09-18 19:31:14
567,567,11.08.13.2017,Tambang Pasir,2025-06-26 03:46:59,2025-07-04 03:46:59
568,568,11.08.13.2017,Tanaman Pangan,2025-06-10 12:29:46,2025-06-12 12:29:46
569,569,11.08.13.2017,Industri Makanan,2025-03-22 01:14:20,2025-03-25 01:14:20
570,570,11.08.13.2017,Hutan Rakyat,2025-01-24 02:34:38,2025-02-16 02:34:38
571,571,11.08.13.2017,Wisata Gunung,2025-08-19 13:05:50,2025-09-13 13:05:50
572,572,11.08.13.2017,Tambak Bandeng,2025-09-19 03:34:38,2025-10-13 03:34:38
573,573,11.08.13.2017,Ekowisata Hutan,2025-02-08 00:26:28,2025-02-11 00:26:28
574,574,11.08.13.2017,Perikanan Laut,2025-01-24 21:48:38,2025-02-15 21:48:38
575,575,11.08.13.2017,Jasa Konstruksi,2025-01-24 02:51:05,2025-01-30 02:51:05
576,576,11.08.13.2017,Perikanan Laut,2025-08-15 03:30:43,2025-08-31 03:30:43
577,577,11.08.13.2017,Pengolahan Kayu,2025-02-10 22:07:05,2025-02-15 22:07:05
578,578,11.08.13.2017,Industri Tenun,2025-02-25 01:26:30,2025-03-14 01:26:30
579,579,11.08.13.2017,Perkebunan Rakyat,2025-06-15 22:59:23,2025-06-30 22:59:23
580,580,11.08.13.2017,Keramba Jaring Apung,2025-08-04 12:40:19,2025-08-24 12:40:19
581,581,11.08.13.2017,Biomassa,2025-07-10 23:13:23,2025-07-26 23:13:23
582,582,11.08.13.2017,Agrowisata,2025-04-18 19:26:29,2025-04-22 19:26:29
583,583,11.08.13.2017,Perkebunan Rakyat,2025-10-13 03:57:16,2025-10-25 03:57:16
584,584,11.08.13.2017,Bengkel,2025-09-27 00:02:43,2025-10-13 00:02:43
585,585,11.08.13.2017,Pengolahan Ikan,2025-05-03 20:13:44,2025-05-17 20:13:44
586,586,11.08.13.2017,Industri Tenun,2025-08-10 20:59:07,2025-08-21 20:59:07
587,587,11.08.13.2017,Wisata Pantai,2025-09-10 15:05:46,2025-09-22 15:05:46
588,588,11.08.13.2017,Agroforestry,2025-06-18 04:57:43,2025-06-25 04:57:43
589,589,11.08.13.2017,Pasar Tradisional,2025-10-19 10:43:04,2025-10-20 10:43:04
590,590,11.08.13.2017,Industri Makanan,2025-08-19 14:03:27,2025-08-31 14:03:27
591,591,11.08.13.2017,Wisata Sejarah,2025-09-10 11:49:24,2025-09-10 11:49:24
592,592,11.08.13.2017,Perikanan Laut,2025-05-02 22:48:13,2025-05-04 22:48:13
593,593,11.08.13.2017,Tanaman Pangan,2025-03-18 05:26:20,2025-04-08 05:26:20
594,594,11.08.13.2017,Agroforestry,2025-06-03 02:02:41,2025-06-04 02:02:41
595,595,11.08.13.2017,Tambak Udang,2025-03-07 04:51:58,2025-03-29 04:51:58
596,596,11.08.13.2017,Kebun Kakao,2025-09-17 17:56:05,2025-10-05 17:56:05
597,597,11.08.13.2017,Laundry,2025-09-19 07:35:27,2025-09-26 07:35:27
598,598,11.08.13.2017,Salon,2025-08-28 09:55:12,2025-08-29 09:55:12
599,599,11.08.13.2017,Lahan Kering,2025-07-27 14:12:56,2025-08-02 14:12:56
600,600,11.08.13.2017,Laundry,2025-03-15 18:29:36,2025-04-09 18:29:36
601,601,11.08.13.2017,Kebun Kopi,2025-04-07 01:42:31,2025-04-07 01:42:31
602,602,11.08.13.2017,Kebun Sayur,2025-09-10 18:44:01,2025-09-29 18:44:01
603,603,11.08.13.2017,Wisata Alam,2025-04-01 16:18:17,2025-04-04 16:18:17
604,604,11.08.13.2017,Pertanian Organik,2025-05-13 04:53:59,2025-06-01 04:53:59
605,605,11.08.13.2017,Kebun Cengkeh,2025-01-21 16:03:02,2025-02-19 16:03:02
606,606,11.08.13.2017,Tanaman Pangan,2025-08-28 13:01:21,2025-09-16 13:01:21
607,607,11.08.13.2017,Pembenihan Ikan,2025-08-24 22:47:58,2025-09-02 22:47:58
608,608,11.08.13.2017,Camping Ground,2025-10-27 09:06:47,2025-11-18 09:06:47
609,609,11.08.13.2017,Pertanian Organik,2025-08-09 17:48:02,2025-08-21 17:48:02
610,610,11.08.13.2017,Budidaya Gurame,2025-04-15 22:15:23,2025-04-17 22:15:23
611,611,11.08.13.2017,Galian C,2025-10-18 20:49:37,2025-11-02 20:49:37
612,612,11.08.13.2017,Homestay,2025-07-05 08:04:32,2025-08-03 08:04:32
613,613,11.08.13.2017,Mineral Non-Logam,2025-02-22 09:47:36,2025-03-08 09:47:36
614,614,11.08.13.2017,Hutan Produksi,2025-04-21 15:58:32,2025-05-17 15:58:32
615,615,11.08.13.2017,Peternakan Sapi,2025-05-19 05:20:14,2025-06-16 05:20:14
616,616,11.08.13.2017,Hutan Produksi,2025-03-03 17:26:33,2025-03-05 17:26:33
617,617,11.08.13.2017,Jasa Konstruksi,2025-03-14 13:34:32,2025-03-23 13:34:32
618,618,11.08.13.2017,Tanaman Kayu,2025-05-19 06:42:19,2025-06-02 06:42:19
619,619,11.08.13.2017,Budidaya Gurame,2025-09-20 17:23:29,2025-10-16 17:23:29
620,620,11.08.13.2017,Laundry,2025-03-21 19:55:00,2025-03-24 19:55:00
621,621,11.08.13.2017,Kebun Vanili,2025-01-29 13:32:14,2025-02-18 13:32:14
622,622,11.08.13.2017,Irigasi Teknis,2025-09-05 12:12:03,2025-10-04 12:12:03
623,623,11.08.13.2017,Kebun Karet,2025-01-30 11:56:08,2025-02-27 11:56:08
624,624,11.08.13.2017,Galian C,2025-05-29 03:03:54,2025-06-05 03:03:54
625,625,11.08.13.2017,Kebun Karet,2025-02-02 13:02:03,2025-02-24 13:02:03
626,626,11.08.13.2017,Pasar Tradisional,2025-03-10 23:38:56,2025-04-04 23:38:56
627,627,11.08.13.2017,Wisata Sejarah,2025-04-23 01:48:41,2025-04-27 01:48:41
628,628,11.08.13.2017,Warung Makan,2025-07-17 22:36:08,2025-07-22 22:36:08
629,629,11.08.13.2017,Lahan Pertanian Subur,2025-02-14 15:15:56,2025-02-18 15:15:56
630,630,11.08.13.2017,Bengkel,2025-06-02 13:25:04,2025-06-18 13:25:04
631,631,11.08.13.2017,Sumber Air Bersih,2025-01-07 21:31:52,2025-01-29 21:31:52
632,632,11.08.13.2017,Industri Gerabah,2025-09-10 15:43:32,2025-09-17 15:43:32
633,633,11.08.13.2017,Hasil Hutan Kayu,2025-03-15 01:14:42,2025-03-24 01:14:42
634,634,11.08.13.2017,Budidaya Lele,2025-02-23 20:49:39,2025-03-23 20:49:39
635,635,11.08.13.2017,Pembenihan Ikan,2025-03-05 03:59:07,2025-04-02 03:59:07
636,636,11.08.13.2017,Sumber Air Bersih,2025-04-30 06:18:38,2025-05-15 06:18:38
637,637,11.08.13.2017,Wisata Religi,2025-03-19 17:08:33,2025-03-20 17:08:33
638,638,11.08.13.2017,Peternakan Kambing,2025-04-20 20:01:29,2025-05-18 20:01:29
639,639,11.08.13.2017,Agroforestry,2025-07-21 07:45:04,2025-08-15 07:45:04
640,640,11.08.13.2017,Mineral Non-Logam,2025-04-02 00:12:43,2025-04-09 00:12:43
641,641,11.08.13.2017,Energi Angin,2025-05-11 09:24:10,2025-06-02 09:24:10
642,642,11.08.13.2017,Industri Tenun,2025-08-27 17:29:42,2025-09-20 17:29:42
643,643,11.08.13.2017,Jasa Konstruksi,2025-09-24 21:19:01,2025-10-17 21:19:01
644,644,11.08.13.2017,Desa Wisata,2025-09-21 01:50:15,2025-10-03 01:50:15
645,645,11.08.13.2017,Wisata Gunung,2025-01-01 19:41:15,2025-01-02 19:41:15
646,646,11.08.13.2017,Pertanian Organik,2025-06-16 16:53:47,2025-06-16 16:53:47
647,647,11.08.13.2017,Wisata Religi,2025-02-23 14:57:21,2025-02-23 14:57:21
648,648,11.08.13.2017,Budidaya Nila,2025-04-21 03:28:46,2025-05-21 03:28:46
649,649,11.08.13.2017,Perkebunan Rakyat,2025-03-24 00:23:59,2025-03-24 00:23:59
650,650,11.08.13.2017,Pembenihan Ikan,2025-09-24 00:04:41,2025-10-11 00:04:41
651,651,11.08.13.2017,Energi Surya,2025-03-15 03:29:11,2025-03-21 03:29:11
652,652,11.08.13.2017,Kebun Kelapa Sawit,2024-12-30 17:37:23,2025-01-18 17:37:23
653,653,11.08.13.2017,Kebun Kelapa Sawit,2025-07-04 02:10:59,2025-07-10 02:10:59
654,654,11.08.13.2017,Kebun Vanili,2025-05-27 07:57:59,2025-06-18 07:57:59
655,655,11.08.13.2017,Hutan Rakyat,2025-07-25 21:07:31,2025-08-21 21:07:31
656,656,11.08.13.2017,Peternakan Kambing,2025-03-23 16:36:29,2025-03-26 16:36:29
657,657,11.08.13.2017,Wisata Pantai,2025-07-17 08:47:13,2025-07-26 08:47:13
658,658,11.08.13.2017,Tambang Pasir,2025-01-02 22:20:14,2025-01-25 22:20:14
659,659,11.08.13.2017,Camping Ground,2025-10-11 01:18:20,2025-11-03 01:18:20
660,660,11.08.13.2017,Warung Makan,2025-04-06 11:05:47,2025-04-08 11:05:47
661,661,11.08.13.2017,Industri Keramik,2025-04-19 03:52:36,2025-05-17 03:52:36
662,662,11.08.13.2017,Peternakan Sapi,2025-04-01 03:30:08,2025-04-23 03:30:08
663,663,11.08.13.2017,Ternak Domba,2025-05-22 02:29:29,2025-05-22 02:29:29
664,664,11.08.13.2017,Kebun Kakao,2025-05-31 15:32:45,2025-06-11 15:32:45
665,665,11.08.13.2017,Energi Angin,2025-10-26 08:56:51,2025-10-29 08:56:51
666,666,11.08.13.2017,Kebun Karet,2025-06-14 21:06:47,2025-06-23 21:06:47
667,667,11.08.13.2017,Camping Ground,2025-05-13 20:26:02,2025-06-01 20:26:02
668,668,11.08.13.2017,Wisata Religi,2025-04-04 17:32:06,2025-04-05 17:32:06
669,669,11.08.13.2017,Mata Air,2025-09-10 17:10:20,2025-09-23 17:10:20
670,670,11.08.13.2017,Kolam Ikan,2025-05-05 06:14:04,2025-05-24 06:14:04
671,671,11.08.13.2017,Getah Karet,2025-10-08 21:54:21,2025-10-08 21:54:21
672,672,11.08.13.2017,Lahan Kering,2025-02-09 00:56:09,2025-03-01 00:56:09
673,673,11.08.13.2017,Wisata Religi,2025-01-13 06:43:39,2025-02-11 06:43:39
674,674,11.08.13.2017,Kerajinan Tangan,2025-07-19 15:10:40,2025-08-08 15:10:40
675,675,11.08.13.2017,Kolam Ikan,2025-05-15 04:36:28,2025-05-16 04:36:28
676,676,11.08.13.2017,Perikanan Laut,2025-06-28 14:14:46,2025-07-27 14:14:46
677,677,11.08.13.2017,Lahan Kering,2025-10-30 23:59:58,2025-11-05 23:59:58
678,678,11.08.13.2017,Wisata Kuliner,2025-05-01 23:44:08,2025-05-11 23:44:08
679,679,11.08.13.2017,Hutan Produksi,2025-10-12 01:54:03,2025-10-19 01:54:03
680,680,11.08.13.2017,Wisata Pantai,2025-08-04 11:39:10,2025-08-31 11:39:10
681,681,11.08.13.2017,Tambak Bandeng,2025-08-11 22:36:11,2025-08-25 22:36:11
682,682,11.08.13.2017,Hidroponik,2025-10-15 00:59:33,2025-11-06 00:59:33
683,683,11.08.13.2017,Tanaman Pangan,2025-06-18 10:55:15,2025-06-28 10:55:15
684,684,11.08.13.2017,Wisata Budaya,2025-02-17 11:16:43,2025-03-13 11:16:43
685,685,11.08.13.2017,Agroforestry,2025-04-08 21:25:08,2025-04-11 21:25:08
686,686,11.08.13.2017,Wisata Pantai,2025-08-29 07:41:57,2025-09-15 07:41:57
687,687,11.08.13.2017,Industri Furniture,2025-10-25 12:28:22,2025-11-01 12:28:22
688,688,11.08.13.2017,Lahan Pertanian Subur,2025-02-10 16:40:50,2025-03-07 16:40:50
689,689,11.08.13.2017,Jasa Transportasi,2025-05-02 18:02:19,2025-05-30 18:02:19
690,690,11.08.13.2017,Wisata Danau,2025-05-18 06:34:48,2025-05-23 06:34:48
691,691,11.08.13.2017,Camping Ground,2025-07-26 23:44:26,2025-08-08 23:44:26
692,692,11.08.13.2017,Greenhouse,2025-07-07 19:55:46,2025-08-06 19:55:46
693,693,11.08.13.2017,Industri Furniture,2025-04-17 11:50:36,2025-05-15 11:50:36
694,694,11.08.13.2017,Laundry,2025-03-13 15:44:41,2025-03-28 15:44:41
695,695,11.08.13.2017,Warnet,2025-07-05 02:20:36,2025-08-03 02:20:36
696,696,11.08.13.2017,Budidaya Ikan,2025-08-16 00:33:42,2025-09-15 00:33:42
697,697,11.08.13.2017,Getah Karet,2025-07-07 18:56:22,2025-07-30 18:56:22
698,698,11.08.13.2017,Bengkel,2025-01-02 09:11:26,2025-01-05 09:11:26
699,699,11.08.13.2017,Hutan Rakyat,2025-08-02 23:42:46,2025-08-07 23:42:46
700,700,11.08.13.2017,Getah Karet,2025-02-27 03:26:44,2025-03-14 03:26:44
701,701,11.08.13.2017,Wisata Air Terjun,2025-10-15 02:51:16,2025-10-15 02:51:16
702,702,11.08.13.2017,Tanaman Pangan,2025-01-08 01:23:46,2025-01-11 01:23:46
703,703,11.08.13.2017,Pembenihan Ikan,2025-07-16 15:07:08,2025-08-14 15:07:08
704,704,11.08.13.2017,Warung Makan,2025-07-10 01:58:45,2025-07-27 01:58:45
705,705,11.08.13.2017,Mata Air,2025-01-10 21:41:45,2025-01-18 21:41:45
706,706,11.08.13.2017,Wisata Alam,2025-09-24 22:08:09,2025-10-10 22:08:09
707,707,11.08.13.2017,Batu Kapur,2025-04-09 23:34:55,2025-04-18 23:34:55
708,708,11.08.13.2017,Peternakan Bebek,2025-04-01 20:13:02,2025-04-10 20:13:02
709,709,11.08.13.2017,Hutan Produksi,2025-10-07 15:22:12,2025-11-02 15:22:12
710,710,11.08.13.2017,Desa Wisata,2025-01-12 06:11:34,2025-02-04 06:11:34
711,711,11.08.13.2017,Bengkel,2025-06-14 12:57:22,2025-07-12 12:57:22
712,712,11.08.13.2017,Tanaman Pangan,2025-02-23 14:10:39,2025-03-24 14:10:39
713,713,11.08.13.2017,Danau,2025-09-13 17:20:33,2025-09-20 17:20:33
714,714,11.08.13.2017,Keramba Jaring Apung,2025-07-23 16:14:28,2025-08-06 16:14:28
715,715,11.08.13.2017,Tanaman Kayu,2025-09-08 23:41:42,2025-09-10 23:41:42
716,716,11.08.13.2017,Warnet,2025-06-27 20:58:17,2025-07-20 20:58:17
717,717,11.08.13.2017,Keramba Jaring Apung,2025-08-20 13:56:08,2025-09-07 13:56:08
718,718,11.08.13.2017,Sumber Air Bersih,2025-07-16 23:27:25,2025-07-22 23:27:25
719,719,11.08.13.2017,Hasil Hutan Non-Kayu,2025-10-10 23:14:48,2025-11-08 23:14:48
720,720,11.08.13.2017,Getah Karet,2025-09-17 15:39:26,2025-10-04 15:39:26
721,721,11.08.13.2017,Kolam Ikan,2025-05-15 09:44:07,2025-06-11 09:44:07
722,722,11.08.13.2017,Pengolahan Hasil Pertanian,2025-06-27 03:44:11,2025-07-03 03:44:11
723,723,11.08.13.2017,Warung Makan,2025-09-21 03:29:10,2025-10-12 03:29:10
724,724,11.08.13.2017,Wisata Budaya,2025-02-27 16:50:32,2025-03-03 16:50:32
725,725,11.08.13.2017,Kebun Karet,2025-06-14 22:27:42,2025-06-19 22:27:42
726,726,11.08.13.2017,Hutan Lindung,2024-12-28 16:15:58,2025-01-18 16:15:58
727,727,11.08.13.2017,Mineral Non-Logam,2025-03-13 22:06:35,2025-03-19 22:06:35
728,728,11.08.13.2017,Industri Minuman,2025-08-13 04:44:19,2025-08-28 04:44:19
729,729,11.08.13.2017,Perikanan Laut,2025-06-05 00:31:03,2025-06-29 00:31:03
730,730,11.08.13.2017,Agroforestry,2025-08-26 21:41:57,2025-09-03 21:41:57
731,731,11.08.13.2017,Lahan Pertanian Subur,2025-08-21 10:47:45,2025-09-03 10:47:45
732,732,11.08.13.2017,Pembenihan Ikan,2025-02-11 23:17:35,2025-02-22 23:17:35
733,733,11.08.13.2017,Kerajinan Tangan,2025-03-09 02:33:38,2025-03-12 02:33:38
734,734,11.08.13.2017,Kebun Kopi,2025-06-06 14:06:45,2025-06-08 14:06:45
735,735,11.08.13.2017,Wisata Sejarah,2025-03-19 11:49:12,2025-03-27 11:49:12
736,736,11.08.13.2017,Jasa Transportasi,2025-06-27 16:55:54,2025-07-15 16:55:54
737,737,11.08.13.2017,Industri Batik,2025-05-18 12:31:26,2025-05-31 12:31:26
738,738,11.08.13.2017,Sawah Tadah Hujan,2025-06-23 19:16:40,2025-07-12 19:16:40
739,739,11.08.13.2017,Peternakan Bebek,2025-10-19 03:14:20,2025-11-01 03:14:20
740,740,11.08.13.2017,Budidaya Ikan,2025-09-27 23:25:28,2025-10-15 23:25:28
741,741,11.08.13.2017,Irigasi Teknis,2025-10-03 17:14:01,2025-10-17 17:14:01
742,742,11.08.13.2017,Kebun Sayur,2025-07-11 02:24:47,2025-08-02 02:24:47
743,743,11.08.13.2017,Lahan Pertanian Subur,2025-01-25 21:14:25,2025-02-16 21:14:25
744,744,11.08.13.2017,Energi Angin,2025-10-15 02:50:49,2025-10-18 02:50:49
745,745,11.08.13.2017,Kebun Cengkeh,2025-02-12 14:36:04,2025-02-25 14:36:04
746,746,11.08.13.2017,Pengolahan Hasil Pertanian,2025-01-20 05:35:47,2025-01-26 05:35:47
747,747,11.08.13.2017,Budidaya Ikan,2025-02-17 05:24:36,2025-03-14 05:24:36
748,748,11.08.13.2017,Wisata Alam,2025-02-17 07:49:52,2025-03-15 07:49:52
749,749,11.08.13.2017,Peternakan Ayam,2025-04-27 06:32:15,2025-05-19 06:32:15
750,750,11.08.13.2017,Danau,2025-06-21 21:35:02,2025-07-02 21:35:02
751,751,11.08.13.2017,Kolam Ikan,2025-08-20 06:32:58,2025-09-05 06:32:58
752,752,11.08.13.2017,Jasa Transportasi,2025-03-03 14:45:42,2025-03-28 14:45:42
753,753,11.08.13.2017,Warnet,2025-01-07 08:58:18,2025-01-16 08:58:18
754,754,11.08.13.2017,Kebun Karet,2025-06-10 12:42:20,2025-07-10 12:42:20
755,755,11.08.13.2017,Budidaya Lele,2025-03-13 08:36:24,2025-04-03 08:36:24
756,756,11.08.13.2017,Budidaya Ikan,2025-06-30 01:01:49,2025-07-10 01:01:49
757,757,11.08.13.2017,Salon,2025-05-27 03:01:30,2025-06-08 03:01:30
758,758,11.08.13.2017,Biogas,2025-01-03 04:22:12,2025-01-06 04:22:12
759,759,11.08.13.2017,Kebun Karet,2025-03-01 06:01:28,2025-03-25 06:01:28
760,760,11.08.13.2017,Pasar Tradisional,2025-03-01 03:21:45,2025-03-08 03:21:45
761,761,11.08.13.2017,Industri Keramik,2025-03-21 13:30:02,2025-04-07 13:30:02
762,762,11.08.13.2017,Irigasi Teknis,2025-05-24 08:07:29,2025-06-17 08:07:29
763,763,11.08.13.2017,Tambak Udang,2025-03-26 09:40:44,2025-04-13 09:40:44
764,764,11.08.13.2017,Pembenihan Ikan,2025-05-20 11:26:39,2025-06-05 11:26:39
765,765,11.08.13.2017,Homestay,2025-07-02 11:26:51,2025-07-19 11:26:51
766,766,11.08.13.2017,Industri Keramik,2025-02-10 06:14:31,2025-02-15 06:14:31
767,767,11.08.13.2017,Peternakan Bebek,2025-04-07 03:43:52,2025-05-04 03:43:52
768,768,11.08.13.2017,Mineral Non-Logam,2025-05-09 08:53:48,2025-05-09 08:53:48
769,769,11.08.13.2017,Wisata Air Terjun,2025-05-15 15:29:41,2025-05-31 15:29:41
770,770,11.08.13.2017,Industri Furniture,2025-05-12 10:08:02,2025-05-17 10:08:02
771,771,11.08.13.2017,Wisata Kuliner,2025-04-02 17:04:07,2025-05-01 17:04:07
772,772,11.08.13.2017,Wisata Gunung,2025-08-19 19:12:34,2025-08-30 19:12:34
773,773,11.08.13.2017,Pengolahan Kayu,2025-03-27 21:09:56,2025-03-27 21:09:56
774,774,11.08.13.2017,Industri Keramik,2025-09-02 21:46:47,2025-09-25 21:46:47
775,775,11.08.13.2017,Industri Furniture,2025-03-01 23:22:35,2025-03-24 23:22:35
776,776,11.08.13.2017,Wisata Gunung,2025-07-29 20:16:43,2025-08-28 20:16:43
777,777,11.08.13.2017,Energi Angin,2025-02-01 12:41:37,2025-02-17 12:41:37
778,778,11.08.13.2017,Agroforestry,2024-12-31 19:49:39,2025-01-05 19:49:39
779,779,11.08.13.2017,Biogas,2025-03-30 09:29:46,2025-04-29 09:29:46
780,780,11.08.13.2017,Kebun Cengkeh,2025-09-19 00:21:00,2025-09-19 00:21:00
781,781,11.08.13.2017,Biogas,2025-05-01 14:26:26,2025-05-11 14:26:26
782,782,11.08.13.2017,Perkebunan Rakyat,2025-09-14 19:14:05,2025-09-23 19:14:05
783,783,11.08.13.2017,Biomassa,2025-03-01 20:41:24,2025-03-07 20:41:24
784,784,11.08.13.2017,Lahan Pertanian Subur,2025-02-14 20:30:35,2025-02-17 20:30:35
785,785,11.08.13.2017,Industri Rumah Tangga,2025-05-21 20:15:44,2025-05-24 20:15:44
786,786,11.08.13.2017,Industri Rotan,2025-04-25 12:07:12,2025-05-20 12:07:12
787,787,11.08.13.2017,Tanaman Kayu,2025-07-24 04:48:49,2025-08-04 04:48:49
788,788,11.08.13.2017,Lahan Pertanian Subur,2025-04-21 09:19:53,2025-05-03 09:19:53
789,789,11.08.13.2017,Wisata Sejarah,2025-03-15 18:52:11,2025-03-24 18:52:11
790,790,11.08.13.2017,Galian C,2025-02-17 14:51:18,2025-03-12 14:51:18
791,791,11.08.13.2017,Kebun Kopi,2025-08-09 01:34:26,2025-08-30 01:34:26
792,792,11.08.13.2017,Tanaman Pangan,2025-01-27 06:17:49,2025-02-18 06:17:49
793,793,11.08.13.2017,Desa Wisata,2025-09-15 05:29:52,2025-09-21 05:29:52
794,794,11.08.13.2017,Wisata Alam,2025-04-26 17:03:11,2025-05-02 17:03:11
795,795,11.08.13.2017,Pengolahan Hasil Pertanian,2025-09-27 02:27:00,2025-10-04 02:27:00
796,796,11.08.13.2017,Agrowisata,2025-06-27 22:22:04,2025-07-06 22:22:04
797,797,11.08.13.2017,Biogas,2025-04-02 06:04:13,2025-04-14 06:04:13
798,798,11.08.13.2017,Tambang Pasir,2025-03-06 22:40:21,2025-03-13 22:40:21
799,799,11.08.13.2017,Hutan Produksi,2025-10-13 00:28:50,2025-10-22 00:28:50
800,800,11.08.13.2017,Peternakan Ayam,2025-03-30 17:50:20,2025-04-28 17:50:20
801,801,11.08.13.2017,Budidaya Ikan,2025-04-10 13:02:38,2025-04-27 13:02:38
802,802,11.08.13.2017,Perikanan Darat,2025-03-16 16:05:58,2025-04-02 16:05:58
803,803,11.08.13.2017,Danau,2025-01-10 14:26:25,2025-02-07 14:26:25
804,804,11.08.13.2017,Wisata Air Terjun,2025-10-16 06:28:20,2025-11-05 06:28:20
805,805,11.08.13.2017,Tambang Batu,2025-02-10 21:27:47,2025-02-16 21:27:47
806,806,11.08.13.2017,Getah Karet,2025-07-20 03:32:48,2025-08-02 03:32:48
807,807,11.08.13.2017,Jasa Transportasi,2025-04-11 04:50:58,2025-05-11 04:50:58
808,808,11.08.13.2017,Mata Air,2025-03-13 15:59:41,2025-04-05 15:59:41
809,809,11.08.13.2017,Tambak Bandeng,2025-01-02 01:41:33,2025-01-06 01:41:33
810,810,11.08.13.2017,Galian C,2025-03-20 05:36:56,2025-04-12 05:36:56
811,811,11.08.13.2017,Hidroponik,2025-03-06 10:19:44,2025-03-24 10:19:44
812,812,11.08.13.2017,Agrowisata,2025-04-19 08:34:06,2025-04-23 08:34:06
813,813,11.08.13.2017,Mikrohidro,2025-04-19 10:26:15,2025-05-16 10:26:15
814,814,11.08.13.2017,Pasar Tradisional,2025-08-22 07:00:33,2025-09-15 07:00:33
815,815,11.08.13.2017,Bengkel,2025-05-23 20:37:56,2025-06-11 20:37:56
816,816,11.08.13.2017,Jasa Konstruksi,2025-06-12 09:16:40,2025-06-18 09:16:40
817,817,11.08.13.2017,Kebun Sayur,2025-09-02 00:26:48,2025-09-04 00:26:48
818,818,11.08.13.2017,Warnet,2025-02-21 11:48:43,2025-02-22 11:48:43
819,819,11.08.13.2017,Fotocopy,2025-02-17 11:59:23,2025-02-18 11:59:23
820,820,11.08.13.2017,Pengolahan Ikan,2025-06-13 04:01:11,2025-06-13 04:01:11
821,821,11.08.13.2017,Getah Karet,2025-03-22 10:55:29,2025-04-10 10:55:29
822,822,11.08.13.2017,Tanaman Pangan,2025-06-26 21:24:18,2025-07-18 21:24:18
823,823,11.08.13.2017,Tambang Pasir,2025-01-24 04:56:19,2025-02-01 04:56:19
824,824,11.08.13.2017,Sawah Tadah Hujan,2025-01-31 04:25:40,2025-02-24 04:25:40
825,825,11.08.13.2017,Tambang Pasir,2025-03-28 14:33:45,2025-04-14 14:33:45
826,826,11.08.13.2017,Homestay,2025-05-04 00:33:57,2025-05-06 00:33:57
827,827,11.08.13.2017,Peternakan Kambing,2025-03-08 22:36:15,2025-03-09 22:36:15
828,828,11.08.13.2017,Ternak Domba,2025-06-01 18:11:04,2025-06-04 18:11:04
829,829,11.08.13.2017,Pasar Tradisional,2025-10-13 12:31:42,2025-10-20 12:31:42
830,830,11.08.13.2017,Hutan Lindung,2025-08-04 05:55:40,2025-08-27 05:55:40
831,831,11.08.13.2017,Galian C,2025-03-18 02:15:52,2025-03-27 02:15:52
832,832,11.08.13.2017,Industri Rotan,2025-01-23 07:30:39,2025-01-24 07:30:39
833,833,11.08.13.2017,Pasar Tradisional,2025-05-23 20:12:24,2025-06-05 20:12:24
834,834,11.08.13.2017,Pengolahan Ikan,2025-05-21 14:44:11,2025-05-24 14:44:11
835,835,11.08.13.2017,Lahan Kering,2025-05-18 15:08:17,2025-05-19 15:08:17
836,836,11.08.13.2017,Tanah Liat,2025-05-14 22:46:54,2025-06-08 22:46:54
837,837,11.08.13.2017,Industri Rotan,2025-01-14 04:17:33,2025-01-21 04:17:33
838,838,11.08.13.2017,Industri Furniture,2025-10-03 14:37:02,2025-10-22 14:37:02
839,839,11.08.13.2017,Getah Karet,2025-06-26 11:08:26,2025-06-26 11:08:26
840,840,11.08.13.2017,Wisata Gunung,2025-10-15 09:57:04,2025-10-31 09:57:04
841,841,11.08.13.2017,Industri Makanan,2025-06-12 23:30:03,2025-06-21 23:30:03
842,842,11.08.13.2017,Industri Minuman,2025-08-29 14:30:00,2025-09-19 14:30:00
843,843,11.08.13.2017,Lahan Kering,2025-07-14 22:03:14,2025-08-01 22:03:14
844,844,11.08.13.2017,Biogas,2025-01-24 05:01:26,2025-02-07 05:01:26
845,845,11.08.13.2017,Mineral Non-Logam,2025-02-08 22:49:34,2025-03-08 22:49:34
846,846,11.08.13.2017,Fotocopy,2025-02-25 22:35:57,2025-03-26 22:35:57
847,847,11.08.13.2017,Wisata Edukasi,2025-08-15 05:15:21,2025-09-06 05:15:21
848,848,11.08.13.2017,Tambang Pasir,2025-05-02 03:18:50,2025-05-27 03:18:50
849,849,11.08.13.2017,Tanaman Kayu,2025-08-17 19:23:02,2025-09-05 19:23:02
850,850,11.08.13.2017,Industri Gerabah,2025-08-27 09:40:13,2025-09-07 09:40:13
851,851,11.08.13.2017,Budidaya Lele,2025-08-18 22:25:06,2025-09-15 22:25:06
852,852,11.08.13.2017,Hidroponik,2025-08-15 18:50:30,2025-09-01 18:50:30
853,853,11.08.13.2017,Budidaya Lele,2025-07-09 05:28:09,2025-07-11 05:28:09
854,854,11.08.13.2017,Perkebunan Rakyat,2025-08-11 10:37:45,2025-09-02 10:37:45
855,855,11.08.13.2017,Pembenihan Ikan,2025-09-08 14:28:52,2025-09-20 14:28:52
856,856,11.08.13.2017,Sungai,2025-03-17 15:52:42,2025-04-03 15:52:42
857,857,11.08.13.2017,Toko Kelontong,2025-01-27 05:57:48,2025-02-16 05:57:48
858,858,11.08.13.2017,Lahan Pertanian Subur,2025-05-20 22:00:30,2025-05-24 22:00:30
859,859,11.08.13.2017,Wisata Pantai,2025-10-21 13:40:21,2025-11-14 13:40:21
860,860,11.08.13.2017,Sawah Tadah Hujan,2025-01-01 21:18:45,2025-01-11 21:18:45
861,861,11.08.13.2017,Hasil Hutan Non-Kayu,2025-07-16 14:14:08,2025-07-31 14:14:08
862,862,11.08.13.2017,Hidroponik,2025-02-05 19:57:51,2025-02-09 19:57:51
863,863,11.08.13.2017,Hidroponik,2025-10-30 11:59:33,2025-11-09 11:59:33
864,864,11.08.13.2017,Keramba Jaring Apung,2025-03-21 22:36:31,2025-04-08 22:36:31
865,865,11.08.13.2017,Industri Batik,2025-06-11 11:30:09,2025-06-13 11:30:09
866,866,11.08.13.2017,Wisata Religi,2025-07-12 01:30:50,2025-08-05 01:30:50
867,867,11.08.13.2017,Getah Karet,2025-08-05 20:53:55,2025-08-25 20:53:55
868,868,11.08.13.2017,Irigasi Teknis,2025-07-02 15:25:29,2025-07-08 15:25:29
869,869,11.08.13.2017,Industri Minuman,2025-07-01 07:53:09,2025-07-23 07:53:09
870,870,11.08.13.2017,Industri Rotan,2025-06-05 16:07:26,2025-06-22 16:07:26
871,871,11.08.13.2017,Sumber Air Bersih,2025-07-31 18:47:29,2025-08-21 18:47:29
872,872,11.08.13.2017,Wisata Edukasi,2025-08-07 18:23:58,2025-08-17 18:23:58
873,873,11.08.13.2017,Hutan Lindung,2025-07-20 19:15:30,2025-07-29 19:15:30
874,874,11.08.13.2017,Budidaya Nila,2025-07-11 18:21:06,2025-08-08 18:21:06
875,875,11.08.13.2017,Pembenihan Ikan,2025-02-24 05:48:15,2025-03-05 05:48:15
876,876,11.08.13.2017,Peternakan Ayam,2025-05-22 05:11:19,2025-05-27 05:11:19
877,877,11.08.13.2017,Bengkel,2025-08-17 06:07:42,2025-09-07 06:07:42
878,878,11.08.13.2017,Peternakan Kelinci,2025-09-28 10:21:28,2025-10-02 10:21:28
879,879,11.08.13.2017,Kebun Teh,2025-03-22 08:49:31,2025-04-07 08:49:31
880,880,11.08.13.2017,Mikrohidro,2025-06-05 12:06:44,2025-06-22 12:06:44
881,881,11.08.13.2017,Getah Karet,2025-03-06 17:14:59,2025-03-17 17:14:59
882,882,11.08.13.2017,Kebun Teh,2025-06-15 13:16:05,2025-07-07 13:16:05
883,883,11.08.13.2017,Wisata Budaya,2025-08-17 14:00:31,2025-09-09 14:00:31
884,884,11.08.13.2017,Mineral Non-Logam,2025-07-16 04:29:15,2025-08-15 04:29:15
885,885,11.08.13.2017,Wisata Sejarah,2025-01-25 21:38:29,2025-01-28 21:38:29
886,886,11.08.13.2017,Irigasi Teknis,2025-01-01 01:36:23,2025-01-06 01:36:23
887,887,11.08.13.2017,Perkebunan Rakyat,2025-06-04 12:57:31,2025-06-05 12:57:31
888,888,11.08.13.2017,Sungai,2025-09-09 19:14:09,2025-10-06 19:14:09
889,889,11.08.13.2017,Lahan Kering,2025-10-16 00:39:20,2025-10-29 00:39:20
890,890,11.08.13.2017,Tanah Liat,2025-06-21 15:21:37,2025-07-12 15:21:37
891,891,11.08.13.2017,Sawah Tadah Hujan,2025-04-10 22:37:52,2025-05-09 22:37:52
892,892,11.08.13.2017,Biogas,2025-10-13 22:17:51,2025-11-09 22:17:51
893,893,11.08.13.2017,Mineral Non-Logam,2025-06-25 18:58:14,2025-07-25 18:58:14
894,894,11.08.13.2017,Galian C,2025-10-17 16:53:29,2025-11-09 16:53:29
895,895,11.08.13.2017,Warnet,2025-02-19 15:46:56,2025-03-02 15:46:56
896,896,11.08.13.2017,Industri Furniture,2025-07-05 15:49:49,2025-08-03 15:49:49
897,897,11.08.13.2017,Agrowisata,2025-03-08 06:39:30,2025-03-15 06:39:30
898,898,11.08.13.2017,Peternakan Ayam,2025-01-17 19:18:32,2025-02-05 19:18:32
899,899,11.08.13.2017,Warnet,2025-09-22 16:45:35,2025-09-28 16:45:35
900,900,11.08.13.2017,Industri Rumah Tangga,2025-06-04 19:26:19,2025-06-27 19:26:19
901,901,11.08.13.2017,Tanah Liat,2025-01-04 02:11:06,2025-01-11 02:11:06
902,902,11.08.13.2017,Lahan Pertanian Subur,2025-06-28 15:46:31,2025-07-25 15:46:31
903,903,11.08.13.2017,Tambak Bandeng,2025-09-10 23:06:48,2025-10-07 23:06:48
904,904,11.08.13.2017,Hutan Lindung,2025-01-11 21:00:47,2025-01-27 21:00:47
905,905,11.08.13.2017,Hidroponik,2025-02-12 16:21:23,2025-03-13 16:21:23
906,906,11.08.13.2017,Biogas,2025-10-27 08:55:51,2025-10-31 08:55:51
907,907,11.08.13.2017,Industri Rotan,2025-07-07 02:19:46,2025-07-22 02:19:46
908,908,11.08.13.2017,Tanaman Kayu,2025-02-21 23:30:57,2025-02-26 23:30:57
909,909,11.08.13.2017,Kebun Lada,2025-02-21 19:43:12,2025-03-10 19:43:12
910,910,11.08.13.2017,Wisata Pantai,2025-10-29 03:32:14,2025-11-23 03:32:14
911,911,11.08.13.2017,Wisata Edukasi,2025-03-03 03:55:35,2025-03-05 03:55:35
912,912,11.08.13.2017,Perkebunan Rakyat,2025-09-24 12:52:05,2025-10-17 12:52:05
913,913,11.08.13.2017,Agrowisata,2025-03-15 22:34:35,2025-03-16 22:34:35
914,914,11.08.13.2017,Biogas,2025-07-18 11:12:18,2025-08-10 11:12:18
915,915,11.08.13.2017,Perikanan Darat,2025-07-04 13:31:36,2025-07-25 13:31:36
916,916,11.08.13.2017,Camping Ground,2025-01-26 10:36:51,2025-02-08 10:36:51
917,917,11.08.13.2017,Agroforestry,2025-03-29 03:51:58,2025-04-25 03:51:58
918,918,11.08.13.2017,Galian C,2025-03-03 15:16:15,2025-03-19 15:16:15
919,919,11.08.13.2017,Kebun Karet,2025-03-31 22:33:25,2025-04-10 22:33:25
920,920,11.08.13.2017,Kebun Teh,2025-04-07 22:12:27,2025-04-26 22:12:27
921,921,11.08.13.2017,Kebun Teh,2025-07-20 06:46:01,2025-08-19 06:46:01
922,922,11.08.13.2017,Sungai,2025-10-30 12:42:17,2025-11-25 12:42:17
923,923,11.08.13.2017,Peternakan Kelinci,2025-02-22 15:06:16,2025-03-15 15:06:16
924,924,11.08.13.2017,Pertanian Organik,2025-10-28 04:16:03,2025-11-01 04:16:03
925,925,11.08.13.2017,Laundry,2025-03-21 06:33:46,2025-03-31 06:33:46
926,926,11.08.13.2017,Industri Rotan,2025-04-18 07:14:33,2025-05-12 07:14:33
927,927,11.08.13.2017,Danau,2025-08-06 08:17:54,2025-08-15 08:17:54
928,928,11.08.13.2017,Hutan Produksi,2025-07-01 05:40:41,2025-07-07 05:40:41
929,929,11.08.13.2017,Budidaya Lele,2025-07-16 17:29:58,2025-08-09 17:29:58
930,930,11.08.13.2017,Tanaman Pangan,2025-06-30 04:58:38,2025-07-04 04:58:38
931,931,11.08.13.2017,Tambak Bandeng,2025-07-18 08:09:04,2025-07-25 08:09:04
932,932,11.08.13.2017,Perikanan Darat,2025-06-07 02:24:56,2025-06-15 02:24:56
933,933,11.08.13.2017,Peternakan Kambing,2025-03-06 08:44:53,2025-03-29 08:44:53
934,934,11.08.13.2017,Kebun Sayur,2025-07-12 01:17:13,2025-08-04 01:17:13
935,935,11.08.13.2017,Wisata Budaya,2025-04-20 00:03:06,2025-04-29 00:03:06
936,936,11.08.13.2017,Bengkel,2025-03-25 15:23:35,2025-04-07 15:23:35
937,937,11.08.13.2017,Pengolahan Kayu,2025-02-05 10:54:28,2025-02-28 10:54:28
938,938,11.08.13.2017,Mata Air,2025-08-25 03:49:01,2025-08-25 03:49:01
939,939,11.08.13.2017,Biomassa,2025-01-05 04:14:45,2025-01-30 04:14:45
940,940,11.08.13.2017,Biogas,2025-04-26 09:26:58,2025-04-27 09:26:58
941,941,11.08.13.2017,Pertanian Organik,2025-07-26 07:11:53,2025-08-09 07:11:53
942,942,11.08.13.2017,Wisata Budaya,2025-02-02 07:57:44,2025-02-08 07:57:44
943,943,11.08.13.2017,Peternakan Kambing,2025-04-17 23:59:25,2025-05-06 23:59:25
944,944,11.08.13.2017,Getah Karet,2025-06-02 14:40:54,2025-06-20 14:40:54
945,945,11.08.13.2017,Tambang Batu,2025-08-09 19:21:57,2025-08-11 19:21:57
946,946,11.08.13.2017,Kebun Karet,2025-08-20 17:06:51,2025-09-18 17:06:51
947,947,11.08.13.2017,Jasa Konstruksi,2025-01-13 08:46:20,2025-01-23 08:46:20
948,948,11.08.13.2017,Ternak Domba,2025-08-22 03:16:15,2025-09-14 03:16:15
949,949,11.08.13.2017,Industri Gerabah,2025-06-01 22:34:49,2025-06-02 22:34:49
950,950,11.08.13.2017,Energi Surya,2025-06-16 01:08:49,2025-07-10 01:08:49
951,951,11.08.13.2017,Wisata Edukasi,2025-05-31 19:58:30,2025-06-10 19:58:30
952,952,11.08.13.2017,Ternak Domba,2025-08-02 16:22:11,2025-08-04 16:22:11
953,953,11.08.13.2017,Peternakan Ayam,2025-09-28 04:52:45,2025-10-06 04:52:45
954,954,11.08.13.2017,Biomassa,2025-02-01 00:38:24,2025-02-01 00:38:24
955,955,11.08.13.2017,Perkebunan Rakyat,2025-02-13 14:13:46,2025-03-03 14:13:46
956,956,11.08.13.2017,Lahan Pertanian Subur,2025-10-18 13:08:31,2025-10-20 13:08:31
957,957,11.08.13.2017,Greenhouse,2025-05-05 13:26:08,2025-05-29 13:26:08
958,958,11.08.13.2017,Perikanan Darat,2025-07-14 19:21:21,2025-08-13 19:21:21
959,959,11.08.13.2017,Mata Air,2025-04-02 15:14:10,2025-04-25 15:14:10
960,960,11.08.13.2017,Galian C,2024-12-31 09:33:02,2025-01-28 09:33:02
961,961,11.08.13.2017,Bengkel,2025-01-17 12:16:35,2025-02-11 12:16:35
962,962,11.08.13.2017,Camping Ground,2025-01-12 16:36:50,2025-02-07 16:36:50
963,963,11.08.13.2017,Tanaman Pangan,2025-10-31 01:06:28,2025-11-17 01:06:28
964,964,11.08.13.2017,Laundry,2025-01-24 16:46:29,2025-02-23 16:46:29
965,965,11.08.13.2017,Mata Air,2025-10-01 11:08:46,2025-10-13 11:08:46
966,966,11.08.13.2017,Perikanan Darat,2025-08-17 16:03:33,2025-09-16 16:03:33
967,967,11.08.13.2017,Irigasi Teknis,2025-05-27 22:10:52,2025-06-22 22:10:52
968,968,11.08.13.2017,Jasa Konstruksi,2025-10-09 16:38:33,2025-11-06 16:38:33
969,969,11.08.13.2017,Kebun Sayur,2025-08-26 07:05:43,2025-08-26 07:05:43
970,970,11.08.13.2017,Hasil Hutan Non-Kayu,2025-09-07 08:04:46,2025-09-23 08:04:46
971,971,11.08.13.2017,Sawah Tadah Hujan,2025-07-21 06:13:36,2025-08-10 06:13:36
972,972,11.08.13.2017,Desa Wisata,2025-01-13 06:40:20,2025-01-17 06:40:20
973,973,11.08.13.2017,Pengolahan Hasil Pertanian,2025-03-08 09:36:09,2025-03-19 09:36:09
974,974,11.08.13.2017,Kebun Kakao,2025-09-09 00:49:47,2025-10-08 00:49:47
975,975,11.08.13.2017,Pasar Tradisional,2025-04-04 08:34:05,2025-04-04 08:34:05
976,976,11.08.13.2017,Biogas,2025-02-09 00:53:00,2025-02-25 00:53:00
977,977,11.08.13.2017,Laundry,2025-05-22 22:18:48,2025-06-09 22:18:48
978,978,11.08.13.2017,Wisata Pantai,2024-12-29 08:44:25,2025-01-11 08:44:25
979,979,11.08.13.2017,Jasa Transportasi,2025-07-02 15:08:47,2025-07-13 15:08:47
980,980,11.08.13.2017,Tambang Batu,2025-08-09 04:16:16,2025-08-14 04:16:16
981,981,11.08.13.2017,Pengolahan Kayu,2025-05-26 06:14:26,2025-05-27 06:14:26
982,982,11.08.13.2017,Industri Rotan,2025-07-10 15:55:26,2025-07-22 15:55:26
983,983,11.08.13.2017,Jasa Transportasi,2025-01-16 14:15:24,2025-01-23 14:15:24
984,984,11.08.13.2017,Jasa Transportasi,2024-12-27 03:21:16,2024-12-27 03:21:16
985,985,11.08.13.2017,Tanaman Pangan,2025-09-18 02:22:53,2025-09-25 02:22:53
986,986,11.08.13.2017,Industri Keramik,2025-05-21 10:58:52,2025-06-04 10:58:52
987,987,11.08.13.2017,Wisata Pantai,2025-05-04 00:04:18,2025-05-08 00:04:18
988,988,11.08.13.2017,Sungai,2025-05-05 22:07:38,2025-05-17 22:07:38
989,989,11.08.13.2017,Kebun Karet,2025-10-03 17:03:36,2025-10-12 17:03:36
990,990,11.08.13.2017,Ekowisata Hutan,2025-02-05 13:59:06,2025-02-26 13:59:06
991,991,11.08.13.2017,Lahan Kering,2025-10-05 02:06:09,2025-10-26 02:06:09
992,992,11.08.13.2017,Wisata Sejarah,2025-06-04 19:43:55,2025-06-26 19:43:55
993,993,11.08.13.2017,Perikanan Darat,2025-08-13 12:04:37,2025-08-30 12:04:37
994,994,11.08.13.2017,Energi Surya,2025-04-02 16:56:22,2025-05-01 16:56:22
995,995,11.08.13.2017,Tanaman Pangan,2025-07-05 14:41:24,2025-07-28 14:41:24
996,996,11.08.13.2017,Hidroponik,2025-10-29 13:48:35,2025-11-21 13:48:35
997,997,11.08.13.2017,Ekowisata Hutan,2025-01-19 10:27:22,2025-01-22 10:27:22
998,998,11.08.13.2017,Industri Rumah Tangga,2025-04-29 14:30:05,2025-05-04 14:30:05
999,999,11.08.13.2017,Fotocopy,2025-07-05 19:35:32,2025-07-06 19:35:32
1000,1000,11.08.13.2017,Warung Makan,2025-01-13 17:48:44,2025-01-24 17:48:44
